Time,Longitude,Latitude,Altitude,Roll (deg),Pitch (deg),Yaw (deg),Health
0.0,128.181881,37.92387,7000.2263856,-0.888,0.166,359.916,1.0
0.1,128.181881,37.92414,7000.40256,-4.892,1.124,359.774,1.0
0.2,128.18188,37.924409,7000.7259527999995,-11.547,2.063,359.661,1.0
0.3,128.18188,37.924678,7001.2249104,-20.195,3.068,359.388,1.0
0.4,128.181877,37.924947,7001.9381424,-28.717,5.28,358.519,1.0
0.5,128.181874,37.925215,7002.855285600001,-32.667,7.481,357.431,1.0
0.6,128.181868,37.925483,7003.9556136,-32.872,9.114,356.435,1.0
0.7,128.181861,37.92575,7005.221448,-30.313,10.326,355.674,1.0
0.8,128.181852,37.926017,7006.6762584,-25.59,11.276,355.165,1.0
0.9,128.181841,37.926283,7008.3477816,-19.062,12.088,354.894,1.0
1.0,128.18183,37.926549,7010.2561344,-10.94,12.843,354.851,1.0
1.1,128.181817,37.926813,7012.4260056,-2.859,13.58,354.936,1.0
1.2,128.181804,37.927077,7014.925365600001,1.592,14.348,355.069,1.0
1.3,128.181791,37.927339,7017.8276712,2.931,15.191,355.313,1.0
1.4,128.181778,37.9276,7021.1935776,1.785,16.103,355.582,1.0
1.5,128.181765,37.927859,7025.030400000001,-1.42,17.069,355.789,1.0
1.6,128.181752,37.928116,7029.334176,-6.421,18.061,355.86,1.0
1.7,128.181739,37.928371,7034.099114400001,-13.062,19.057,355.733,1.0
1.8,128.181724,37.928624,7039.31028,-21.264,20.033,355.351,1.0
1.9,128.181707,37.928876,7044.926220000001,-29.508,21.007,354.768,1.0
2.0,128.181687,37.929125,7050.8551896,-34.314,21.987,354.049,1.0
2.1,128.181666,37.929374,7057.0106256,-36.125,22.703,353.319,1.0
2.2,128.181643,37.929621,7063.295601600001,-35.148,21.848,353.746,1.0
2.3,128.181619,37.929867,7069.6491576,-32.045,20.02,354.878,1.0
2.4,128.181595,37.930114,7076.018868,-27.405,18.284,355.863,1.0
2.5,128.181571,37.930359,7082.3590128000005,-21.417,16.875,356.546,1.0
2.6,128.181546,37.930605,7088.6723352,-14.375,17.288,356.426,1.0
2.7,128.181521,37.93085,7095.015528000001,-6.388,19.582,355.91,1.0
2.8,128.181497,37.931094,7101.4641816,1.064,21.561,355.623,1.0
2.9,128.181472,37.931337,7108.0826088,4.49,21.118,355.404,1.0
3.0,128.181448,37.931579,7114.900070400001,4.528,19.176,355.172,1.0
3.1,128.181424,37.93182,7121.921748,1.818,17.655,355.007,1.0
3.2,128.1814,37.932059,7129.138497600001,-3.22,18.195,354.917,1.0
3.3,128.181376,37.932296,7136.587504800001,-10.25,20.767,354.6,1.0
3.4,128.181351,37.932532,7144.3120512000005,-18.885,23.159,353.989,1.0
3.5,128.181325,37.932766,7152.2779992000005,-27.123,23.39,353.944,1.0
3.6,128.181298,37.932999,7160.366172,-31.503,21.979,354.837,1.0
3.7,128.181271,37.933232,7168.4561736000005,-32.966,20.565,355.778,1.0
3.8,128.181244,37.933464,7176.451077600001,-32.204,19.465,356.526,1.0
3.9,128.181217,37.933696,7184.3460072,-29.908,19.904,356.252,1.0
4.0,128.18119,37.933928,7192.193083200001,-26.449,22.181,354.887,1.0
4.1,128.181163,37.93416,7200.0645432,-21.712,24.724,353.53,1.0
4.2,128.181135,37.934391,7208.026833600001,-15.651,26.792,352.679,1.0
4.3,128.181106,37.934621,7216.1439624,-8.897,28.466,352.252,1.0
4.4,128.181077,37.934849,7224.5018832000005,-2.694,29.677,352.157,1.0
4.5,128.181048,37.935075,7233.080174400001,3.319,29.127,352.379,1.0
4.6,128.181019,37.935301,7241.8297632,9.445,27.611,352.629,1.0
4.7,128.180991,37.935525,7250.7219984,16.046,27.334,353.096,1.0
4.8,128.180964,37.935748,7259.7742536000005,22.388,28.752,354.045,1.0
4.9,128.180938,37.935969,7269.0615096,26.259,30.528,355.183,1.0
5.0,128.180914,37.936189,7278.6489936,27.822,32.175,356.432,1.0
5.1,128.180894,37.936406,7288.547983200001,27.369,33.485,357.566,1.0
5.2,128.180875,37.936621,7298.719768800001,25.551,33.273,357.857,1.0
5.3,128.180859,37.936834,7309.068948,24.525,31.735,357.522,1.0
5.4,128.180843,37.937047,7319.515968000001,24.305,29.989,357.034,1.0
5.5,128.180828,37.937258,7330.023338400001,24.6,28.433,356.584,1.0
5.6,128.180814,37.937469,7340.5800864,25.472,28.326,356.836,1.0
5.7,128.180801,37.937678,7351.2096816,26.904,30.084,358.093,1.0
5.8,128.18079,37.937886,7361.9520528,28.514,32.355,359.739,1.0
5.9,128.18078,37.938093,7372.8373752,30.013,34.282,1.288,1.0
6.0,128.180772,37.938299,7383.8543712,30.898,34.731,1.883,1.0
6.1,128.180765,37.938503,7394.9792664,31.156,33.744,1.456,1.0
6.2,128.18076,37.938705,7406.184628800001,31.274,32.333,0.724,1.0
6.3,128.180755,37.938907,7417.424433600001,32.128,30.8,0.003,1.0
6.4,128.180751,37.939109,7428.614251200001,35.384,29.333,359.462,1.0
6.5,128.180747,37.93931,7439.739756000001,39.811,29.107,359.706,1.0
6.6,128.180745,37.939511,7450.871356800001,43.043,30.579,1.303,1.0
6.7,128.180744,37.93971,7462.0934832,44.306,32.65,3.611,1.0
6.8,128.180747,37.939908,7473.4485024,44.232,34.473,5.917,1.0
6.9,128.180751,37.940104,7484.8879512,44.172,35.11,7.099,1.0
7.0,128.180758,37.940299,7496.370072000001,43.782,34.522,6.778,1.0
7.1,128.180765,37.940493,7507.8866352000005,43.316,33.424,5.842,1.0
7.2,128.180775,37.940686,7519.4153904,42.918,32.172,4.767,1.0
7.3,128.180784,37.940878,7530.9222,43.242,30.823,3.706,1.0
7.4,128.180795,37.941071,7542.352809600001,45.023,29.544,2.764,1.0
7.5,128.180805,37.941263,7553.729774400001,46.638,29.304,2.742,1.0
7.6,128.180817,37.941454,7565.081440800001,48.503,30.436,4.372,1.0
7.7,128.180831,37.941644,7576.432192800001,50.537,32.179,6.979,1.0
7.8,128.180846,37.941833,7587.8073288000005,52.454,33.807,9.683,1.0
7.9,128.180863,37.942022,7599.2056296,53.606,34.556,11.201,1.0
8.0,128.180882,37.942209,7610.6149032,53.727,34.237,11.03,1.0
8.1,128.180902,37.942395,7622.0278344,53.342,33.376,9.996,1.0
8.2,128.180924,37.94258,7633.427354400001,52.844,32.336,8.709,1.0
8.3,128.180947,37.942765,7644.794260800001,52.432,31.317,7.491,1.0
8.4,128.180971,37.942949,7656.1191048,52.637,31.02,7.378,1.0
8.5,128.180996,37.943132,7667.4110304,53.757,31.84,8.995,1.0
8.6,128.181022,37.943315,7678.692592800001,55.409,33.198,11.595,1.0
8.7,128.18105,37.943496,7689.9866520000005,57.19,34.568,14.428,1.0
8.8,128.181081,37.943677,7701.3096672,58.893,35.757,17.15,1.0
8.9,128.181114,37.943856,7712.677488000001,59.974,36.778,19.619,1.0
9.0,128.18115,37.944032,7724.1285192000005,59.32,37.742,21.819,1.0
9.1,128.18119,37.944207,7735.685316,57.196,38.657,23.82,1.0
9.2,128.181234,37.944379,7747.352145600001,54.17,39.557,25.652,1.0
9.3,128.18128,37.944548,7759.137542400001,50.694,40.481,27.314,1.0
9.4,128.18133,37.944714,7771.0540032,47.088,41.455,28.801,1.0
9.5,128.181382,37.944878,7783.114024800001,43.56,42.493,30.114,1.0
9.6,128.181435,37.945039,7795.322484000001,40.947,43.55,31.323,1.0
9.7,128.181491,37.945197,7807.642500000001,41.013,44.551,32.552,1.0
9.8,128.181548,37.945354,7820.025000000001,43.563,45.488,33.779,1.0
9.9,128.181606,37.945509,7832.4550488,48.05,46.311,34.997,1.0
10.0,128.181666,37.945661,7844.946972000001,53.025,47.019,36.157,1.0
10.1,128.181727,37.945811,7857.526068,56.501,47.642,37.23,1.0
10.2,128.181792,37.945957,7870.216111200001,58.329,48.168,38.297,1.0
10.3,128.181858,37.946099,7883.020759200001,58.596,48.635,39.396,1.0
10.4,128.181928,37.946238,7895.952204,57.497,49.083,40.531,1.0
10.5,128.182,37.946374,7909.033610400001,55.354,49.544,41.681,1.0
10.6,128.182074,37.946507,7922.2588824,52.643,50.052,42.843,1.0
10.7,128.18215,37.946636,7935.6274104,49.738,50.632,43.995,1.0
10.8,128.182228,37.946763,7949.1416328000005,46.887,51.302,45.115,1.0
10.9,128.182307,37.946887,7962.805512,44.239,52.067,46.185,1.0
11.0,128.182387,37.947008,7976.623924800001,41.864,52.927,47.195,1.0
11.1,128.182468,37.947125,7990.600528800001,39.774,53.876,48.137,1.0
11.2,128.18255,37.94724,8004.7377624,37.942,54.901,49.011,1.0
11.3,128.182632,37.947352,8019.037454400001,36.313,55.992,49.817,1.0
11.4,128.182714,37.94746,8033.4989952000005,34.834,57.134,50.559,1.0
11.5,128.182796,37.947565,8048.1217752,33.458,58.315,51.246,1.0
11.6,128.182878,37.947668,8062.9018320000005,32.163,59.523,51.885,1.0
11.7,128.18296,37.947767,8077.8358128,30.937,60.756,52.454,1.0
11.8,128.183041,37.947864,8092.918536,29.751,62.02,52.913,1.0
11.9,128.183121,37.947957,8108.1457344,28.581,63.295,53.3,1.0
12.0,128.1832,37.948047,8123.5122264,27.404,64.57,53.638,1.0
12.1,128.183279,37.948135,8139.0128304,26.199,65.839,53.938,1.0
12.2,128.183356,37.94822,8154.6414504,24.948,67.097,54.201,1.0
12.3,128.183431,37.948302,8170.3926,23.631,68.345,54.421,1.0
12.4,128.183505,37.948381,8186.260183200001,22.23,69.583,54.589,1.0
12.5,128.183578,37.948457,8202.2377992,20.732,70.812,54.69,1.0
12.6,128.183649,37.948531,8218.3190472,19.123,72.032,54.707,1.0
12.7,128.183717,37.948602,8234.4975264,17.388,73.245,54.617,1.0
12.8,128.183784,37.948671,8250.7665312,15.508,74.451,54.389,1.0
12.9,128.183849,37.948737,8267.116308,13.904,75.645,54.065,1.0
13.0,128.183912,37.948801,8283.523082400001,13.483,76.814,53.775,1.0
13.1,128.183974,37.948864,8299.9746624,13.914,77.943,53.501,1.0
13.2,128.184034,37.948925,8316.4683048,14.928,79.016,53.3,1.0
13.3,128.184092,37.948983,8333.001876,16.354,80.026,53.276,1.0
13.4,128.184148,37.94904,8349.570499200001,18.103,80.972,53.552,1.0
13.5,128.184203,37.949095,8366.168992800001,20.157,81.862,54.261,1.0
13.6,128.184256,37.949147,8382.794308800001,22.304,82.704,55.492,1.0
13.7,128.184307,37.949197,8399.451324000001,24.009,83.514,57.256,1.0
13.8,128.184356,37.949245,8416.136076,25.459,84.31,59.695,1.0
13.9,128.184403,37.94929,8432.843078400001,26.936,85.109,62.956,1.0
14.0,128.184448,37.949332,8449.5653208,28.851,85.921,67.266,1.0
14.1,128.18449,37.949373,8466.2973168,31.979,86.747,73.151,1.0
14.2,128.184531,37.949411,8483.032056,37.9,87.577,81.97,1.0
14.3,128.184569,37.949447,8499.7649664,50.959,88.373,97.904,1.0
14.4,128.184604,37.949481,8516.490256800002,84.591,88.949,134.276,1.0
14.5,128.184638,37.949513,8533.2027456,136.228,88.803,188.457,1.0
14.6,128.184669,37.949544,8549.8966416,161.407,88.113,215.952,1.0
14.7,128.184697,37.949573,8566.5603624,171.422,87.765,228.043,1.0
14.8,128.184723,37.9496,8583.1902504,-179.283,87.986,239.201,1.0
14.9,128.184748,37.949627,8599.7860008,-159.632,88.58,260.287,1.0
15.0,128.18477,37.949653,8616.3482232,-105.992,88.903,314.415,1.0
15.1,128.184792,37.949678,8632.879051200001,-60.75,88.109,359.298,1.0
15.2,128.184812,37.949702,8649.37818,-50.221,87.168,8.336,1.0
15.3,128.184833,37.949727,8665.841342400001,-54.037,86.777,2.073,1.0
15.4,128.184852,37.949751,8682.2715864,-65.866,86.733,347.023,1.0
15.5,128.184871,37.949774,8698.6710456,-83.288,86.638,325.789,1.0
15.6,128.184889,37.949797,8715.0409392,-101.142,86.214,303.719,1.0
15.7,128.184906,37.94982,8731.380047999999,-114.921,85.467,285.518,1.0
15.8,128.184922,37.949841,8747.6734368,-124.375,84.541,271.645,1.0
15.9,128.184937,37.949863,8763.8958072,-130.993,83.552,260.808,1.0
16.0,128.184951,37.949883,8780.0416728,-136.008,82.57,251.938,1.0
16.1,128.184965,37.949902,8796.1052424,-140.4,81.642,244.212,1.0
16.2,128.184977,37.94992,8812.083468,-144.796,80.785,237.096,1.0
16.3,128.184989,37.949937,8827.972996800001,-149.486,79.995,230.32,1.0
16.4,128.184999,37.949953,8843.7701712,-154.703,79.251,223.825,1.0
16.5,128.185009,37.949968,8859.4688952,-160.722,78.523,217.705,1.0
16.6,128.185018,37.949981,8875.063682400001,-167.368,77.79,212.006,1.0
16.7,128.185026,37.949992,8890.566115200001,-174.646,77.039,206.857,1.0
16.8,128.185034,37.950001,8905.998444,177.892,76.31,202.299,1.0
16.9,128.18504,37.950009,8921.3576208,170.671,75.68,198.299,1.0
17.0,128.185045,37.950015,8936.6424264,164.023,75.162,194.805,1.0
17.1,128.185049,37.950019,8951.851032,157.923,75.004,191.489,1.0
17.2,128.185052,37.950021,8966.9867904,152.412,75.203,188.216,1.0
17.3,128.185054,37.950023,8982.053054400001,147.514,75.712,184.975,1.0
17.4,128.185055,37.950023,8997.0522624,143.163,76.492,181.767,1.0
17.5,128.185056,37.950021,9011.988072,139.195,77.519,178.542,1.0
17.6,128.185056,37.950019,9026.8635312,135.375,78.768,175.206,1.0
17.7,128.185055,37.950016,9041.6813832,131.386,80.207,171.582,1.0
17.8,128.185055,37.950012,9056.4437616,126.698,81.799,167.286,1.0
17.9,128.185053,37.950008,9071.1521904,120.304,83.498,161.446,1.0
18.0,128.185052,37.950003,9085.8081936,109.901,85.223,151.877,1.0
18.1,128.18505,37.949997,9100.4123808,89.268,86.775,132.452,1.0
18.2,128.185049,37.949992,9114.9644472,47.502,87.532,92.342,1.0
18.3,128.185047,37.949987,9129.4643928,5.055,86.795,52.049,1.0
18.4,128.185045,37.949981,9143.911608,-16.281,85.255,33.144,1.0
18.5,128.185044,37.949976,9158.3097504,-26.72,83.597,24.896,1.0
18.6,128.185043,37.949972,9172.6606488,-32.6,82.002,21.022,1.0
18.7,128.185043,37.949968,9186.963084,-36.041,80.519,19.463,1.0
18.8,128.185044,37.949965,9201.2161416,-37.682,79.147,19.529,1.0
18.9,128.185045,37.949962,9215.4213456,-37.734,77.921,20.804,1.0
19.0,128.185048,37.949961,9229.5768672,-36.533,76.846,22.984,1.0
19.1,128.185052,37.94996,9243.6796584,-34.45,75.907,25.842,1.0
19.2,128.185056,37.94996,9257.724537600001,-32.004,75.084,29.163,1.0
19.3,128.185062,37.94996,9271.708456800001,-29.264,74.361,32.88,1.0
19.4,128.185068,37.949961,9285.6305016,-26.256,73.714,36.95,1.0
19.5,128.185075,37.949963,9299.490672,-23.012,73.114,41.321,1.0
19.6,128.185083,37.949965,9313.287444,-19.577,72.534,45.928,1.0
19.7,128.185092,37.949968,9327.0205128,-16.012,71.946,50.69,1.0
19.8,128.185103,37.949972,9340.6892688,-12.387,71.327,55.515,1.0
19.9,128.185114,37.949975,9354.292492800001,-8.782,70.661,60.309,1.0
20.0,128.185126,37.94998,9367.8295752,-5.271,69.94,64.981,1.0
20.1,128.185139,37.949984,9381.299906400001,-1.924,69.163,69.45,1.0
20.2,128.185153,37.949989,9394.7028768,1.203,68.333,73.645,1.0
20.3,128.185168,37.949994,9408.037572000001,4.074,67.462,77.515,1.0
20.4,128.185185,37.949999,9421.303077600001,6.664,66.565,81.02,1.0
20.5,128.185202,37.950005,9434.498784000001,8.962,65.656,84.14,1.0
20.6,128.185221,37.95001,9447.6240816,10.969,64.755,86.862,1.0
20.7,128.18524,37.950016,9460.6783608,12.692,63.876,89.185,1.0
20.8,128.185261,37.950021,9473.6604024,14.143,63.036,91.109,1.0
20.9,128.185283,37.950027,9486.569901600002,15.337,62.246,92.64,1.0
21.0,128.185306,37.950033,9499.4056392,16.169,61.521,93.776,1.0
21.1,128.18533,37.950038,9512.166396,16.382,60.878,94.511,1.0
21.2,128.185354,37.950044,9524.8509528,16.021,60.328,94.877,1.0
21.3,128.185379,37.950049,9537.4596144,15.135,59.865,94.899,1.0
21.4,128.185405,37.950054,9549.9917712,13.763,59.481,94.607,1.0
21.5,128.185432,37.950059,9562.447728000001,12.076,59.16,94.046,1.0
21.6,128.185459,37.950064,9574.8274848,10.416,58.877,93.273,1.0
21.7,128.185488,37.950069,9587.131346400001,8.783,58.609,92.321,1.0
21.8,128.185518,37.950074,9599.359008,7.172,58.345,91.224,1.0
21.9,128.185549,37.950079,9611.50986,5.583,58.074,90.023,1.0
22.0,128.18558,37.950084,9623.583597600002,4.021,57.791,88.756,1.0
22.1,128.185613,37.950088,9635.5796112,2.494,57.489,87.461,1.0
22.2,128.185647,37.950093,9647.497291200001,1.009,57.165,86.174,1.0
22.3,128.185682,37.950098,9659.336637600001,-0.423,56.817,84.93,1.0
22.4,128.185717,37.950103,9671.096736,-1.792,56.446,83.75,1.0
22.5,128.185754,37.950108,9682.777586400001,-3.086,56.052,82.634,1.0
22.6,128.185792,37.950113,9694.3782744,-4.3,55.638,81.611,1.0
22.7,128.185831,37.950119,9705.898495200001,-5.429,55.206,80.702,1.0
22.8,128.18587,37.950124,9717.337944,-6.469,54.762,79.924,1.0
22.9,128.185911,37.950129,9728.696011200002,-7.415,54.307,79.286,1.0
23.0,128.185952,37.950135,9739.9720872,-8.266,53.845,78.792,1.0
23.1,128.185995,37.950141,9751.1658672,-9.019,53.38,78.441,1.0
23.2,128.186038,37.950146,9762.2764368,-9.675,52.913,78.226,1.0
23.3,128.186083,37.950152,9773.303796,-10.233,52.445,78.137,1.0
23.4,128.186128,37.950158,9784.2473352,-10.694,51.977,78.163,1.0
23.5,128.186174,37.950164,9795.1064448,-11.061,51.51,78.29,1.0
23.6,128.186221,37.950171,9805.88082,-11.336,51.042,78.503,1.0
23.7,128.186269,37.950177,9816.570156000002,-11.524,50.573,78.786,1.0
23.8,128.186318,37.950183,9827.1732336,-11.545,50.103,79.135,1.0
23.9,128.186368,37.95019,9837.6876144,-11.204,49.624,79.555,1.0
24.0,128.18642,37.950197,9848.1114696,-10.513,49.13,80.024,1.0
24.1,128.186472,37.950203,9858.4441896,-9.583,48.619,80.507,1.0
24.2,128.186525,37.95021,9868.6882128,-8.663,48.095,80.959,1.0
24.3,128.186579,37.950217,9878.8444536,-7.769,47.567,81.373,1.0
24.4,128.186634,37.950224,9888.9132168,-6.903,47.036,81.744,1.0
24.5,128.18669,37.95023,9898.893283200001,-6.069,46.501,82.072,1.0
24.6,128.186747,37.950237,9908.7849576,-5.268,45.964,82.355,1.0
24.7,128.186804,37.950244,9918.5876304,-4.504,45.425,82.593,1.0
24.8,128.186863,37.950251,9928.3003872,-3.777,44.883,82.788,1.0
24.9,128.186922,37.950258,9937.923228000001,-3.089,44.34,82.941,1.0
25.0,128.186982,37.950266,9947.4555432,-2.441,43.794,83.054,1.0
25.1,128.187043,37.950273,9956.896723200001,-1.834,43.247,83.13,1.0
25.2,128.187105,37.95028,9966.246768,-1.269,42.697,83.172,1.0
25.3,128.187167,37.950287,9975.5044584,-0.745,42.146,83.181,1.0
25.4,128.18723,37.950295,9984.6697944,-0.262,41.592,83.162,1.0
25.5,128.187294,37.950302,9993.742166400001,0.18,41.036,83.116,1.0
25.6,128.187359,37.95031,10002.7212696,0.583,40.477,83.047,1.0
25.7,128.187425,37.950317,10011.606189600001,0.948,39.916,82.958,1.0
25.8,128.187492,37.950325,10020.3966216,1.276,39.352,82.85,1.0
25.9,128.187559,37.950332,10029.091956,1.569,38.785,82.726,1.0
26.0,128.187627,37.95034,10037.691888,1.829,38.214,82.59,1.0
26.1,128.187696,37.950348,10046.195808,2.057,37.64,82.443,1.0
26.2,128.187766,37.950356,10054.6028016,2.255,37.063,82.287,1.0
26.3,128.187836,37.950364,10062.9128688,2.425,36.482,82.124,1.0
26.4,128.187907,37.950372,10071.125095200001,2.569,35.897,81.957,1.0
26.5,128.187979,37.95038,10079.239176000001,2.69,35.307,81.787,1.0
26.6,128.188052,37.950389,10087.2545016,2.789,34.714,81.616,1.0
26.7,128.188126,37.950397,10095.170157600001,2.867,34.116,81.444,1.0
26.8,128.1882,37.950405,10102.986144,2.928,33.514,81.274,1.0
26.9,128.188276,37.950414,10110.7018512,2.973,32.907,81.107,1.0
27.0,128.188352,37.950423,10118.31606,3.003,32.295,80.943,1.0
27.1,128.188428,37.950432,10125.829075200001,3.022,31.679,80.784,1.0
27.2,128.188506,37.950441,10133.239677599999,3.029,31.058,80.629,1.0
27.3,128.188584,37.95045,10140.547257600001,3.027,30.432,80.48,1.0
27.4,128.188663,37.950459,10147.7518152,3.018,29.801,80.338,1.0
27.5,128.188743,37.950468,10154.8530456,2.943,29.166,80.197,1.0
27.6,128.188823,37.950477,10161.8564352,2.661,28.533,80.048,1.0
27.7,128.188904,37.950487,10168.764727200001,2.174,27.907,79.897,1.0
27.8,128.188986,37.950497,10175.577312000001,1.49,27.286,79.749,1.0
27.9,128.189068,37.950506,10182.2941896,0.617,26.671,79.608,1.0
28.0,128.189151,37.950516,10188.914445600001,-0.436,26.058,79.48,1.0
28.1,128.189234,37.950526,10195.438384800002,-1.663,25.449,79.37,1.0
28.2,128.189318,37.950536,10201.864787999999,-3.057,24.84,79.282,1.0
28.3,128.189402,37.950546,10208.1936552,-4.61,24.233,79.221,1.0
28.4,128.189487,37.950556,10214.424376800001,-6.315,23.625,79.192,1.0
28.5,128.189573,37.950566,10220.5563432,-8.165,23.018,79.197,1.0
28.6,128.189659,37.950576,10226.589249600001,-10.153,22.41,79.242,1.0
28.7,128.189746,37.950587,10232.5224864,-12.271,21.802,79.33,1.0
28.8,128.189833,37.950597,10238.3548344,-14.507,21.195,79.464,1.0
28.9,128.189921,37.950608,10244.0859888,-16.853,20.588,79.648,1.0
29.0,128.190009,37.950618,10249.7150352,-19.298,19.983,79.884,1.0
29.1,128.190098,37.950629,10255.241973600001,-21.84,19.382,80.176,1.0
29.2,128.190188,37.95064,10260.6664992,-24.486,18.787,80.523,1.0
29.3,128.190278,37.950651,10265.988002400001,-27.232,18.2,80.926,1.0
29.4,128.190369,37.950662,10271.206788,-30.074,17.624,81.388,1.0
29.5,128.19046,37.950673,10276.321636800001,-33.006,17.061,81.907,1.0
29.6,128.190552,37.950683,10281.3328536,-36.023,16.516,82.486,1.0
29.7,128.190645,37.950694,10286.2398288,-39.123,15.992,83.122,1.0
29.8,128.190738,37.950705,10291.0425624,-42.305,15.494,83.818,1.0
29.9,128.190831,37.950716,10295.741054400001,-45.574,15.031,84.576,1.0
30.0,128.190926,37.950727,10300.335000000001,-48.906,14.598,85.385,1.0
30.1,128.191021,37.950738,10304.825313600002,-52.299,14.199,86.241,1.0
30.2,128.191116,37.950748,10309.2116904,-55.751,13.84,87.142,1.0
30.3,128.191212,37.950759,10313.494740000002,-59.257,13.523,88.083,1.0
30.4,128.191308,37.950769,10317.675072,-62.818,13.253,89.061,1.0
30.5,128.191405,37.95078,10321.7529912,-66.414,13.035,90.071,1.0
30.6,128.191503,37.95079,10325.727888,-70.002,12.875,91.112,1.0
30.7,128.191601,37.9508,10329.601286399999,-73.58,12.775,92.176,1.0
30.8,128.1917,37.95081,10333.3744056,-77.148,12.736,93.257,1.0
30.9,128.191799,37.950819,10337.0484648,-80.706,12.761,94.348,1.0
31.0,128.191899,37.950829,10340.624988,-84.26,12.851,95.421,1.0
31.1,128.192,37.950838,10344.105194400001,-87.845,13.018,96.318,1.0
31.2,128.192101,37.950846,10347.4899984,-91.481,13.249,96.954,1.0
31.3,128.192202,37.950855,10350.7812288,-95.165,13.522,97.345,1.0
31.4,128.192304,37.950863,10353.9804096,-98.891,13.816,97.518,1.0
31.5,128.192406,37.950871,10357.0899792,-102.651,14.113,97.496,1.0
31.6,128.192509,37.950879,10360.1114616,-106.438,14.395,97.3,1.0
31.7,128.192612,37.950887,10363.0463808,-110.243,14.648,96.951,1.0
31.8,128.192716,37.950894,10365.8968704,-114.061,14.858,96.466,1.0
31.9,128.19282,37.950901,10368.6632352,-117.891,15.013,95.867,1.0
32.0,128.192925,37.950908,10371.3451704,-121.733,15.102,95.171,1.0
32.1,128.19303,37.950915,10373.941456800001,-125.603,15.117,94.396,1.0
32.2,128.193135,37.950922,10376.449351199999,-129.539,15.044,93.562,1.0
32.3,128.193241,37.950929,10378.8670248,-133.539,14.878,92.684,1.0
32.4,128.193348,37.950936,10381.192344000001,-137.601,14.615,91.781,1.0
32.5,128.193455,37.950943,10383.4228704,-141.721,14.251,90.868,1.0
32.6,128.193563,37.95095,10385.5564704,-145.883,13.779,89.96,1.0
32.7,128.193671,37.950957,10387.591010400001,-150.074,13.196,89.07,1.0
32.8,128.19378,37.950964,10389.5237472,-154.282,12.5,88.21,1.0
32.9,128.193889,37.950971,10391.3516328,-158.493,11.689,87.394,1.0
33.0,128.193999,37.950978,10393.071924,-162.695,10.765,86.636,1.0
33.1,128.194109,37.950986,10394.6809632,-166.874,9.73,85.947,1.0
33.2,128.19422,37.950993,10396.177226400001,-170.998,8.59,85.339,1.0
33.3,128.194332,37.951001,10397.5610184,-175.003,7.352,84.818,1.0
33.4,128.194444,37.951008,10398.8286816,-178.891,6.028,84.39,1.0
33.5,128.194556,37.951016,10399.9762536,177.332,4.636,84.066,1.0
33.6,128.194669,37.951024,10400.999772000001,173.663,3.197,83.852,1.0
33.7,128.194783,37.951031,10401.895884000001,170.098,1.728,83.752,1.0
33.8,128.194897,37.951039,10402.6606272,166.629,0.245,83.77,1.0
33.9,128.195012,37.951047,10403.290344000001,163.249,-1.245,83.906,1.0
34.0,128.195127,37.951055,10403.7829008,159.95,-2.723,84.156,1.0
34.1,128.195242,37.951063,10404.134640000002,156.724,-4.166,84.514,1.0
34.2,128.195358,37.95107,10404.3431232,153.567,-5.561,84.975,1.0
34.3,128.195474,37.951078,10404.405912000002,150.47,-6.897,85.531,1.0
34.4,128.195591,37.951085,10404.320568000001,147.428,-8.167,86.175,1.0
34.5,128.195709,37.951092,10404.085872,144.437,-9.364,86.899,1.0
34.6,128.195826,37.951099,10403.7006048,141.49,-10.481,87.694,1.0
34.7,128.195945,37.951106,10403.163547200002,138.581,-11.516,88.551,1.0
34.8,128.196064,37.951112,10402.4746992,135.709,-12.448,89.445,1.0
34.9,128.196183,37.951118,10401.63528,132.887,-13.164,90.247,1.0
35.0,128.196303,37.951124,10400.647728,130.113,-13.608,90.866,1.0
35.1,128.196423,37.95113,10399.513567200001,127.38,-13.811,91.292,1.0
35.2,128.196544,37.951135,10398.2364552,124.674,-13.806,91.528,1.0
35.3,128.196665,37.951139,10396.819744800001,121.97,-13.627,91.574,1.0
35.4,128.196787,37.951144,10395.267093600001,119.24,-13.304,91.434,1.0
35.5,128.196909,37.951148,10393.5833784,116.45,-12.87,91.117,1.0
35.6,128.197031,37.951151,10391.7731712,113.564,-12.356,90.639,1.0
35.7,128.197154,37.951155,10389.8407392,110.552,-11.796,90.012,1.0
35.8,128.197278,37.951158,10387.7909592,107.383,-11.217,89.249,1.0
35.9,128.197402,37.951161,10385.6277936,104.036,-10.648,88.361,1.0
36.0,128.197526,37.951164,10383.3552048,100.489,-10.112,87.359,1.0
36.1,128.197651,37.951166,10380.97746,96.72,-9.634,86.261,1.0
36.2,128.197776,37.951169,10378.4988264,92.707,-9.237,85.091,1.0
36.3,128.197902,37.951171,10375.9257048,88.435,-8.943,83.882,1.0
36.4,128.198028,37.951174,10373.259924,83.893,-8.771,82.653,1.0
36.5,128.198153,37.951176,10370.503617600001,79.084,-8.735,81.425,1.0
36.6,128.198279,37.951179,10367.6577,74.019,-8.847,80.217,1.0
36.7,128.198405,37.951181,10364.7227808,68.708,-9.118,79.045,1.0
36.8,128.198531,37.951184,10361.6991648,63.161,-9.553,77.93,1.0
36.9,128.198657,37.951187,10358.5865472,57.384,-10.153,76.89,1.0
37.0,128.198783,37.95119,10355.385537600001,51.385,-10.917,75.944,1.0
37.1,128.198909,37.951193,10352.095831200002,45.172,-11.838,75.111,1.0
37.2,128.199035,37.951196,10348.714989600001,38.743,-12.911,74.407,1.0
37.3,128.199161,37.9512,10345.2375264,32.09,-14.134,73.843,1.0
37.4,128.199288,37.951203,10341.6634416,25.208,-15.494,73.442,1.0
37.5,128.199416,37.951207,10337.993040000001,18.084,-16.969,73.228,1.0
37.6,128.199544,37.951211,10334.225712000001,10.705,-18.535,73.223,1.0
37.7,128.199673,37.951216,10330.3611528,3.056,-20.164,73.446,1.0
37.8,128.199802,37.95122,10326.399057600001,-4.877,-21.821,73.914,1.0
37.9,128.199931,37.951225,10322.336988,-13.122,-23.468,74.648,1.0
38.0,128.200061,37.95123,10318.1731152,-21.721,-25.059,75.674,1.0
38.1,128.200192,37.951236,10313.9043912,-30.67,-26.546,76.987,1.0
38.2,128.200323,37.951242,10309.5280728,-39.949,-27.86,78.551,1.0
38.3,128.200455,37.951248,10305.0432456,-49.456,-28.807,80.163,1.0
38.4,128.200587,37.951254,10300.448995200002,-59.059,-29.312,81.608,1.0
38.5,128.200719,37.951261,10295.7428832,-68.664,-29.441,82.768,1.0
38.6,128.200852,37.951268,10290.9218616,-78.193,-29.284,83.557,1.0
38.7,128.200985,37.951276,10285.9822728,-87.587,-28.949,83.916,1.0
38.8,128.201118,37.951284,10280.920459199999,-96.805,-28.552,83.82,1.0
38.9,128.201252,37.951292,10275.7312392,-105.799,-28.222,83.278,1.0
39.0,128.201386,37.951301,10270.408212000002,-114.519,-28.084,82.347,1.0
39.1,128.20152,37.951311,10264.9428432,-122.977,-28.2,81.132,1.0
39.2,128.201654,37.951321,10259.326293600001,-131.171,-28.608,79.751,1.0
39.3,128.201788,37.951332,10253.5485048,-139.085,-29.322,78.312,1.0
39.4,128.201923,37.951343,10247.607038400001,-146.691,-30.334,76.909,1.0
39.5,128.202056,37.951355,10241.502504000002,-153.962,-31.622,75.626,1.0
39.6,128.20219,37.951367,10235.2300248,-160.88,-33.145,74.536,1.0
39.7,128.202323,37.95138,10228.7856384,-167.447,-34.854,73.691,1.0
39.8,128.202455,37.951392,10222.164163200001,-173.687,-36.698,73.117,1.0
39.9,128.202587,37.951405,10215.362856000002,-179.61,-38.632,72.862,1.0
40.0,128.202719,37.951418,10208.3689152,174.761,-40.603,72.959,1.0
40.1,128.20285,37.951431,10201.1640528,169.4,-42.557,73.431,1.0
40.2,128.202981,37.951443,10193.7473544,164.283,-44.419,74.277,1.0
40.3,128.203111,37.951456,10186.1185152,159.422,-46.03,75.431,1.0
40.4,128.203241,37.951468,10178.2781448,154.807,-47.39,76.85,1.0
40.5,128.203371,37.95148,10170.226548,150.421,-48.521,78.492,1.0
40.6,128.2035,37.951492,10161.965248800001,146.243,-49.44,80.323,1.0
40.7,128.203629,37.951503,10153.496380800001,142.288,-50.124,82.273,1.0
40.8,128.203758,37.951513,10144.8281736,138.773,-50.357,83.996,1.0
40.9,128.203886,37.951524,10135.967332799999,135.804,-50.093,85.274,1.0
41.0,128.204015,37.951533,10126.917820800001,133.292,-49.428,86.1,1.0
41.1,128.204142,37.951542,10117.686038400001,131.095,-48.453,86.505,1.0
41.2,128.20427,37.95155,10108.278996,129.038,-47.26,86.552,1.0
41.3,128.204398,37.951558,10098.704313600001,126.945,-45.929,86.306,1.0
41.4,128.204526,37.951566,10088.970830400001,124.666,-44.526,85.811,1.0
41.5,128.204654,37.951573,10079.086776000002,122.087,-43.105,85.097,1.0
41.6,128.204782,37.95158,10069.0609896,119.122,-41.72,84.181,1.0
41.7,128.204911,37.951587,10058.9023104,115.689,-40.421,83.084,1.0
41.8,128.20504,37.951594,10048.618358400001,111.71,-39.267,81.843,1.0
41.9,128.205169,37.9516,10038.216448800002,107.139,-38.309,80.486,1.0
42.0,128.205299,37.951607,10027.702068000002,101.976,-37.583,79.035,1.0
42.1,128.205429,37.951614,10017.079788,96.297,-37.093,77.519,1.0
42.2,128.20556,37.951621,10006.3511328,90.183,-36.833,75.967,1.0
42.3,128.205691,37.951629,9995.5161024,83.674,-36.816,74.408,1.0
42.4,128.205822,37.951637,9984.5737824,76.796,-37.05,72.871,1.0
42.5,128.205954,37.951645,9973.5220392,69.559,-37.539,71.39,1.0
42.6,128.206086,37.951654,9962.3584344,61.964,-38.282,70.001,1.0
42.7,128.206218,37.951663,9951.0805296,54.008,-39.27,68.748,1.0
42.8,128.206351,37.951673,9939.687715200002,45.671,-40.485,67.677,1.0
42.9,128.206484,37.951683,9928.1799912,36.894,-41.907,66.848,1.0
43.0,128.206617,37.951694,9916.556748,27.604,-43.51,66.335,1.0
43.1,128.206751,37.951704,9904.8189,17.747,-45.247,66.206,1.0
43.2,128.206885,37.951715,9892.9661424,7.242,-47.062,66.544,1.0
43.3,128.20702,37.951727,9880.9990848,-3.985,-48.824,67.422,1.0
43.4,128.207155,37.951739,9868.9262616,-15.893,-50.048,68.765,1.0
43.5,128.20729,37.951751,9856.7552928,-28.195,-50.437,70.203,1.0
43.6,128.207426,37.951764,9844.4910552,-40.548,-50.034,71.296,1.0
43.7,128.207563,37.951778,9832.1375112,-52.649,-48.987,71.652,1.0
43.8,128.207699,37.951793,9819.6931368,-64.357,-47.578,71.143,1.0
43.9,128.207837,37.95181,9807.151531200001,-75.61,-46.135,69.906,1.0
44.0,128.207974,37.951828,9794.5038552,-86.3,-44.898,68.168,1.0
44.1,128.208111,37.951847,9781.7370024,-96.227,-44.035,66.137,1.0
44.2,128.208248,37.951868,9768.836952000001,-105.154,-43.66,63.966,1.0
44.3,128.208384,37.95189,9755.7985224,-112.907,-43.857,61.777,1.0
44.4,128.208519,37.951914,9742.621104,-119.503,-44.61,59.645,1.0
44.5,128.208653,37.951939,9729.2940288,-125.066,-45.831,57.625,1.0
44.6,128.208786,37.951965,9715.8090672,-129.237,-47.407,55.735,1.0
44.7,128.208917,37.951992,9702.166524,-130.964,-49.195,53.942,1.0
44.8,128.209048,37.952019,9688.372190400001,-130.417,-51.098,52.267,1.0
44.9,128.209177,37.952047,9674.430028800001,-127.767,-53.042,50.73,1.0
45.0,128.209306,37.952076,9660.338210400001,-123.158,-54.939,49.287,1.0
45.1,128.209432,37.952105,9646.094906400001,-116.828,-56.701,47.861,1.0
45.2,128.209558,37.952135,9631.702555200001,-109.192,-58.238,46.375,1.0
45.3,128.209682,37.952166,9617.1660336,-100.908,-59.472,44.792,1.0
45.4,128.209804,37.952197,9602.4929616,-92.651,-60.337,43.104,1.0
45.5,128.209924,37.95223,9587.6900448,-85.457,-60.806,41.341,1.0
45.6,128.210043,37.952264,9572.7658176,-80.729,-60.949,39.535,1.0
45.7,128.210159,37.9523,9557.7282048,-78.426,-60.842,37.714,1.0
45.8,128.210274,37.952337,9542.5836072,-78.313,-60.572,35.908,1.0
45.9,128.210386,37.952377,9527.3356824,-80.043,-60.236,34.137,1.0
46.0,128.210496,37.952417,9511.9844304,-83.186,-59.918,32.41,1.0
46.1,128.210603,37.95246,9496.5268032,-87.262,-59.683,30.727,1.0
46.2,128.210708,37.952504,9480.956400000001,-91.306,-59.557,29.077,1.0
46.3,128.21081,37.952549,9465.2689536,-93.716,-59.518,27.426,1.0
46.4,128.21091,37.952596,9449.464464,-94.253,-59.573,25.745,1.0
46.5,128.211008,37.952643,9433.54476,-92.921,-59.699,24.027,1.0
46.6,128.211104,37.952691,9417.51228,-89.883,-59.852,22.292,1.0
46.7,128.211198,37.952739,9401.371291200001,-85.424,-59.986,20.569,1.0
46.8,128.21129,37.952789,9385.1275848,-79.91,-60.057,18.893,1.0
46.9,128.21138,37.95284,9368.788476,-73.748,-60.035,17.3,1.0
47.0,128.211468,37.952892,9352.3621944,-67.343,-59.897,15.821,1.0
47.1,128.211553,37.952945,9335.857884000001,-61.533,-59.65,14.458,1.0
47.2,128.211637,37.952999,9319.2883464,-57.729,-59.324,13.175,1.0
47.3,128.211718,37.953055,9302.6654688,-55.988,-58.916,11.96,1.0
47.4,128.211796,37.953113,9286.000528800001,-56.131,-58.447,10.785,1.0
47.5,128.211872,37.953172,9269.296574400001,-57.848,-57.957,9.613,1.0
47.6,128.211946,37.953234,9252.554520000002,-60.751,-57.488,8.411,1.0
47.7,128.212016,37.953296,9235.7716224,-64.416,-57.081,7.149,1.0
47.8,128.212083,37.953361,9218.9417856,-67.922,-56.743,5.819,1.0
47.9,128.212148,37.953426,9202.055256000001,-69.672,-56.443,4.427,1.0
48.0,128.21221,37.953493,9185.105632800001,-69.504,-56.187,2.96,1.0
48.1,128.21227,37.95356,9168.091392,-67.518,-55.958,1.448,1.0
48.2,128.212327,37.953629,9151.0158864,-63.967,-55.726,359.947,1.0
48.3,128.212383,37.953698,9133.8870408,-59.259,-55.463,358.516,1.0
48.4,128.212436,37.953768,9116.715828,-54.0,-55.152,357.2,1.0
48.5,128.212486,37.95384,9099.5116968,-48.656,-54.776,356.028,1.0
48.6,128.212534,37.953912,9082.2865344,-43.969,-54.335,354.991,1.0
48.7,128.21258,37.953986,9065.058019200002,-41.139,-53.85,354.04,1.0
48.8,128.212623,37.954062,9047.8441344,-40.181,-53.317,353.157,1.0
48.9,128.212663,37.954139,9030.6549384,-40.889,-52.755,352.294,1.0
49.0,128.2127,37.954218,9013.4925648,-42.978,-52.185,351.414,1.0
49.1,128.212734,37.954299,8996.356404,-46.104,-51.633,350.488,1.0
49.2,128.212765,37.954381,8979.243408,-49.902,-51.121,349.495,1.0
49.3,128.212792,37.954464,8962.1465664,-53.432,-50.653,348.427,1.0
49.4,128.212817,37.954548,8945.0500296,-55.052,-50.198,347.309,1.0
49.5,128.21284,37.954633,8927.94252,-54.644,-49.763,346.127,1.0
49.6,128.212859,37.954719,8910.8176368,-52.371,-49.337,344.921,1.0
49.7,128.212877,37.954805,8893.6811712,-48.578,-48.902,343.753,1.0
49.8,128.212892,37.954893,8876.5462296,-43.837,-48.446,342.678,1.0
49.9,128.212904,37.954981,8859.4256136,-38.709,-47.955,341.734,1.0
50.0,128.212914,37.95507,8842.3330392,-34.054,-47.429,340.919,1.0
50.1,128.212921,37.955161,8825.2925856,-31.167,-46.881,340.18,1.0
50.2,128.212925,37.955252,8808.3271128,-30.108,-46.303,339.502,1.0
50.3,128.212926,37.955346,8791.4482032,-30.751,-45.693,338.859,1.0
50.4,128.212924,37.95544,8774.657990400001,-32.829,-45.067,338.212,1.0
50.5,128.212919,37.955536,8757.9561696,-35.994,-44.45,337.52,1.0
50.6,128.212911,37.955633,8741.342131200001,-39.875,-43.863,336.756,1.0
50.7,128.2129,37.955731,8724.808864800001,-43.547,-43.3,335.931,1.0
50.8,128.212886,37.95583,8708.3350344,-45.291,-42.736,335.07,1.0
50.9,128.212868,37.955929,8691.8935128,-44.99,-42.179,334.154,1.0
51.0,128.212849,37.956029,8675.4702792,-42.823,-41.628,333.222,1.0
51.1,128.212828,37.956129,8659.069905600001,-39.165,-41.076,332.333,1.0
51.2,128.212804,37.95623,8642.7058032,-34.617,-40.52,331.536,1.0
51.3,128.212778,37.956332,8626.3898592,-29.739,-39.952,330.863,1.0
51.4,128.212749,37.956434,8610.139752000001,-25.385,-39.375,330.298,1.0
51.5,128.212718,37.956537,8594.0024208,-22.886,-38.798,329.786,1.0
51.6,128.212684,37.956641,8578.0266336,-22.332,-38.2,329.333,1.0
51.7,128.212647,37.956747,8562.2318976,-23.556,-37.568,328.906,1.0
51.8,128.212606,37.956854,8546.620041600001,-26.249,-36.909,328.458,1.0
51.9,128.212562,37.956961,8531.188932000001,-30.022,-36.243,327.944,1.0
52.0,128.212514,37.95707,8515.932168000001,-34.461,-35.595,327.323,1.0
52.1,128.212463,37.957179,8500.832376,-38.625,-34.95,326.625,1.0
52.2,128.212409,37.957289,8485.840788000001,-40.804,-34.254,325.928,1.0
52.3,128.212352,37.957399,8470.9129032,-40.775,-33.559,325.172,1.0
52.4,128.212294,37.957509,8456.016108,-38.682,-32.887,324.38,1.0
52.5,128.212233,37.957619,8441.153145600001,-34.98,-32.208,323.668,1.0
52.6,128.212171,37.95773,8426.3441328,-30.188,-31.538,323.078,1.0
52.7,128.212107,37.957841,8411.6259504,-25.031,-30.899,322.595,1.0
52.8,128.21204,37.957952,8397.023287200002,-20.339,-30.304,322.161,1.0
52.9,128.211971,37.958064,8382.5907024,-17.561,-29.725,321.774,1.0
53.0,128.211899,37.958176,8368.3858032,-16.829,-29.128,321.445,1.0
53.1,128.211824,37.95829,8354.4268776,-17.997,-28.492,321.147,1.0
53.2,128.211746,37.958404,8340.7111824,-20.755,-27.818,320.836,1.0
53.3,128.211665,37.958519,8327.2353648,-24.7,-27.127,320.464,1.0
53.4,128.211581,37.958635,8313.9915,-29.395,-26.444,319.991,1.0
53.5,128.211494,37.95875,8300.9603856,-33.803,-25.776,319.418,1.0
53.6,128.211404,37.958866,8288.0835,-36.096,-25.097,318.781,1.0
53.7,128.211312,37.958981,8275.3035408,-36.233,-24.41,318.099,1.0
53.8,128.211219,37.959097,8262.579360000002,-34.484,-23.699,317.455,1.0
53.9,128.211123,37.959212,8249.914005600001,-31.072,-23.005,316.855,1.0
54.0,128.211027,37.959327,8237.319669600001,-26.337,-22.364,316.299,1.0
54.1,128.210928,37.959443,8224.8067152,-20.838,-21.756,315.842,1.0
54.2,128.210829,37.959558,8212.394040000001,-15.691,-21.174,315.49,1.0
54.3,128.210727,37.959674,8200.1438232,-12.717,-20.609,315.208,1.0
54.4,128.210623,37.95979,8188.1240352,-12.051,-20.036,315.001,1.0
54.5,128.210517,37.959906,8176.390454400001,-13.514,-19.437,314.838,1.0
54.6,128.210408,37.960023,8164.949176800001,-16.74,-18.807,314.669,1.0
54.7,128.210297,37.96014,8153.793192000001,-21.259,-18.159,314.442,1.0
54.8,128.210184,37.960257,8142.902688000001,-25.957,-17.501,314.136,1.0
54.9,128.210068,37.960374,8132.211523200001,-28.918,-16.824,313.768,1.0
55.0,128.20995,37.96049,8121.6517272,-29.948,-16.147,313.319,1.0
55.1,128.209831,37.960607,8111.1723984,-29.146,-15.483,312.819,1.0
55.2,128.209711,37.960723,8100.7710984,-26.77,-14.842,312.32,1.0
55.3,128.209589,37.960839,8090.4566664,-23.188,-14.23,311.868,1.0
55.4,128.209466,37.960955,8080.237027200001,-18.829,-13.643,311.498,1.0
55.5,128.209342,37.96107,8070.1191912,-14.133,-13.073,311.228,1.0
55.6,128.209217,37.961186,8060.10834,-9.508,-12.51,311.07,1.0
55.7,128.209091,37.961301,8050.2184944,-5.874,-11.945,311.006,1.0
55.8,128.208964,37.961417,8040.5139672000005,-4.832,-11.375,310.99,1.0
55.9,128.208835,37.961533,8031.067605600001,-6.282,-10.794,311.016,1.0
56.0,128.208705,37.961649,8021.9391504000005,-9.825,-10.203,311.04,1.0
56.1,128.208573,37.961765,8013.1222008,-14.328,-9.597,311.032,1.0
56.2,128.20844,37.961881,8004.545433600001,-17.849,-8.959,311.009,1.0
56.3,128.208305,37.961997,7996.1326488,-20.083,-8.29,310.966,1.0
56.4,128.208169,37.962113,7987.823496000001,-20.857,-7.615,310.872,1.0
56.5,128.208033,37.962228,7979.611269600001,-20.189,-6.957,310.741,1.0
56.6,128.207895,37.962343,7971.501151200001,-18.24,-6.33,310.602,1.0
56.7,128.207757,37.962458,7963.498932,-15.232,-5.743,310.459,1.0
56.8,128.207618,37.962573,7955.6094888,-11.449,-5.205,310.298,1.0
56.9,128.207478,37.962687,7947.8480616,-7.911,-4.699,310.159,1.0
57.0,128.207338,37.962802,7940.280487200001,-6.337,-4.214,310.044,1.0
57.1,128.207196,37.962916,7932.9780888,-6.783,-3.815,309.974,1.0
57.2,128.207054,37.96303,7925.991768000001,-9.028,-3.759,309.965,1.0
57.3,128.20691,37.963145,7919.3163432,-12.707,-3.902,309.984,1.0
57.4,128.206765,37.963258,7912.931697600001,-17.404,-4.12,309.986,1.0
57.5,128.206619,37.963372,7906.8033888,-22.084,-4.339,309.96,1.0
57.6,128.206472,37.963485,7900.8491208,-24.889,-4.413,309.876,1.0
57.7,128.206323,37.963597,7894.9939128000005,-25.767,-3.936,309.534,1.0
57.8,128.206175,37.96371,7889.181072,-24.912,-3.17,309.102,1.0
57.9,128.206025,37.963822,7883.403283200001,-22.459,-2.697,308.816,1.0
58.0,128.205875,37.963933,7877.666947200001,-18.649,-2.507,308.627,1.0
58.1,128.205725,37.964045,7871.973892800001,-13.914,-2.467,308.518,1.0
58.2,128.205574,37.964156,7866.324424800001,-8.675,-2.494,308.489,1.0
58.3,128.205422,37.964268,7860.7158,-3.315,-2.544,308.546,1.0
58.4,128.20527,37.964379,7855.155333600001,1.246,-2.592,308.664,1.0
58.5,128.205118,37.964491,7849.7027664,3.373,-2.632,308.784,1.0
58.6,128.204966,37.964602,7844.4285072,3.171,-2.656,308.923,1.0
58.7,128.204813,37.964714,7839.387420000001,0.956,-2.756,309.065,1.0
58.8,128.20466,37.964826,7834.5700560000005,-2.888,-3.389,309.191,1.0
58.9,128.204506,37.964937,7829.964223200001,-7.977,-3.951,309.29,1.0
59.0,128.204352,37.965049,7825.55712,-13.976,-4.166,309.313,1.0
59.1,128.204198,37.96516,7821.322228800001,-19.974,-4.182,309.271,1.0
59.2,128.204042,37.965271,7817.1833496,-24.208,-4.071,309.205,1.0
59.3,128.203886,37.965381,7813.0627584,-26.617,-3.902,309.082,1.0
59.4,128.20373,37.965492,7808.9010192000005,-27.309,-3.718,308.908,1.0
59.5,128.203574,37.965602,7804.6914264,-26.449,-3.54,308.704,1.0
59.6,128.203417,37.965713,7800.4391616,-24.231,-3.374,308.499,1.0
59.7,128.20326,37.965823,7796.149101600001,-20.871,-3.218,308.316,1.0
59.8,128.203102,37.965933,7791.8261232,-16.588,-3.062,308.176,1.0
59.9,128.202944,37.966044,7787.473274400001,-11.611,-3.002,308.119,1.0
60.0,128.202786,37.966154,7783.079582400001,-6.167,-3.602,308.246,1.0
60.1,128.202628,37.966264,7778.6313312,-0.412,-4.747,308.458,1.0
60.2,128.202469,37.966374,7774.1212056,4.948,-6.175,308.613,1.0
60.3,128.202311,37.966485,7769.592792,8.332,-7.73,308.61,1.0
60.4,128.202152,37.966595,7765.10004,9.823,-9.284,308.506,1.0
60.5,128.201993,37.966706,7760.6847072,9.633,-10.716,308.362,1.0
60.6,128.201835,37.966817,7756.3346016000005,7.992,-12.075,308.208,1.0
60.7,128.201676,37.966928,7752.028996800001,5.099,-13.394,308.076,1.0
60.8,128.201517,37.967039,7747.7483856,1.109,-14.685,308.0,1.0
60.9,128.201359,37.967149,7743.4641168,-3.188,-15.93,308.06,1.0
61.0,128.2012,37.96726,7739.09298,-6.028,-17.127,308.332,1.0
61.1,128.201041,37.96737,7734.5441448,-7.347,-18.289,308.724,1.0
61.2,128.200883,37.967481,7729.7423256,-7.189,-19.438,309.166,1.0
61.3,128.200725,37.967591,7724.6692344,-5.614,-20.579,309.6,1.0
61.4,128.200567,37.967701,7719.317556000001,-2.688,-21.717,309.98,1.0
61.5,128.20041,37.967811,7713.6799752,1.519,-22.855,310.262,1.0
61.6,128.200253,37.967921,7707.748872,6.918,-23.991,310.406,1.0
61.7,128.200097,37.96803,7701.518760000001,13.405,-25.113,310.376,1.0
61.8,128.19994,37.968139,7694.988115200001,20.875,-26.203,310.145,1.0
61.9,128.199784,37.968247,7688.161204800001,29.224,-27.232,309.692,1.0
62.0,128.199627,37.968354,7681.0471728,38.372,-28.201,308.98,1.0
62.1,128.19947,37.968459,7673.66004,48.262,-29.121,307.947,1.0
62.2,128.199312,37.968564,7666.020228,58.808,-29.885,306.63,1.0
62.3,128.199153,37.968667,7658.1545592,69.9,-30.408,305.087,1.0
62.4,128.198993,37.968768,7650.095342400001,81.365,-30.627,303.397,1.0
62.5,128.198832,37.968868,7641.8758008,93.044,-30.505,301.654,1.0
62.6,128.19867,37.968967,7633.5294624,104.802,-30.031,299.96,1.0
62.7,128.198506,37.969064,7625.0889408,116.53,-29.221,298.414,1.0
62.8,128.19834,37.96916,7616.5850208,128.146,-28.111,297.103,1.0
62.9,128.198174,37.969255,7608.0469632,139.597,-26.756,296.09,1.0
63.0,128.198005,37.96935,7599.502200000001,150.848,-25.22,295.421,1.0
63.1,128.197835,37.969444,7590.9638376,161.107,-23.558,295.165,1.0
63.2,128.197665,37.969537,7582.398348,168.487,-21.949,295.374,1.0
63.3,128.197494,37.96963,7573.7508672,173.104,-21.061,296.0,1.0
63.4,128.197324,37.969723,7564.993658400001,175.302,-20.437,296.844,1.0
63.5,128.197154,37.969815,7556.1425712,175.36,-19.709,297.773,1.0
63.6,128.196985,37.969907,7547.2113216,173.492,-19.582,298.762,1.0
63.7,128.196816,37.969998,7538.2093584,169.907,-19.985,299.745,1.0
63.8,128.196647,37.970089,7529.134548,164.798,-20.626,300.633,1.0
63.9,128.196479,37.97018,7519.978051200001,158.344,-21.383,301.359,1.0
64.0,128.196311,37.970271,7510.725237600001,150.839,-22.188,301.992,1.0
64.1,128.196144,37.970361,7501.361476800001,142.537,-22.996,302.621,1.0
64.2,128.195979,37.970452,7491.8730528,133.589,-23.779,303.297,1.0
64.3,128.195814,37.970543,7482.2566128,124.133,-24.517,304.052,1.0
64.4,128.19565,37.970634,7472.5145952,114.296,-25.187,304.905,1.0
64.5,128.195487,37.970726,7462.654924800001,104.124,-25.792,305.984,1.0
64.6,128.195327,37.970819,7452.691622400001,93.358,-26.389,308.051,1.0
64.7,128.195168,37.970913,7442.646633600001,82.072,-26.692,311.039,1.0
64.8,128.195011,37.971009,7432.5550104,70.604,-26.472,314.228,1.0
64.9,128.194856,37.971107,7422.4655207999995,59.261,-25.734,317.117,1.0
65.0,128.194703,37.971208,7412.4339432,48.305,-24.6,319.466,1.0
65.1,128.194552,37.97131,7402.515141600001,37.932,-23.199,321.218,1.0
65.2,128.194402,37.971415,7392.746606400001,29.062,-21.756,322.394,1.0
65.3,128.194253,37.971521,7383.090542400001,23.697,-21.084,322.793,1.0
65.4,128.194105,37.971629,7373.4692256,21.585,-21.358,322.533,1.0
65.5,128.193956,37.971737,7363.806760800001,22.123,-22.161,321.939,1.0
65.6,128.193808,37.971845,7354.0763256,24.775,-23.191,321.198,1.0
65.7,128.19366,37.971953,7344.265728,29.099,-24.201,320.44,1.0
65.8,128.193512,37.972062,7334.381368800001,34.564,-24.405,320.182,1.0
65.9,128.193364,37.972172,7324.4397072,40.75,-23.558,320.792,1.0
66.0,128.193216,37.972282,7314.4541544,47.496,-22.321,321.968,1.0
66.1,128.193069,37.972393,7304.4478751999995,53.812,-21.11,323.389,1.0
66.2,128.192924,37.972505,7294.4736,57.565,-20.018,324.855,1.0
66.3,128.19278,37.97262,7284.583449600001,58.676,-19.096,326.325,1.0
66.4,128.192638,37.972737,7274.818572,57.347,-18.297,327.76,1.0
66.5,128.1925,37.972856,7265.1975600000005,53.921,-17.546,329.121,1.0
66.6,128.192365,37.972978,7255.74114,48.83,-16.774,330.364,1.0
66.7,128.192232,37.973103,7246.4779632,42.563,-15.931,331.443,1.0
66.8,128.192101,37.97323,7237.439424000001,35.624,-14.991,332.323,1.0
66.9,128.191973,37.973359,7228.6569168,28.499,-13.943,332.981,1.0
67.0,128.191847,37.97349,7220.1453768,22.366,-12.812,333.453,1.0
67.1,128.191721,37.973623,7211.8557312,19.336,-11.634,333.832,1.0
67.2,128.191597,37.973757,7203.720009600001,19.285,-10.437,334.145,1.0
67.3,128.191473,37.973892,7195.6830432,21.725,-9.294,334.47,1.0
67.4,128.19135,37.974027,7187.745441600001,26.126,-8.266,334.818,1.0
67.5,128.191228,37.974164,7179.9270168,31.151,-7.366,335.157,1.0
67.6,128.191107,37.974301,7172.293300800001,34.435,-6.587,335.489,1.0
67.7,128.190989,37.97444,7164.911959200001,35.676,-5.91,335.859,1.0
67.8,128.190873,37.974581,7157.8357224,34.927,-5.283,336.272,1.0
67.9,128.190759,37.974723,7151.071905600001,32.436,-4.649,336.715,1.0
68.0,128.190648,37.974867,7144.623556800001,28.58,-3.962,337.153,1.0
68.1,128.190539,37.975012,7138.4976864,23.793,-3.199,337.539,1.0
68.2,128.190432,37.975159,7132.703133600001,18.518,-2.347,337.828,1.0
68.3,128.190326,37.975306,7127.2475184,13.129,-1.407,338.004,1.0
68.4,128.190221,37.975454,7122.122611200001,8.664,-0.398,338.103,1.0
68.5,128.190117,37.975603,7117.256784000001,7.12,0.667,338.172,1.0
68.6,128.190014,37.975752,7112.567436,8.352,1.753,338.209,1.0
68.7,128.189911,37.975902,7108.000617600001,11.812,2.795,338.263,1.0
68.8,128.189809,37.976052,7103.588028,16.572,3.735,338.376,1.0
68.9,128.189707,37.976202,7099.3641096,21.293,4.551,338.562,1.0
69.0,128.189608,37.976352,7095.397442400001,24.243,5.259,338.813,1.0
69.1,128.18951,37.976503,7091.7532536,25.256,5.895,339.138,1.0
69.2,128.189414,37.976655,7088.4437352,24.47,6.522,339.507,1.0
69.3,128.18932,37.976807,7085.4627912000005,22.187,7.197,339.865,1.0
69.4,128.189228,37.97696,7082.808592800001,18.699,7.926,340.206,1.0
69.5,128.189137,37.977112,7080.4823592,14.363,8.708,340.52,1.0
69.6,128.189048,37.977265,7078.4847,9.629,9.555,340.743,1.0
69.7,128.18896,37.977418,7076.8015944,5.576,10.466,340.864,1.0
69.8,128.188873,37.977571,7075.360500000001,4.088,11.432,340.922,1.0
69.9,128.188787,37.977723,7074.078816,5.059,12.419,340.932,1.0
70.0,128.1887,37.977876,7072.8974112000005,8.057,13.374,340.944,1.0
70.1,128.188615,37.978028,7071.8388408,12.32,14.244,341.005,1.0
70.2,128.18853,37.97818,7070.9369376,16.607,15.008,341.138,1.0
70.3,128.188446,37.978332,7070.2587576,19.268,15.673,341.34,1.0
70.4,128.188364,37.978484,7069.8719664,20.176,16.277,341.608,1.0
70.5,128.188284,37.978635,7069.7957664,19.451,16.872,341.917,1.0
70.6,128.188205,37.978786,7070.022537600001,17.333,17.502,342.246,1.0
70.7,128.188129,37.978937,7070.5474032,14.146,18.186,342.555,1.0
70.8,128.188053,37.979087,7071.3667056,10.248,18.933,342.801,1.0
70.9,128.187979,37.979236,7072.477396800001,5.991,19.745,342.946,1.0
71.0,128.187906,37.979385,7073.8633224000005,2.206,20.615,342.983,1.0
71.1,128.187834,37.979533,7075.454988,0.199,21.535,342.938,1.0
71.2,128.187762,37.97968,7077.1822896,-0.095,22.475,342.82,1.0
71.3,128.18769,37.979828,7079.0016408,1.258,23.394,342.676,1.0
71.4,128.187619,37.979974,7080.9706488,3.04,24.253,342.521,1.0
71.5,128.187548,37.980119,7083.1438728,4.913,25.044,342.399,1.0
71.6,128.187478,37.980264,7085.522836800001,6.667,25.78,342.334,1.0
71.7,128.187409,37.980408,7088.099311200001,8.174,26.479,342.335,1.0
71.8,128.187341,37.980551,7090.862932800001,9.374,27.153,342.401,1.0
71.9,128.187274,37.980693,7093.803033600001,10.26,27.811,342.524,1.0
72.0,128.187208,37.980835,7096.909555200001,10.858,28.457,342.693,1.0
72.1,128.187143,37.980975,7100.1733536,11.211,29.094,342.897,1.0
72.2,128.187078,37.981115,7103.5871136000005,11.375,29.72,343.125,1.0
72.3,128.187015,37.981254,7107.1447392,11.403,30.337,343.367,1.0
72.4,128.186952,37.981392,7110.839524800001,11.339,30.893,343.602,1.0
72.5,128.18689,37.981529,7114.664460000001,11.211,31.275,343.798,1.0
72.6,128.186829,37.981666,7118.611315200001,11.052,31.474,343.948,1.0
72.7,128.186769,37.981801,7122.6630216,10.844,31.15,343.974,1.0
72.8,128.18671,37.981936,7126.807996800001,10.615,30.37,343.894,1.0
72.9,128.186652,37.98207,7131.0331344,10.397,29.312,343.751,1.0
73.0,128.186594,37.982204,7135.331728800001,9.935,28.086,343.563,1.0
73.1,128.186536,37.982336,7139.712924,8.909,26.739,343.338,1.0
73.2,128.18648,37.982469,7144.1242944000005,8.097,25.288,343.128,1.0
73.3,128.186423,37.982601,7148.535360000001,7.497,23.757,342.928,1.0
73.4,128.186367,37.982733,7152.9311856,7.069,22.181,342.736,1.0
73.5,128.186311,37.982865,7157.2974456,6.771,20.578,342.553,1.0
73.6,128.186255,37.982996,7161.6207288000005,6.568,19.035,342.391,1.0
73.7,128.186199,37.983127,7165.897987200001,6.444,18.101,342.322,1.0
73.8,128.186144,37.983258,7170.131964,6.396,18.098,342.375,1.0
73.9,128.186088,37.983389,7174.3299744000005,6.412,18.791,342.515,1.0
74.0,128.186033,37.98352,7178.503296000001,6.481,19.92,342.711,1.0
74.1,128.185978,37.98365,7182.6659496,6.596,21.269,342.937,1.0
74.2,128.185924,37.98378,7186.8298224,6.748,22.622,343.167,1.0
74.3,128.185869,37.98391,7190.995219200001,6.905,23.402,343.327,1.0
74.4,128.185815,37.984039,7195.1575680000005,7.046,23.366,343.381,1.0
74.5,128.185762,37.984168,7199.313516,7.173,22.715,343.351,1.0
74.6,128.185708,37.984297,7203.4539192,7.291,21.675,343.268,1.0
74.7,128.185655,37.984426,7207.5675,7.404,20.403,343.154,1.0
74.8,128.185602,37.984554,7211.642676,7.513,19.058,343.028,1.0
74.9,128.185549,37.984682,7215.676399200001,7.641,18.194,342.97,1.0
75.0,128.185496,37.98481,7219.6708032,7.797,18.165,343.027,1.0
75.1,128.185444,37.984938,7223.631984000001,7.975,18.782,343.178,1.0
75.2,128.185391,37.985065,7227.5693904,8.172,19.816,343.392,1.0
75.3,128.185339,37.985193,7231.494909600001,8.386,21.069,343.646,1.0
75.4,128.185288,37.98532,7235.420733600001,8.614,22.404,343.919,1.0
75.5,128.185236,37.985446,7239.3578352,8.855,23.727,344.2,1.0
75.6,128.185185,37.985573,7243.314444,9.101,24.915,344.467,1.0
75.7,128.185135,37.985699,7247.2869024,9.315,25.493,344.634,1.0
75.8,128.185085,37.985824,7251.2709432,9.481,25.352,344.674,1.0
75.9,128.185035,37.985949,7255.2613848,9.607,24.674,344.618,1.0
76.0,128.184985,37.986074,7259.249388000001,9.705,23.642,344.498,1.0
76.1,128.184936,37.986199,7263.2236752,9.786,22.391,344.34,1.0
76.2,128.184887,37.986323,7267.1717496,9.855,21.005,344.16,1.0
76.3,128.184838,37.986448,7271.0808096,9.915,19.534,343.965,1.0
76.4,128.18479,37.986572,7274.937444,9.967,18.01,343.763,1.0
76.5,128.184741,37.986696,7278.7334232,9.784,16.455,343.543,1.0
76.6,128.184693,37.986819,7282.4791104000005,8.827,14.887,343.296,1.0
76.7,128.184645,37.986943,7286.170238400001,7.415,13.306,343.065,1.0
76.8,128.184596,37.987067,7289.7702312,6.44,11.712,342.906,1.0
76.9,128.184548,37.98719,7293.2388552,6.331,10.126,342.82,1.0
77.0,128.1845,37.987314,7296.5425824,7.049,8.562,342.772,1.0
77.1,128.184451,37.987438,7299.668001600001,8.551,7.029,342.73,1.0
77.2,128.184403,37.987562,7302.6081024,10.794,5.536,342.666,1.0
77.3,128.184354,37.987686,7305.3577032,13.678,4.088,342.551,1.0
77.4,128.184304,37.98781,7307.913451200001,17.069,2.693,342.361,1.0
77.5,128.184255,37.987935,7310.271384000001,20.856,1.359,342.079,1.0
77.6,128.184205,37.988059,7312.4296728,24.985,0.102,341.678,1.0
77.7,128.184155,37.988183,7314.390451200001,29.115,-1.045,341.102,1.0
77.8,128.184104,37.988308,7316.1747504,32.394,-2.058,340.356,1.0
77.9,128.184053,37.988432,7317.803296800001,34.804,-2.948,339.504,1.0
78.0,128.184002,37.988555,7319.2831008,36.375,-3.732,338.594,1.0
78.1,128.183951,37.988679,7320.610504800001,37.143,-4.438,337.663,1.0
78.2,128.183899,37.988802,7321.781241600001,37.153,-5.091,336.742,1.0
78.3,128.183847,37.988924,7322.7953112000005,36.454,-5.713,335.855,1.0
78.4,128.183795,37.989046,7323.653932800001,35.09,-6.322,335.021,1.0
78.5,128.183743,37.989168,7324.3580208,33.112,-6.934,334.257,1.0
78.6,128.18369,37.98929,7324.9084896,30.568,-7.563,333.577,1.0
78.7,128.183637,37.989411,7325.3050344,27.503,-8.221,332.993,1.0
78.8,128.183583,37.989532,7325.547655200001,23.973,-8.915,332.511,1.0
78.9,128.18353,37.989652,7325.635437600001,20.034,-9.648,332.135,1.0
79.0,128.183476,37.989772,7325.5674672000005,15.693,-10.428,331.891,1.0
79.1,128.183422,37.989892,7325.342524800001,10.92,-11.265,331.826,1.0
79.2,128.183367,37.990012,7324.9590864,5.783,-12.147,331.933,1.0
79.3,128.183313,37.990131,7324.415323200001,0.339,-13.061,332.209,1.0
79.4,128.183258,37.990249,7323.709711200001,-5.369,-13.99,332.652,1.0
79.5,128.183204,37.990368,7322.8449936,-11.311,-14.855,333.251,1.0
79.6,128.183149,37.990486,7321.8361056,-17.453,-15.189,333.882,1.0
79.7,128.183095,37.990604,7320.70164,-23.761,-14.747,334.367,1.0
79.8,128.18304,37.990721,7319.465676,-30.254,-13.652,334.615,1.0
79.9,128.182985,37.990839,7318.1519880000005,-37.008,-12.079,334.6,1.0
80.0,128.18293,37.990956,7316.7794736000005,-44.029,-10.131,334.264,1.0
80.1,128.182874,37.991073,7315.363068000001,-51.283,-7.918,333.544,1.0
80.2,128.182817,37.991189,7313.912524800001,-58.753,-5.644,332.474,1.0
80.3,128.182759,37.991305,7312.4275392,-65.947,-3.485,331.16,1.0
80.4,128.182699,37.991421,7310.896833600001,-71.728,-1.52,329.716,1.0
80.5,128.182639,37.991537,7309.311264000001,-75.9,0.17,328.202,1.0
80.6,128.182578,37.991652,7307.666868,-78.278,1.525,326.657,1.0
80.7,128.182516,37.991767,7305.967608,-78.721,2.514,325.109,1.0
80.8,128.182453,37.991881,7304.218056000001,-77.176,3.138,323.588,1.0
80.9,128.182389,37.991995,7302.421564800001,-73.772,3.49,322.133,1.0
81.0,128.182324,37.992108,7300.5836208,-68.814,3.692,320.794,1.0
81.1,128.182257,37.992221,7298.714587200001,-62.814,3.83,319.614,1.0
81.2,128.182189,37.992333,7296.8351904,-56.525,3.95,318.615,1.0
81.3,128.18212,37.992444,7294.962804000001,-50.602,4.083,317.797,1.0
81.4,128.18205,37.992554,7293.1242504,-45.878,4.24,317.14,1.0
81.5,128.181978,37.992663,7291.3423896,-42.544,4.436,316.614,1.0
81.6,128.181904,37.992772,7289.624232,-40.674,4.692,316.197,1.0
81.7,128.181829,37.992879,7287.970996800001,-40.251,5.031,315.88,1.0
81.8,128.181753,37.992986,7286.3832936,-41.107,5.436,315.624,1.0
81.9,128.181675,37.993091,7284.860208,-42.988,5.873,315.384,1.0
82.0,128.181596,37.993196,7283.398387200001,-45.598,6.297,315.11,1.0
82.1,128.181516,37.993299,7281.992954400001,-48.692,6.691,314.789,1.0
82.2,128.181434,37.993402,7280.6368992,-52.036,7.041,314.409,1.0
82.3,128.181351,37.993503,7279.322601600001,-55.413,7.336,313.962,1.0
82.4,128.181267,37.993604,7278.0400032,-58.604,7.567,313.44,1.0
82.5,128.181181,37.993704,7276.7784360000005,-61.398,7.729,312.84,1.0
82.6,128.181094,37.993802,7275.533023200001,-63.73,7.816,312.161,1.0
82.7,128.181006,37.993899,7274.297668800001,-65.592,7.823,311.405,1.0
82.8,128.180916,37.993995,7273.067496000001,-66.982,7.753,310.581,1.0
82.9,128.180825,37.99409,7271.837628,-67.913,7.616,309.701,1.0
83.0,128.180733,37.994184,7270.6044071999995,-68.421,7.423,308.779,1.0
83.1,128.180639,37.994277,7269.3657,-68.562,7.191,307.829,1.0
83.2,128.180544,37.994368,7268.1199824000005,-68.398,6.932,306.866,1.0
83.3,128.180447,37.994459,7266.8666448,-67.996,6.658,305.899,1.0
83.4,128.180349,37.994548,7265.605992000001,-67.43,6.379,304.94,1.0
83.5,128.18025,37.994636,7264.338633600001,-66.776,6.109,303.995,1.0
83.6,128.180149,37.994722,7263.065179200001,-66.11,5.86,303.072,1.0
83.7,128.180048,37.994807,7261.786238400001,-65.502,5.645,302.176,1.0
83.8,128.179945,37.994891,7260.5024207999995,-65.004,5.467,301.31,1.0
83.9,128.17984,37.994974,7259.214945600001,-64.647,5.325,300.47,1.0
84.0,128.179735,37.995056,7257.9241176000005,-64.446,5.212,299.653,1.0
84.1,128.179628,37.995136,7256.630241600001,-64.403,5.123,298.854,1.0
84.2,128.179521,37.995215,7255.333317600001,-64.511,5.053,298.07,1.0
84.3,128.179412,37.995293,7254.0324312,-64.755,4.996,297.296,1.0
84.4,128.179302,37.995369,7252.727277600001,-65.112,4.946,296.528,1.0
84.5,128.17919,37.995444,7251.4166376,-65.557,4.899,295.762,1.0
84.6,128.179078,37.995518,7250.099596800001,-66.062,4.85,294.994,1.0
84.7,128.178964,37.99559,7248.7740216,-66.601,4.795,294.223,1.0
84.8,128.17885,37.995662,7247.438997600001,-67.148,4.732,293.445,1.0
84.9,128.178734,37.995732,7246.092391200001,-67.681,4.657,292.66,1.0
85.0,128.178618,37.9958,7244.7329832000005,-68.179,4.571,291.867,1.0
85.1,128.1785,37.995867,7243.357116,-68.329,4.482,291.07,1.0
85.2,128.178381,37.995933,7241.9547312,-67.407,4.419,290.281,1.0
85.3,128.178262,37.995998,7240.517904,-65.489,4.381,289.506,1.0
85.4,128.178142,37.996063,7239.043891200001,-63.017,4.364,288.758,1.0
85.5,128.178022,37.996126,7237.5454944,-60.853,4.353,288.044,1.0
85.6,128.1779,37.996188,7236.0397824,-59.105,4.358,287.373,1.0
85.7,128.177778,37.996249,7234.540776,-57.822,4.385,286.744,1.0
85.8,128.177655,37.996308,7233.053352000001,-57.021,4.436,286.147,1.0
85.9,128.177531,37.996366,7231.578120000001,-56.691,4.511,285.571,1.0
86.0,128.177406,37.996423,7230.1159944,-56.794,4.608,285.005,1.0
86.1,128.177281,37.996478,7228.666365600001,-57.275,4.718,284.439,1.0
86.2,128.177155,37.996532,7227.228014400001,-58.064,4.836,283.866,1.0
86.3,128.177028,37.996585,7225.7994168000005,-59.085,4.952,283.278,1.0
86.4,128.1769,37.996636,7224.3778296,-60.258,5.058,282.669,1.0
86.5,128.176772,37.996686,7222.9611192,-61.506,5.148,282.036,1.0
86.6,128.176643,37.996735,7221.5465424,-62.76,5.214,281.376,1.0
86.7,128.176514,37.996782,7220.1280032,-63.666,5.263,280.69,1.0
86.8,128.176384,37.996828,7218.6936144,-63.49,5.315,279.992,1.0
86.9,128.176253,37.996873,7217.2324032,-62.266,5.37,279.288,1.0
87.0,128.176122,37.996917,7215.7364448,-60.107,5.432,278.594,1.0
87.1,128.175991,37.996961,7214.2081776,-57.164,5.505,277.931,1.0
87.2,128.175859,37.997003,7212.654612,-53.893,5.588,277.313,1.0
87.3,128.175727,37.997045,7211.094036,-51.134,5.676,276.742,1.0
87.4,128.175595,37.997085,7209.5465664,-49.006,5.778,276.224,1.0
87.5,128.175462,37.997125,7208.0286624,-47.555,5.901,275.755,1.0
87.6,128.175328,37.997162,7206.5452008,-46.782,6.048,275.321,1.0
87.7,128.175195,37.997199,7205.097096,-46.655,6.221,274.907,1.0
87.8,128.17506,37.997235,7203.683433600001,-47.108,6.417,274.502,1.0
87.9,128.174926,37.997269,7202.3032992,-48.052,6.628,274.092,1.0
88.0,128.174791,37.997302,7200.954864,-49.385,6.846,273.668,1.0
88.1,128.174656,37.997333,7199.6356896,-50.995,7.062,273.221,1.0
88.2,128.174521,37.997364,7198.342118400001,-52.771,7.266,272.742,1.0
88.3,128.174385,37.997393,7197.0711024,-54.607,7.448,272.225,1.0
88.4,128.174249,37.997421,7195.818679200001,-56.408,7.602,271.666,1.0
88.5,128.174113,37.997447,7194.5808864,-58.093,7.723,271.061,1.0
88.6,128.173977,37.997473,7193.3513232000005,-59.316,7.815,270.417,1.0
88.7,128.17384,37.997497,7192.115968800001,-59.37,7.901,269.747,1.0
88.8,128.173703,37.99752,7190.8617168,-58.292,7.98,269.06,1.0
88.9,128.173566,37.997543,7189.5800328000005,-56.2,8.058,268.377,1.0
89.0,128.173429,37.997564,7188.271831200001,-53.251,8.139,267.72,1.0
89.1,128.173292,37.997585,7186.945036800001,-49.898,8.224,267.106,1.0
89.2,128.173154,37.997605,7185.618547200001,-46.97,8.307,266.541,1.0
89.3,128.173017,37.997624,7184.312784000001,-44.601,8.398,266.032,1.0
89.4,128.172879,37.997641,7183.0460352,-42.861,8.505,265.578,1.0
89.5,128.172741,37.997658,7181.8231776,-41.773,8.632,265.166,1.0
89.6,128.172603,37.997673,7180.6454304,-41.321,8.78,264.778,1.0
89.7,128.172465,37.997687,7179.5127936,-41.466,8.95,264.401,1.0
89.8,128.172327,37.9977,7178.4249624,-42.145,9.138,264.027,1.0
89.9,128.172189,37.997712,7177.3804128,-43.275,9.34,263.645,1.0
90.0,128.172051,37.997723,7176.3779256,-44.759,9.547,263.246,1.0
90.1,128.171912,37.997732,7175.414148,-46.495,9.733,262.844,1.0
90.2,128.171774,37.997741,7174.4854224,-48.376,9.845,262.492,1.0
90.3,128.171635,37.997748,7173.586872,-50.304,9.89,262.167,1.0
90.4,128.171496,37.997754,7172.7145344,-52.191,9.879,261.849,1.0
90.5,128.171357,37.997759,7171.86018,-53.69,9.826,261.524,1.0
90.6,128.171218,37.997763,7171.0073496,-54.078,9.761,261.192,1.0
90.7,128.171079,37.997766,7170.1395840000005,-53.373,9.689,260.843,1.0
90.8,128.170939,37.997769,7169.244996,-51.666,9.615,260.481,1.0
90.9,128.170799,37.997771,7168.3235856,-49.085,9.547,260.118,1.0
91.0,128.170659,37.997772,7167.3784008,-45.783,9.492,259.768,1.0
91.1,128.170519,37.997772,7166.415232800001,-42.214,9.449,259.437,1.0
91.2,128.170379,37.997772,7165.4545032,-39.222,9.41,259.119,1.0
91.3,128.170238,37.997771,7164.517548,-36.912,9.386,258.817,1.0
91.4,128.170098,37.997768,7163.622655200001,-35.334,9.388,258.532,1.0
91.5,128.169957,37.997765,7162.773787200001,-34.496,9.423,258.26,1.0
91.6,128.169817,37.997761,7161.970944,-34.372,9.494,257.994,1.0
91.7,128.169676,37.997757,7161.213211200001,-34.905,9.598,257.727,1.0
91.8,128.169535,37.997751,7160.499369600001,-36.02,9.727,257.449,1.0
91.9,128.169395,37.997744,7159.8275904,-37.622,9.875,257.153,1.0
92.0,128.169254,37.997737,7159.19574,-39.61,10.028,256.83,1.0
92.1,128.169113,37.997728,7158.600770400001,-41.877,10.177,256.47,1.0
92.2,128.168972,37.997719,7158.039024000001,-44.317,10.311,256.068,1.0
92.3,128.168832,37.997708,7157.5034904,-46.534,10.433,255.63,1.0
92.4,128.168691,37.997697,7156.9749672,-47.728,10.563,255.177,1.0
92.5,128.16855,37.997685,7156.4360808,-47.878,10.694,254.708,1.0
92.6,128.168409,37.997672,7155.873420000001,-47.038,10.82,254.23,1.0
92.7,128.168268,37.997658,7155.28668,-45.299,10.941,253.759,1.0
92.8,128.168127,37.997644,7154.6789088000005,-42.783,11.06,253.309,1.0
92.9,128.167986,37.99763,7154.053764,-39.634,11.181,252.894,1.0
93.0,128.167844,37.997615,7153.4149032000005,-36.008,11.305,252.525,1.0
93.1,128.167703,37.997599,7152.7662887999995,-32.065,11.435,252.205,1.0
93.2,128.167561,37.997582,7152.1149312,-28.263,11.57,251.934,1.0
93.3,128.16742,37.997565,7151.4833856000005,-25.447,11.706,251.699,1.0
93.4,128.167278,37.997548,7150.8957312,-23.686,11.855,251.503,1.0
93.5,128.167137,37.99753,7150.3726944,-22.965,12.023,251.341,1.0
93.6,128.166996,37.997511,7149.9170184,-23.222,12.215,251.205,1.0
93.7,128.166854,37.997491,7149.527484000001,-24.357,12.43,251.079,1.0
93.8,128.166713,37.99747,7149.198909600001,-25.943,12.666,250.96,1.0
93.9,128.166572,37.997449,7148.910264,-27.129,12.925,250.856,1.0
94.0,128.166431,37.997428,7148.6383824,-27.816,13.198,250.749,1.0
94.1,128.16629,37.997406,7148.3637576,-27.973,13.475,250.631,1.0
94.2,128.16615,37.997383,7148.0836464,-27.597,13.748,250.502,1.0
94.3,128.166009,37.997361,7147.7980488,-26.713,14.012,250.365,1.0
94.4,128.165868,37.997337,7147.5078792,-25.371,14.265,250.225,1.0
94.5,128.165728,37.997314,7147.214356800001,-23.638,14.508,250.09,1.0
94.6,128.165588,37.99729,7146.918700800001,-21.595,14.741,249.969,1.0
94.7,128.165448,37.997265,7146.6224352,-19.33,14.966,249.868,1.0
94.8,128.165309,37.997241,7146.326474400001,-16.932,15.183,249.794,1.0
94.9,128.165169,37.997216,7146.0329520000005,-14.489,15.394,249.753,1.0
95.0,128.165031,37.997191,7145.7421728,-12.081,15.6,249.748,1.0
95.1,128.164892,37.997166,7145.4550512000005,-9.778,15.802,249.783,1.0
95.2,128.164753,37.99714,7145.171282400001,-7.634,15.96,249.865,1.0
95.3,128.164615,37.997114,7144.884770400001,-5.686,15.836,250.023,1.0
95.4,128.164477,37.997088,7144.5915528,-3.968,15.404,250.253,1.0
95.5,128.164339,37.997063,7144.2876672,-2.5,14.73,250.554,1.0
95.6,128.164202,37.997036,7143.9670176,-1.251,13.872,250.906,1.0
95.7,128.164064,37.99701,7143.6232032,-0.176,12.874,251.297,1.0
95.8,128.163927,37.996984,7143.2482992000005,0.792,11.766,251.711,1.0
95.9,128.163789,37.996958,7142.8352952000005,1.742,10.579,252.133,1.0
96.0,128.163652,37.996931,7142.3762664,2.757,9.358,252.551,1.0
96.1,128.163514,37.996905,7141.8642024,3.909,8.105,252.957,1.0
96.2,128.163376,37.996879,7141.2905688,5.258,6.818,253.339,1.0
96.3,128.163239,37.996852,7140.648355200001,6.851,5.504,253.689,1.0
96.4,128.163101,37.996826,7139.9296368000005,8.72,4.171,253.999,1.0
96.5,128.162963,37.996799,7139.1274032,10.892,2.827,254.26,1.0
96.6,128.162825,37.996773,7138.2379968000005,13.064,1.482,254.448,1.0
96.7,128.162687,37.996746,7137.275438400001,14.469,0.151,254.531,1.0
96.8,128.162549,37.99672,7136.256492,15.135,-1.158,254.527,1.0
96.9,128.162411,37.996693,7135.1951784,15.127,-2.446,254.46,1.0
97.0,128.162273,37.996667,7134.0875352,14.502,-3.715,254.348,1.0
97.1,128.162135,37.996641,7132.926856800001,13.313,-4.969,254.21,1.0
97.2,128.161997,37.996615,7131.7030848,11.925,-6.217,254.081,1.0
97.3,128.161859,37.996588,7130.389092,11.143,-7.467,254.011,1.0
97.4,128.161721,37.996562,7128.9540936,10.977,-8.711,253.981,1.0
97.5,128.161583,37.996536,7127.372181600001,11.407,-9.947,253.975,1.0
97.6,128.161444,37.996509,7125.6351264,12.417,-11.171,253.975,1.0
97.7,128.161306,37.996482,7123.739270400001,13.993,-12.377,253.963,1.0
97.8,128.161168,37.996456,7121.6849184,15.79,-13.554,253.905,1.0
97.9,128.16103,37.996429,7119.4903584,16.985,-14.682,253.755,1.0
98.0,128.160892,37.996402,7117.1766216,17.564,-15.756,253.538,1.0
98.1,128.160755,37.996375,7114.7601672,17.555,-16.776,253.278,1.0
98.2,128.160617,37.996348,7112.239776,16.989,-17.748,252.998,1.0
98.3,128.16048,37.996321,7109.6099616,15.896,-18.682,252.715,1.0
98.4,128.160342,37.996294,7106.8670664,14.304,-19.586,252.447,1.0
98.5,128.160205,37.996267,7104.007128,12.24,-20.469,252.209,1.0
98.6,128.160069,37.99624,7101.0277080000005,9.727,-21.335,252.015,1.0
98.7,128.159932,37.996213,7097.9224056,7.081,-22.195,251.9,1.0
98.8,128.159796,37.996186,7094.667141600001,5.034,-23.061,251.915,1.0
98.9,128.15966,37.996158,7091.2347887999995,3.612,-23.939,252.034,1.0
99.0,128.159525,37.996131,7087.6034016,2.812,-24.833,252.23,1.0
99.1,128.15939,37.996104,7083.7693224,2.629,-25.739,252.476,1.0
99.2,128.159255,37.996077,7079.732551200001,3.052,-26.653,252.748,1.0
99.3,128.159121,37.996049,7075.493392800001,4.068,-27.574,253.021,1.0
99.4,128.158987,37.996022,7071.0515424000005,5.663,-28.498,253.27,1.0
99.5,128.158854,37.995995,7066.4063904,7.819,-29.425,253.474,1.0
99.6,128.158721,37.995968,7061.5588512,10.517,-30.351,253.612,1.0
99.7,128.158589,37.99594,7056.512582400001,13.438,-31.267,253.642,1.0
99.8,128.158457,37.995913,7051.2910536,15.818,-32.151,253.513,1.0
99.9,128.158325,37.995886,7045.919868,17.618,-32.991,253.258,1.0
100.0,128.158194,37.995858,7040.420056800001,18.835,-33.784,252.91,1.0
100.1,128.158064,37.995831,7034.7934488,19.476,-34.535,252.5,1.0
100.2,128.157934,37.995803,7029.038824800001,19.55,-35.255,252.053,1.0
100.3,128.157804,37.995776,7023.154051200001,19.072,-35.954,251.592,1.0
100.4,128.157675,37.995748,7017.1379088,18.06,-36.639,251.139,1.0
100.5,128.157546,37.995721,7010.989483200001,16.533,-37.319,250.714,1.0
100.6,128.157418,37.995693,7004.707250400001,14.516,-38.002,250.335,1.0
100.7,128.157291,37.995666,6998.290600800001,12.03,-38.691,250.016,1.0
100.8,128.157164,37.995638,6991.7395344,9.097,-39.391,249.774,1.0
100.9,128.157038,37.995611,6985.053441600001,5.739,-40.101,249.623,1.0
101.0,128.156912,37.995583,6978.229274400001,2.259,-40.824,249.607,1.0
101.1,128.156787,37.995555,6971.2447824,-0.607,-41.567,249.793,1.0
101.2,128.156663,37.995528,6964.0743624,-2.806,-42.328,250.145,1.0
101.3,128.15654,37.995501,6956.697897600001,-4.318,-43.11,250.624,1.0
101.4,128.156417,37.995474,6949.1135592,-5.136,-43.907,251.192,1.0
101.5,128.156295,37.995447,6941.3228712,-5.256,-44.715,251.808,1.0
101.6,128.156175,37.995421,6933.3273576,-4.656,-45.533,252.421,1.0
101.7,128.156055,37.995395,6925.1273232,-3.292,-46.363,252.966,1.0
101.8,128.155936,37.995369,6916.7230728,-1.205,-47.206,253.42,1.0
101.9,128.155817,37.995344,6908.1161304,1.566,-48.001,253.762,1.0
102.0,128.1557,37.995318,6899.320212,4.924,-48.309,254.001,1.0
102.1,128.155584,37.995293,6890.3508624,8.658,-48.0,254.193,1.0
102.2,128.155468,37.995268,6881.219664,12.65,-47.267,254.391,1.0
102.3,128.155353,37.995243,6871.9458192,16.496,-46.232,254.613,1.0
102.4,128.155238,37.995217,6862.565904,19.323,-44.944,254.851,1.0
102.5,128.155123,37.995192,6853.1180184,21.058,-43.431,255.172,1.0
102.6,128.155007,37.995168,6843.626546400001,21.725,-41.726,255.603,1.0
102.7,128.154891,37.995143,6834.1042896,21.394,-39.873,256.132,1.0
102.8,128.154774,37.995118,6824.565268800001,20.176,-37.97,256.695,1.0
102.9,128.154656,37.995094,6815.0225904,18.177,-36.097,257.23,1.0
103.0,128.154537,37.99507,6805.4902752,15.5,-34.308,257.689,1.0
103.1,128.154417,37.995046,6795.9826488,12.258,-32.642,258.04,1.0
103.2,128.154296,37.995022,6786.5125128,8.56,-31.121,258.264,1.0
103.3,128.154174,37.994998,6777.0871824000005,4.939,-29.755,258.38,1.0
103.4,128.154051,37.994975,6767.6917224,2.505,-28.536,258.443,1.0
103.5,128.153927,37.994951,6758.3063208,1.296,-27.443,258.451,1.0
103.6,128.153802,37.994927,6748.9142136,1.252,-26.459,258.414,1.0
103.7,128.153677,37.994903,6739.519668,2.259,-25.572,258.355,1.0
103.8,128.15355,37.994879,6730.1296944000005,4.161,-24.773,258.3,1.0
103.9,128.153423,37.994855,6720.7509984,6.765,-24.051,258.274,1.0
104.0,128.153295,37.994831,6711.389676,9.851,-23.403,258.298,1.0
104.1,128.153167,37.994807,6702.0496896,13.188,-22.826,258.385,1.0
104.2,128.153037,37.994783,6692.7380496000005,16.131,-22.311,258.526,1.0
104.3,128.152906,37.994759,6683.481883200001,17.487,-21.838,258.687,1.0
104.4,128.152774,37.994736,6674.3119752,17.247,-21.398,258.874,1.0
104.5,128.152641,37.994713,6665.2554528,15.555,-20.975,259.075,1.0
104.6,128.152507,37.99469,6656.3181072,12.634,-20.555,259.266,1.0
104.7,128.152371,37.994667,6647.498414400001,9.201,-20.129,259.439,1.0
104.8,128.152234,37.994645,6638.7716856,6.6,-19.697,259.607,1.0
104.9,128.152096,37.994622,6630.1080504,4.998,-19.255,259.741,1.0
105.0,128.151957,37.9946,6621.4825152,4.413,-18.806,259.833,1.0
105.1,128.151817,37.994578,6612.893251200001,4.782,-18.36,259.893,1.0
105.2,128.151677,37.994555,6604.343916,5.98,-17.925,259.935,1.0
105.3,128.151536,37.994533,6595.836643199999,7.842,-17.506,259.982,1.0
105.4,128.151394,37.99451,6587.3738712,10.178,-17.107,260.05,1.0
105.5,128.151251,37.994488,6578.956819200001,12.796,-16.731,260.158,1.0
105.6,128.151108,37.994466,6570.586096800001,15.51,-16.377,260.318,1.0
105.7,128.150964,37.994444,6562.2610944,18.156,-16.047,260.538,1.0
105.8,128.150819,37.994422,6553.985774400001,20.149,-15.733,260.805,1.0
105.9,128.150673,37.994401,6545.7872640000005,20.335,-15.419,261.081,1.0
106.0,128.150526,37.99438,6537.6975672,18.807,-15.103,261.362,1.0
106.1,128.150378,37.99436,6529.746554400001,15.817,-14.774,261.63,1.0
106.2,128.150229,37.99434,6521.9360544,12.151,-14.426,261.877,1.0
106.3,128.150079,37.99432,6514.2395496,9.262,-14.061,262.114,1.0
106.4,128.149928,37.994301,6506.6244264,7.356,-13.67,262.308,1.0
106.5,128.149776,37.994281,6499.0635575999995,6.435,-13.265,262.479,1.0
106.6,128.149624,37.994262,6491.5542000000005,6.391,-12.861,262.68,1.0
106.7,128.149471,37.994243,6484.099096800001,7.2,-12.465,262.893,1.0
106.8,128.149318,37.994223,6476.7000768,8.768,-12.082,263.117,1.0
106.9,128.149163,37.994204,6469.359578400001,10.956,-11.716,263.36,1.0
107.0,128.149009,37.994186,6462.077601600001,13.595,-11.373,263.633,1.0
107.1,128.148853,37.994167,6454.854756000001,16.548,-11.05,263.922,1.0
107.2,128.148697,37.994149,6447.689822400001,19.7,-10.735,264.193,1.0
107.3,128.14854,37.994131,6440.5861536,22.455,-10.433,264.473,1.0
107.4,128.148383,37.994113,6433.5705720000005,23.697,-10.132,264.756,1.0
107.5,128.148225,37.994097,6426.674472,23.111,-9.827,265.045,1.0
107.6,128.148065,37.994081,6419.923152000001,21.178,-9.45,265.372,1.0
107.7,128.147905,37.994066,6413.297714400001,18.952,-8.852,265.796,1.0
107.8,128.147745,37.994051,6406.772556000001,16.677,-8.179,266.243,1.0
107.9,128.147584,37.994036,6400.3455432,14.48,-7.649,266.663,1.0
108.0,128.147422,37.994022,6394.015456800001,12.71,-7.223,267.036,1.0
108.1,128.14726,37.994009,6387.760656,11.878,-6.802,267.379,1.0
108.2,128.147097,37.993995,6381.581750400001,12.003,-6.227,267.723,1.0
108.3,128.146934,37.993982,6375.4827024,13.007,-5.572,268.062,1.0
108.4,128.14677,37.99397,6369.473265600001,14.449,-4.898,268.395,1.0
108.5,128.146606,37.993957,6363.5875776,15.467,-4.238,268.714,1.0
108.6,128.146441,37.993946,6357.8500224,16.044,-3.606,269.035,1.0
108.7,128.146276,37.993935,6352.2596856,16.244,-2.998,269.363,1.0
108.8,128.14611,37.993924,6346.813519200001,16.151,-2.412,269.695,1.0
108.9,128.145945,37.993914,6341.5099992000005,15.854,-1.842,270.027,1.0
109.0,128.145778,37.993905,6336.347906400001,15.436,-1.284,270.352,1.0
109.1,128.145612,37.993896,6331.326936,14.97,-0.735,270.666,1.0
109.2,128.145445,37.993888,6326.4416016000005,14.726,-0.195,270.97,1.0
109.3,128.145278,37.99388,6321.6629472,15.241,0.336,271.275,1.0
109.4,128.145111,37.993873,6316.977256800001,16.449,0.853,271.581,1.0
109.5,128.144943,37.993866,6312.3854448,18.212,1.344,271.895,1.0
109.6,128.144776,37.99386,6307.8875112000005,20.364,1.803,272.226,1.0
109.7,128.144608,37.993854,6303.4825416,22.725,2.226,272.584,1.0
109.8,128.144441,37.993849,6299.1687071999995,25.128,2.61,272.979,1.0
109.9,128.144273,37.993844,6294.943569600001,27.422,2.956,273.416,1.0
110.0,128.144105,37.993841,6290.8043856,29.49,3.265,273.899,1.0
110.1,128.143937,37.993838,6286.752679200001,30.806,3.547,274.417,1.0
110.2,128.14377,37.993835,6282.8128344,30.3,3.819,274.945,1.0
110.3,128.143602,37.993834,6279.007406400001,28.596,4.083,275.484,1.0
110.4,128.143434,37.993834,6275.314144800001,27.059,4.348,276.034,1.0
110.5,128.143266,37.993834,6271.705617600001,25.901,4.628,276.57,1.0
110.6,128.143099,37.993836,6268.176948,25.219,4.865,277.047,1.0
110.7,128.142931,37.993837,6264.7180776000005,25.037,4.69,277.291,1.0
110.8,128.142764,37.99384,6261.3195576,25.384,4.079,277.277,1.0
110.9,128.142597,37.993843,6257.969500800001,26.277,3.193,277.047,1.0
111.0,128.142429,37.993846,6254.654496,27.58,2.122,276.707,1.0
111.1,128.142262,37.99385,6251.358388799999,29.149,0.909,276.35,1.0
111.2,128.142095,37.993854,6248.063805600001,31.009,-0.393,275.956,1.0
111.3,128.141928,37.993859,6244.7527632,33.226,-1.746,275.475,1.0
111.4,128.14176,37.993864,6241.412155200001,35.296,-3.133,274.897,1.0
111.5,128.141593,37.993869,6238.0508208,36.072,-4.523,274.204,1.0
111.6,128.141425,37.993875,6234.684609600001,35.603,-5.914,273.442,1.0
111.7,128.141258,37.993882,6231.3238848,34.006,-7.308,272.65,1.0
111.8,128.14109,37.993889,6227.9598072,31.408,-8.716,271.859,1.0
111.9,128.140923,37.993896,6224.5801848,27.941,-10.148,271.097,1.0
112.0,128.140755,37.993904,6221.1728256,23.721,-11.617,270.394,1.0
112.1,128.140588,37.993912,6217.726452000001,18.801,-13.138,269.801,1.0
112.2,128.140421,37.993919,6214.2300912,13.174,-14.709,269.391,1.0
112.3,128.140253,37.993927,6210.6727704,6.905,-16.25,269.184,1.0
112.4,128.140086,37.993935,6207.0456504,0.039,-17.658,269.194,1.0
112.5,128.139919,37.993942,6203.340501600001,-7.377,-18.945,269.41,1.0
112.6,128.139752,37.99395,6199.5509232,-15.304,-20.118,269.822,1.0
112.7,128.139585,37.993957,6195.6729528,-23.693,-21.11,270.397,1.0
112.8,128.139418,37.993964,6191.7154296,-32.404,-21.487,270.871,1.0
112.9,128.139252,37.993971,6187.6905456,-41.247,-21.045,270.914,1.0
113.0,128.139086,37.993977,6183.6062256,-49.562,-19.916,270.375,1.0
113.1,128.13892,37.993983,6179.4536304,-56.017,-18.31,269.262,1.0
113.2,128.138753,37.993988,6175.2248352,-60.708,-16.461,267.644,1.0
113.3,128.138587,37.993993,6170.917096800001,-63.832,-14.603,265.747,1.0
113.4,128.13842,37.993998,6166.5423024,-65.478,-12.898,263.773,1.0
113.5,128.138254,37.994002,6162.1123392,-65.666,-11.444,261.853,1.0
113.6,128.138087,37.994004,6157.63818,-64.452,-10.25,260.065,1.0
113.7,128.13792,37.994006,6153.1295784,-61.976,-9.246,258.448,1.0
113.8,128.137754,37.994007,6148.596897600001,-58.421,-8.363,257.026,1.0
113.9,128.137587,37.994006,6144.0529392,-54.037,-7.548,255.811,1.0
114.0,128.13742,37.994004,6139.5156864,-49.623,-6.786,254.801,1.0
114.1,128.137254,37.994,6135.018972,-46.605,-6.084,253.964,1.0
114.2,128.137088,37.993995,6130.596628800001,-45.042,-5.42,253.275,1.0
114.3,128.136921,37.993987,6126.2763936,-44.82,-4.786,252.694,1.0
114.4,128.136756,37.993978,6122.0631432,-45.737,-4.179,252.175,1.0
114.5,128.13659,37.993967,6117.954744,-47.533,-3.603,251.675,1.0
114.6,128.136425,37.993954,6113.946624000001,-49.925,-3.067,251.16,1.0
114.7,128.13626,37.993939,6110.031468,-52.633,-2.581,250.6,1.0
114.8,128.136096,37.993921,6106.200436800001,-55.402,-2.154,249.975,1.0
114.9,128.135932,37.993902,6102.4443864,-58.02,-1.794,249.271,1.0
115.0,128.135769,37.993881,6098.7532584,-60.325,-1.507,248.484,1.0
115.1,128.135606,37.993858,6095.1188232,-62.217,-1.294,247.614,1.0
115.2,128.135445,37.993833,6091.532851200001,-63.656,-1.153,246.67,1.0
115.3,128.135283,37.993806,6087.9895512,-64.645,-1.077,245.664,1.0
115.4,128.135123,37.993777,6084.4849608,-65.196,-1.068,244.607,1.0
115.5,128.134964,37.993745,6081.016032,-65.336,-1.135,243.503,1.0
115.6,128.134806,37.993712,6077.580936,-65.175,-1.245,242.376,1.0
115.7,128.134648,37.993677,6074.1781488,-64.816,-1.374,241.245,1.0
115.8,128.134492,37.99364,6070.80828,-64.354,-1.505,240.121,1.0
115.9,128.134336,37.993601,6067.471024800001,-63.883,-1.621,239.014,1.0
116.0,128.134182,37.993559,6064.166688000001,-63.486,-1.709,237.932,1.0
116.1,128.134029,37.993516,6060.8955744,-63.227,-1.762,236.876,1.0
116.2,128.133877,37.993472,6057.6579888,-63.134,-1.786,235.844,1.0
116.3,128.133727,37.993425,6054.4536264,-63.216,-1.788,234.83,1.0
116.4,128.133577,37.993376,6051.281268000001,-63.467,-1.774,233.829,1.0
116.5,128.133429,37.993326,6048.1399992,-63.869,-1.752,232.838,1.0
116.6,128.133282,37.993273,6045.0273816,-64.396,-1.729,231.85,1.0
116.7,128.133137,37.993219,6041.9415864,-65.016,-1.71,230.862,1.0
116.8,128.132993,37.993164,6038.879565600001,-65.697,-1.7,229.872,1.0
116.9,128.132851,37.993106,6035.8388808,-66.407,-1.704,228.877,1.0
117.0,128.13271,37.993047,6032.816179200001,-67.119,-1.723,227.876,1.0
117.1,128.132571,37.992986,6029.8087176,-67.807,-1.761,226.867,1.0
117.2,128.132433,37.992923,6026.813448,-68.456,-1.816,225.852,1.0
117.3,128.132297,37.992859,6023.8273224,-69.052,-1.89,224.83,1.0
117.4,128.132162,37.992793,6020.8479024,-69.588,-1.98,223.803,1.0
117.5,128.132029,37.992725,6017.8712256,-70.065,-2.089,222.78,1.0
117.6,128.131898,37.992655,6014.893634399999,-70.49,-2.219,221.774,1.0
117.7,128.131767,37.992583,6011.9133,-70.877,-2.363,220.772,1.0
117.8,128.131638,37.992509,6008.9283936,-71.24,-2.516,219.764,1.0
117.9,128.13151,37.992433,6005.9367816,-71.597,-2.675,218.746,1.0
118.0,128.131383,37.992354,6002.9369400000005,-71.96,-2.837,217.715,1.0
118.1,128.131258,37.992274,5999.9270400000005,-72.344,-3.002,216.67,1.0
118.2,128.131135,37.992192,5996.9055576,-72.758,-3.169,215.612,1.0
118.3,128.131013,37.992108,5993.8700544,-73.208,-3.339,214.541,1.0
118.4,128.130893,37.992022,5990.819006400001,-73.697,-3.514,213.459,1.0
118.5,128.130774,37.991933,5987.75028,-74.225,-3.694,212.367,1.0
118.6,128.130657,37.991843,5984.661741600001,-74.79,-3.881,211.265,1.0
118.7,128.130542,37.991751,5981.5506479999995,-75.387,-4.077,210.155,1.0
118.8,128.130429,37.991657,5978.414560800001,-76.01,-4.284,209.037,1.0
118.9,128.130318,37.991561,5975.2510416000005,-76.653,-4.503,207.912,1.0
119.0,128.130209,37.991463,5972.057042400001,-77.31,-4.735,206.78,1.0
119.1,128.130102,37.991364,5968.829820000001,-77.975,-4.981,205.641,1.0
119.2,128.129997,37.991262,5965.563888000001,-78.143,-5.217,204.502,1.0
119.3,128.129894,37.991159,5962.2510168,-76.647,-5.389,203.375,1.0
119.4,128.129792,37.991054,5958.8915112,-74.164,-5.516,202.27,1.0
119.5,128.129693,37.990948,5955.5012208,-72.156,-5.627,201.198,1.0
119.6,128.129596,37.99084,5952.0959952,-70.782,-5.7,200.163,1.0
119.7,128.129501,37.99073,5948.68254,-70.078,-5.73,199.154,1.0
119.8,128.129409,37.990619,5945.262684000001,-70.048,-5.706,198.161,1.0
119.9,128.129319,37.990505,5941.8370368000005,-70.656,-5.613,197.185,1.0
120.0,128.129232,37.99039,5938.404684000001,-71.743,-5.493,196.205,1.0
120.1,128.129147,37.990274,5934.963187200001,-73.146,-5.379,195.21,1.0
120.2,128.129065,37.990156,5931.5091936,-74.708,-5.297,194.189,1.0
120.3,128.128986,37.990037,5928.036912,-76.297,-5.263,193.137,1.0
120.4,128.12891,37.989916,5924.538722400001,-77.267,-5.26,192.058,1.0
120.5,128.128835,37.989793,5921.002737600001,-76.29,-5.233,190.969,1.0
120.6,128.128763,37.98967,5917.4243856,-73.518,-5.174,189.891,1.0
120.7,128.128693,37.989545,5913.8061048,-69.812,-5.08,188.855,1.0
120.8,128.128625,37.989419,5910.1692312000005,-66.798,-4.968,187.882,1.0
120.9,128.12856,37.989292,5906.5390632,-64.671,-4.81,186.979,1.0
121.0,128.128497,37.989163,5902.9375464,-63.467,-4.6,186.128,1.0
121.1,128.128438,37.989033,5899.3726056000005,-63.135,-4.346,185.3,1.0
121.2,128.128381,37.988902,5895.846984000001,-63.558,-4.065,184.469,1.0
121.3,128.128328,37.98877,5892.3606816,-64.582,-3.776,183.616,1.0
121.4,128.128277,37.988637,5888.9106504,-66.033,-3.504,182.727,1.0
121.5,128.12823,37.988502,5885.492623200001,-67.738,-3.266,181.794,1.0
121.6,128.128186,37.988367,5882.101113600001,-69.539,-3.08,180.81,1.0
121.7,128.128145,37.98823,5878.729416,-71.301,-2.953,179.775,1.0
121.8,128.128107,37.988093,5875.37052,-72.924,-2.892,178.692,1.0
121.9,128.128072,37.987954,5872.018024800001,-74.343,-2.895,177.567,1.0
122.0,128.128041,37.987815,5868.665224800001,-75.533,-2.957,176.409,1.0
122.1,128.128014,37.987675,5865.306938400001,-76.497,-3.072,175.225,1.0
122.2,128.127989,37.987534,5861.9358504,-76.66,-3.199,174.03,1.0
122.3,128.127968,37.987393,5858.540988000001,-74.665,-3.264,172.847,1.0
122.4,128.127949,37.987251,5855.1244848,-71.352,-3.276,171.694,1.0
122.5,128.127934,37.987108,5851.709200800001,-68.532,-3.26,170.591,1.0
122.6,128.127922,37.986965,5848.3186056,-66.45,-3.184,169.55,1.0
122.7,128.127913,37.986821,5844.9639768,-65.179,-3.04,168.554,1.0
122.8,128.127908,37.986677,5841.651410400001,-64.704,-2.839,167.583,1.0
122.9,128.127907,37.986533,5838.3842592,-64.941,-2.602,166.619,1.0
123.0,128.127909,37.986388,5835.162523200001,-65.761,-2.353,165.645,1.0
123.1,128.127915,37.986243,5831.9843736,-67.012,-2.115,164.649,1.0
123.2,128.127925,37.986097,5828.8455432,-68.538,-1.908,163.622,1.0
123.3,128.127938,37.985952,5825.740545600001,-70.192,-1.747,162.559,1.0
123.4,128.127954,37.985806,5822.662370400001,-71.851,-1.642,161.458,1.0
123.5,128.127975,37.98566,5819.6043119999995,-73.419,-1.597,160.321,1.0
123.6,128.127999,37.985514,5816.5557024,-74.202,-1.58,159.162,1.0
123.7,128.128026,37.985369,5813.5025208,-72.7,-1.522,158.006,1.0
123.8,128.128056,37.985223,5810.4380616,-69.151,-1.409,156.878,1.0
123.9,128.128089,37.985077,5807.3662872,-64.644,-1.237,155.818,1.0
124.0,128.128124,37.984931,5804.3167632,-61.146,-1.025,154.844,1.0
124.1,128.128163,37.984785,5801.3227128,-58.892,-0.747,153.961,1.0
124.2,128.128206,37.98464,5798.413092000001,-57.891,-0.404,153.14,1.0
124.3,128.128252,37.984495,5795.595825599999,-58.028,-0.013,152.341,1.0
124.4,128.128301,37.98435,5792.871828,-59.106,0.4,151.529,1.0
124.5,128.128354,37.984206,5790.2377464,-60.885,0.804,150.679,1.0
124.6,128.128411,37.984062,5787.68718,-63.104,1.172,149.777,1.0
124.7,128.128471,37.983919,5785.2100704,-65.486,1.482,148.812,1.0
124.8,128.128535,37.983777,5782.7927016,-67.173,1.749,147.793,1.0
124.9,128.128602,37.983635,5780.4122136000005,-66.541,2.025,146.75,1.0
125.0,128.128672,37.983493,5778.053976,-63.781,2.318,145.713,1.0
125.1,128.128744,37.983352,5775.710064000001,-59.317,2.621,144.8,1.0
125.2,128.128818,37.983211,5773.3932792000005,-54.308,2.849,144.178,1.0
125.3,128.128895,37.98307,5771.139588000001,-50.77,3.031,143.737,1.0
125.4,128.128975,37.98293,5769.001111200001,-48.883,3.228,143.404,1.0
125.5,128.129058,37.982791,5767.011986400001,-48.567,3.464,143.106,1.0
125.6,128.129144,37.982653,5765.1758712,-49.609,3.743,142.784,1.0
125.7,128.129234,37.982516,5763.486974400001,-51.719,4.044,142.405,1.0
125.8,128.129326,37.98238,5761.933104,-54.53,4.342,141.951,1.0
125.9,128.129421,37.982244,5760.4926192,-57.035,4.637,141.427,1.0
126.0,128.129519,37.982109,5759.116447200001,-57.536,4.958,140.859,1.0
126.1,128.129619,37.981975,5757.754600800001,-56.095,5.285,140.254,1.0
126.2,128.12972,37.98184,5756.3833056,-52.951,5.626,139.652,1.0
126.3,128.129823,37.981706,5755.0077432,-48.423,5.996,139.101,1.0
126.4,128.129927,37.981571,5753.635533600001,-42.891,6.412,138.641,1.0
126.5,128.130033,37.981437,5752.2767352,-36.721,6.862,138.276,1.0
126.6,128.13014,37.981302,5750.954208,-30.984,7.306,137.959,1.0
126.7,128.130249,37.981168,5749.7447616,-27.761,7.75,137.68,1.0
126.8,128.130359,37.981034,5748.7349592,-27.046,8.223,137.448,1.0
126.9,128.130472,37.980901,5747.993076,-28.523,8.727,137.231,1.0
127.0,128.130587,37.98077,5747.521550400001,-31.751,9.25,136.976,1.0
127.1,128.130704,37.980639,5747.29356,-35.547,9.785,136.669,1.0
127.2,128.130823,37.980509,5747.229247200001,-37.794,10.341,136.325,1.0
127.3,128.130943,37.98038,5747.249973600001,-38.365,10.887,135.921,1.0
127.4,128.131064,37.98025,5747.296608,-37.376,11.415,135.479,1.0
127.5,128.131187,37.98012,5747.3670168,-35.039,11.925,135.043,1.0
127.6,128.131311,37.979991,5747.4697344,-31.64,12.426,134.653,1.0
127.7,128.131436,37.979862,5747.6139048000005,-27.513,12.933,134.341,1.0
127.8,128.131563,37.979732,5747.808672,-23.002,13.455,134.129,1.0
127.9,128.13169,37.979603,5748.061351200001,-18.427,13.998,134.031,1.0
128.0,128.131819,37.979474,5748.3783432,-14.052,14.558,134.051,1.0
128.1,128.131948,37.979345,5748.7651344,-10.069,15.132,134.186,1.0
128.2,128.132078,37.979215,5749.2403176,-7.325,15.706,134.389,1.0
128.3,128.132209,37.979086,5749.8886272,-7.533,16.267,134.577,1.0
128.4,128.132341,37.978958,5750.804551200001,-10.34,16.817,134.731,1.0
128.5,128.132473,37.97883,5752.0463064000005,-14.394,17.367,134.841,1.0
128.6,128.132605,37.978702,5753.5386072,-17.299,17.938,134.914,1.0
128.7,128.132739,37.978575,5755.1857464,-18.765,18.52,134.899,1.0
128.8,128.132874,37.978448,5756.9133528,-18.788,19.1,134.806,1.0
128.9,128.133009,37.978322,5758.7147208,-17.505,19.664,134.675,1.0
129.0,128.133145,37.978195,5760.596556,-15.146,20.207,134.551,1.0
129.1,128.133281,37.978068,5762.565259200001,-12.002,20.735,134.472,1.0
129.2,128.133419,37.977941,5764.6266216,-8.383,21.252,134.466,1.0
129.3,128.133557,37.977815,5766.78552,-4.586,21.76,134.549,1.0
129.4,128.133695,37.977688,5769.0587184000005,-1.641,22.261,134.693,1.0
129.5,128.133833,37.977562,5771.5279032,-1.504,22.755,134.827,1.0
129.6,128.133972,37.977436,5774.2839048000005,-3.893,23.249,134.948,1.0
129.7,128.13411,37.977311,5777.397132,-8.26,23.753,135.006,1.0
129.8,128.134248,37.977187,5780.8532592,-13.201,24.28,134.985,1.0
129.9,128.134386,37.977063,5784.561456,-16.313,24.843,134.905,1.0
130.0,128.134525,37.97694,5788.4272344,-17.463,25.427,134.731,1.0
130.1,128.134664,37.976818,5792.378356800001,-16.802,26.015,134.494,1.0
130.2,128.134804,37.976695,5796.4090320000005,-14.597,26.592,134.25,1.0
130.3,128.134944,37.976573,5800.5402912,-12.018,27.145,134.013,1.0
130.4,128.135085,37.976451,5804.853516,-11.323,27.667,133.757,1.0
130.5,128.135225,37.97633,5809.434660000001,-12.511,28.184,133.545,1.0
130.6,128.135365,37.976211,5814.3483408,-15.322,28.722,133.395,1.0
130.7,128.135506,37.976093,5819.590900800001,-19.316,29.282,133.205,1.0
130.8,128.135646,37.975976,5825.1321648,-23.932,29.857,132.913,1.0
130.9,128.135786,37.975862,5830.919097600001,-28.441,30.436,132.495,1.0
131.0,128.135928,37.975748,5836.9257912,-32.018,31.008,131.96,1.0
131.1,128.136069,37.975636,5843.079093599999,-33.039,31.593,131.372,1.0
131.2,128.136212,37.975524,5849.310120000001,-31.695,32.179,130.758,1.0
131.3,128.136355,37.975412,5855.5944864,-28.323,32.766,130.184,1.0
131.4,128.136498,37.975301,5861.9419464,-23.345,33.357,129.729,1.0
131.5,128.136642,37.97519,5868.3771888,-18.064,33.939,129.404,1.0
131.6,128.136786,37.975081,5874.975804000001,-14.843,34.494,129.143,1.0
131.7,128.13693,37.974972,5881.818564,-13.731,35.04,128.924,1.0
131.8,128.137073,37.974865,5888.965819200001,-14.555,35.601,128.734,1.0
131.9,128.137215,37.97476,5896.416350400001,-17.012,36.189,128.526,1.0
132.0,128.137357,37.974656,5904.1549176,-20.769,36.807,128.269,1.0
132.1,128.137498,37.974555,5912.153479200001,-24.678,37.461,127.988,1.0
132.2,128.13764,37.974455,5920.3385784,-26.523,38.153,127.689,1.0
132.3,128.137781,37.974356,5928.637368000001,-26.319,38.854,127.331,1.0
132.4,128.137923,37.974257,5936.997727200001,-24.281,39.549,126.956,1.0
132.5,128.138065,37.974159,5945.4327624,-20.861,40.226,126.621,1.0
132.6,128.138207,37.974061,5953.9686864000005,-16.661,40.882,126.38,1.0
132.7,128.138349,37.973965,5962.6210439999995,-12.144,41.524,126.271,1.0
132.8,128.138491,37.973869,5971.4065992000005,-8.242,42.149,126.252,1.0
132.9,128.138632,37.973774,5980.387836,-6.583,42.754,126.225,1.0
133.0,128.138771,37.97368,5989.627848,-7.061,43.36,126.219,1.0
133.1,128.138909,37.973588,5999.1430944,-9.361,43.985,126.199,1.0
133.2,128.139045,37.973498,6008.921078400001,-13.112,44.633,126.104,1.0
133.3,128.13918,37.97341,6018.9380255999995,-17.285,45.308,125.943,1.0
133.4,128.139315,37.973323,6029.1277944,-19.926,46.02,125.786,1.0
133.5,128.139449,37.973236,6039.423938400001,-20.642,46.747,125.572,1.0
133.6,128.139583,37.973151,6049.77708,-19.553,47.469,125.313,1.0
133.7,128.139717,37.973065,6060.188133600001,-16.911,48.167,125.066,1.0
133.8,128.13985,37.972981,6070.679959200001,-13.224,48.835,124.889,1.0
133.9,128.139983,37.972897,6081.2769408,-9.497,49.467,124.768,1.0
134.0,128.140115,37.972814,6092.034856800001,-7.1,50.065,124.645,1.0
134.1,128.140246,37.972733,6102.9762624,-5.792,50.658,124.592,1.0
134.2,128.140375,37.972652,6114.0819552,-5.264,51.266,124.612,1.0
134.3,128.140504,37.972573,6125.3376096,-5.247,51.891,124.679,1.0
134.4,128.14063,37.972495,6136.729509600001,-5.936,52.53,124.733,1.0
134.5,128.140755,37.972418,6148.2768576,-8.113,53.183,124.689,1.0
134.6,128.140877,37.972344,6159.9848352,-10.785,53.851,124.586,1.0
134.7,128.140998,37.972271,6171.794311200001,-11.949,54.549,124.489,1.0
134.8,128.141117,37.972198,6183.64524,-11.623,55.264,124.355,1.0
134.9,128.141236,37.972127,6195.490987200001,-9.968,55.978,124.21,1.0
135.0,128.141354,37.972056,6207.3294192,-7.238,56.672,124.109,1.0
135.1,128.141471,37.971986,6219.172118400001,-3.842,57.333,124.102,1.0
135.2,128.141587,37.971917,6231.032800800001,-0.735,57.96,124.183,1.0
135.3,128.141701,37.971848,6242.952919200001,0.474,58.555,124.285,1.0
135.4,128.141813,37.971782,6254.9742312,-0.108,59.132,124.422,1.0
135.5,128.141921,37.971716,6267.1153296,-2.228,59.709,124.549,1.0
135.6,128.142027,37.971653,6279.3658512,-5.595,60.304,124.597,1.0
135.7,128.142131,37.971591,6291.7087272,-9.376,60.922,124.54,1.0
135.8,128.142233,37.971531,6304.0997615999995,-12.141,61.566,124.4,1.0
135.9,128.142333,37.971472,6316.4947584,-13.817,62.223,124.133,1.0
136.0,128.142433,37.971413,6328.8601896,-14.002,62.879,123.784,1.0
136.1,128.142532,37.971355,6341.192092800001,-12.81,63.515,123.402,1.0
136.2,128.14263,37.971297,6353.4941256,-10.449,64.123,123.054,1.0
136.3,128.142728,37.97124,6365.780004,-7.691,64.696,122.765,1.0
136.4,128.142824,37.971185,6378.081427200001,-5.703,65.23,122.525,1.0
136.5,128.142917,37.97113,6390.4179024,-4.41,65.743,122.389,1.0
136.6,128.143009,37.971077,6402.7808952000005,-3.677,66.257,122.362,1.0
136.7,128.143099,37.971025,6415.160956800001,-3.367,66.78,122.425,1.0
136.8,128.143188,37.970974,6427.5501624,-3.358,67.314,122.551,1.0
136.9,128.143275,37.970924,6439.968933600001,-3.548,67.846,122.709,1.0
137.0,128.14336,37.970875,6452.4507984,-3.854,68.36,122.874,1.0
137.1,128.143445,37.970827,6464.9920992,-4.217,68.867,123.022,1.0
137.2,128.143527,37.970779,6477.590397600001,-4.595,69.372,123.136,1.0
137.3,128.143609,37.970733,6490.243560000001,-4.962,69.878,123.206,1.0
137.4,128.143689,37.970687,6502.949148,-5.302,70.387,123.226,1.0
137.5,128.143768,37.970642,6515.705942400001,-5.609,70.899,123.195,1.0
137.6,128.143846,37.970598,6528.511504800001,-5.885,71.415,123.115,1.0
137.7,128.143922,37.970555,6541.364311200001,-6.133,71.935,122.99,1.0
137.8,128.143997,37.970513,6554.2622280000005,-6.36,72.459,122.825,1.0
137.9,128.14407,37.970471,6567.2031216000005,-6.575,72.987,122.624,1.0
138.0,128.144143,37.970431,6580.185468000001,-6.784,73.519,122.391,1.0
138.1,128.144214,37.970391,6593.206828800001,-6.995,74.054,122.131,1.0
138.2,128.144283,37.970353,6606.264765600001,-7.215,74.593,121.847,1.0
138.3,128.144351,37.970315,6619.3577544,-7.448,75.135,121.539,1.0
138.4,128.144418,37.970278,6632.4830520000005,-7.701,75.68,121.209,1.0
138.5,128.144484,37.970242,6645.6388296,-7.978,76.227,120.856,1.0
138.6,128.144548,37.970207,6658.8229536,-8.283,76.776,120.479,1.0
138.7,128.14461,37.970173,6672.033290400001,-8.619,77.326,120.075,1.0
138.8,128.144672,37.970139,6685.268011200001,-8.991,77.877,119.642,1.0
138.9,128.144732,37.970107,6698.5246776,-9.403,78.43,119.173,1.0
139.0,128.144791,37.970075,6711.8014608,-9.862,78.982,118.664,1.0
139.1,128.144848,37.970045,6725.0968368,-10.374,79.535,118.106,1.0
139.2,128.144904,37.970015,6738.4080624,-10.946,80.087,117.492,1.0
139.3,128.144959,37.969986,6751.7339184,-11.589,80.638,116.81,1.0
139.4,128.145012,37.969958,6765.0722712,-12.315,81.189,116.047,1.0
139.5,128.145065,37.969931,6778.4209872,-13.141,81.738,115.186,1.0
139.6,128.145115,37.969904,6791.7785424,-14.087,82.285,114.206,1.0
139.7,128.145165,37.969879,6805.1428032,-15.18,82.83,113.079,1.0
139.8,128.145213,37.969854,6818.512245600001,-16.455,83.371,111.771,1.0
139.9,128.14526,37.96983,6831.884736,-17.958,83.909,110.233,1.0
140.0,128.145305,37.969807,6845.2587504,-19.755,84.441,108.403,1.0
140.1,128.145349,37.969785,6858.632155200001,-21.932,84.967,106.19,1.0
140.2,128.145392,37.969764,6872.0034264000005,-24.617,85.483,103.471,1.0
140.3,128.145434,37.969743,6885.37104,-27.99,85.986,100.061,1.0
140.4,128.145474,37.969724,6898.7328624,-32.318,86.472,95.696,1.0
140.5,128.145513,37.969705,6912.087064800001,-37.991,86.93,89.986,1.0
140.6,128.14555,37.969687,6925.432428,-45.7,87.34,82.224,1.0
140.7,128.145586,37.96967,6938.7671232,-56.359,87.659,71.469,1.0
140.8,128.145621,37.969654,6952.0893216,-69.684,87.856,57.836,1.0
140.9,128.145655,37.969638,6965.3968896,-84.033,87.925,42.531,1.0
141.0,128.145689,37.969623,6978.6879984,-97.727,87.863,27.314,1.0
141.1,128.145721,37.969608,6991.962038400001,-109.337,87.693,13.726,1.0
141.2,128.145752,37.969594,7005.2180952,-118.541,87.455,2.214,1.0
141.3,128.145782,37.969581,7018.455559200001,-125.811,87.182,352.427,1.0
141.4,128.145811,37.969568,7031.6576663999995,-131.91,86.894,343.717,1.0
141.5,128.14584,37.969556,7044.7969848,-137.527,86.594,335.498,1.0
141.6,128.145867,37.969544,7057.8668088,-142.988,86.285,327.529,1.0
141.7,128.145893,37.969532,7070.8622616,-148.509,85.964,319.655,1.0
141.8,128.145918,37.969521,7083.781514400001,-154.195,85.624,311.811,1.0
141.9,128.145943,37.96951,7096.6239576,-160.06,85.257,303.999,1.0
142.0,128.145966,37.969499,7109.3886768,-166.034,84.85,296.28,1.0
142.1,128.145988,37.969489,7122.0753672,-171.963,84.392,288.782,1.0
142.2,128.146009,37.969479,7134.6825048,-177.755,83.872,281.736,1.0
142.3,128.146029,37.969469,7147.2073464000005,176.534,83.291,275.445,1.0
142.4,128.146047,37.96946,7159.6480632,171.023,82.652,269.863,1.0
142.5,128.146064,37.96945,7172.0031312,165.756,81.958,264.876,1.0
142.6,128.146079,37.969441,7184.271636,160.954,81.213,260.527,1.0
142.7,128.146093,37.969432,7196.452663200001,156.786,80.427,256.832,1.0
142.8,128.146106,37.969424,7208.5452984,153.361,79.617,253.773,1.0
142.9,128.146117,37.969415,7220.5477128,150.731,78.797,251.305,1.0
143.0,128.146127,37.969406,7232.458687200001,148.789,77.988,249.4,1.0
143.1,128.146135,37.969398,7244.273954400001,147.251,77.211,248.054,1.0
143.2,128.146142,37.96939,7255.9907712,146.126,76.478,247.205,1.0
143.3,128.146147,37.969382,7267.6073088,145.432,75.794,246.802,1.0
143.4,128.14615,37.969374,7279.1229576,145.174,75.164,246.805,1.0
143.5,128.146152,37.969366,7290.5364984,145.341,74.587,247.174,1.0
143.6,128.146153,37.969359,7301.846712,145.91,74.062,247.876,1.0
143.7,128.146151,37.969351,7313.0529888,146.844,73.586,248.878,1.0
143.8,128.146149,37.969344,7324.1541096,148.096,73.151,250.148,1.0
143.9,128.146145,37.969337,7335.149464800001,149.607,72.75,251.657,1.0
144.0,128.146139,37.96933,7346.0384448,151.314,72.373,253.373,1.0
144.1,128.146133,37.969323,7356.8201352,153.146,72.011,255.263,1.0
144.2,128.146124,37.969316,7367.4939264,155.029,71.654,257.295,1.0
144.3,128.146115,37.969309,7378.058904,156.853,71.325,259.396,1.0
144.4,128.146104,37.969303,7388.5138488,158.332,71.216,261.303,1.0
144.5,128.146093,37.969296,7398.858760800001,159.4,71.386,262.987,1.0
144.6,128.14608,37.96929,7409.0954688,160.088,71.808,264.514,1.0
144.7,128.146066,37.969284,7419.226716,160.538,72.422,265.943,1.0
144.8,128.146052,37.969278,7429.2595128,161.215,72.988,267.496,1.0
144.9,128.146036,37.969273,7439.1975168,162.235,73.331,269.334,1.0
145.0,128.146021,37.969267,7449.041947200001,163.474,73.463,271.37,1.0
145.1,128.146005,37.969262,7458.7931088000005,164.771,73.434,273.471,1.0
145.2,128.145988,37.969256,7468.4522208,165.848,73.467,275.376,1.0
145.3,128.145971,37.969251,7478.019283200001,166.558,73.728,276.953,1.0
145.4,128.145953,37.969246,7487.495820000001,166.921,74.199,278.238,1.0
145.5,128.145935,37.969241,7496.883050400001,166.953,74.845,279.253,1.0
145.6,128.145917,37.969237,7506.1828032,166.656,75.633,279.999,1.0
145.7,128.145899,37.969232,7515.396297600001,166.01,76.536,280.451,1.0
145.8,128.14588,37.969228,7524.5253624,164.972,77.531,280.558,1.0
145.9,128.145861,37.969223,7533.5715216,163.468,78.597,280.234,1.0
146.0,128.145843,37.969219,7542.53508,161.377,79.717,279.346,1.0
146.1,128.145824,37.969214,7551.4175616,158.5,80.871,277.687,1.0
146.2,128.145805,37.96921,7560.2198808,154.513,82.035,274.919,1.0
146.3,128.145786,37.969206,7568.942342400001,148.884,83.18,270.499,1.0
146.4,128.145768,37.969202,7577.585860800001,140.782,84.248,263.589,1.0
146.5,128.14575,37.969197,7586.1492168,129.033,85.155,253.1,1.0
146.6,128.145731,37.969193,7594.6290576,112.654,85.783,238.262,1.0
146.7,128.145713,37.969189,7603.0217256,92.687,85.993,220.096,1.0
146.8,128.145695,37.969184,7611.326916,72.991,85.731,202.43,1.0
146.9,128.145677,37.96918,7619.5638312,56.921,85.081,188.583,1.0
147.0,128.145659,37.969175,7627.7629512,44.895,84.175,178.942,1.0
147.1,128.145641,37.969171,7635.922752000001,36.029,83.119,172.596,1.0
147.2,128.145624,37.969166,7644.042624000001,29.326,81.981,168.532,1.0
147.3,128.145606,37.969161,7652.122872,24.064,80.804,166.02,1.0
147.4,128.14559,37.969156,7660.1625816000005,19.772,79.612,164.586,1.0
147.5,128.145573,37.969151,7668.1617528,16.158,78.421,163.936,1.0
147.6,128.145556,37.969145,7676.1200808,13.039,77.238,163.894,1.0
147.7,128.14554,37.969139,7684.036956000001,10.281,76.071,164.323,1.0
147.8,128.145524,37.969133,7691.9123784,7.792,74.922,165.129,1.0
147.9,128.145508,37.969126,7699.745433600001,5.511,73.794,166.244,1.0
148.0,128.145493,37.96912,7707.5364264,3.48,72.687,167.641,1.0
148.1,128.145478,37.969113,7715.2859664,1.873,71.594,169.325,1.0
148.2,128.145463,37.969105,7722.9946632,0.634,70.508,171.246,1.0
148.3,128.145448,37.969097,7730.6616023999995,-0.29,69.427,173.363,1.0
148.4,128.145433,37.969088,7738.285260000001,-0.948,68.348,175.638,1.0
148.5,128.145419,37.969078,7745.8650264,-1.382,67.271,178.041,1.0
148.6,128.145405,37.969069,7753.399072800001,-1.629,66.192,180.544,1.0
148.7,128.145391,37.969058,7760.8864848,-1.723,65.111,183.112,1.0
148.8,128.145376,37.969047,7768.325738400001,-1.694,64.026,185.704,1.0
148.9,128.145362,37.969035,7775.716224000001,-1.565,62.937,188.302,1.0
149.0,128.145348,37.969023,7783.0564176,-1.32,61.844,190.895,1.0
149.1,128.145334,37.96901,7790.3451000000005,-0.889,60.743,193.481,1.0
149.2,128.145319,37.968996,7797.581052,-0.291,59.633,196.044,1.0
149.3,128.145304,37.968982,7804.7630544,0.453,58.513,198.567,1.0
149.4,128.145289,37.968967,7811.889888000001,1.327,57.387,201.035,1.0
149.5,128.145274,37.968951,7818.960028800001,2.315,56.254,203.435,1.0
149.6,128.145259,37.968935,7825.96098,3.404,55.12,205.757,1.0
149.7,128.145243,37.968919,7832.8750632,4.582,53.999,207.994,1.0
149.8,128.145227,37.968901,7839.702278400001,5.838,52.891,210.138,1.0
149.9,128.145211,37.968884,7846.441711200001,7.164,51.797,212.183,1.0
150.0,128.145194,37.968866,7853.093056800001,8.552,50.717,214.124,1.0
150.1,128.145177,37.968847,7859.655096,9.998,49.654,215.953,1.0
150.2,128.14516,37.968828,7866.128133600001,11.499,48.608,217.666,1.0
150.3,128.145142,37.968809,7872.5109504,13.052,47.582,219.255,1.0
150.4,128.145124,37.968789,7878.803241600001,14.654,46.578,220.717,1.0
150.5,128.145106,37.968769,7885.0047024,16.306,45.598,222.047,1.0
150.6,128.145087,37.968748,7891.1144184,18.006,44.644,223.241,1.0
150.7,128.145068,37.968727,7897.1320848,19.755,43.719,224.297,1.0
150.8,128.145049,37.968706,7903.057092000001,21.551,42.824,225.213,1.0
150.9,128.145029,37.968684,7908.8888304,23.386,41.961,225.988,1.0
151.0,128.145008,37.968662,7914.6269952,25.253,41.132,226.621,1.0
151.1,128.144988,37.968639,7920.2709768,27.148,40.339,227.113,1.0
151.2,128.144967,37.968616,7925.820165600001,29.064,39.583,227.464,1.0
151.3,128.144945,37.968593,7931.274256800001,30.998,38.865,227.674,1.0
151.4,128.144923,37.968569,7936.6329456,32.947,38.186,227.747,1.0
151.5,128.144901,37.968545,7941.8956224,34.911,37.546,227.687,1.0
151.6,128.144878,37.968521,7947.0622872,36.886,36.943,227.497,1.0
151.7,128.144855,37.968496,7952.1320256,38.87,36.379,227.181,1.0
151.8,128.144832,37.968471,7957.1054472000005,40.86,35.853,226.743,1.0
151.9,128.144809,37.968446,7961.981942400001,42.851,35.365,226.188,1.0
152.0,128.144785,37.96842,7966.761816,44.844,34.915,225.518,1.0
152.1,128.144761,37.968394,7971.446592,46.788,34.505,224.739,1.0
152.2,128.144736,37.968367,7976.038708800001,48.554,34.142,223.854,1.0
152.3,128.144712,37.96834,7980.5409096,50.147,33.828,222.872,1.0
152.4,128.144687,37.968313,7984.955328000001,51.579,33.561,221.805,1.0
152.5,128.144662,37.968286,7989.282268800001,52.857,33.34,220.659,1.0
152.6,128.144637,37.968259,7993.522341600001,53.984,33.16,219.445,1.0
152.7,128.144611,37.968231,7997.675546400001,54.966,33.016,218.169,1.0
152.8,128.144585,37.968204,8001.7418832,55.806,32.906,216.839,1.0
152.9,128.144559,37.968176,8005.721656800001,56.508,32.822,215.463,1.0
153.0,128.144533,37.968148,8009.6148672,57.075,32.761,214.048,1.0
153.1,128.144507,37.968119,8013.421819200001,57.511,32.715,212.602,1.0
153.2,128.14448,37.968091,8017.142208,57.814,32.681,211.133,1.0
153.3,128.144454,37.968062,8020.776338400001,57.987,32.65,209.648,1.0
153.4,128.144427,37.968033,8024.324210400001,58.032,32.618,208.154,1.0
153.5,128.1444,37.968003,8027.7858240000005,57.952,32.579,206.66,1.0
153.6,128.144373,37.967974,8031.161484000001,57.752,32.528,205.172,1.0
153.7,128.144346,37.967944,8034.4514952,57.434,32.46,203.698,1.0
153.8,128.144319,37.967914,8037.6561624000005,57.002,32.37,202.246,1.0
153.9,128.144292,37.967884,8040.776095200001,56.461,32.257,200.821,1.0
154.0,128.144265,37.967853,8043.8119032,55.818,32.117,199.428,1.0
154.1,128.144238,37.967822,8046.7635864,55.077,31.949,198.073,1.0
154.2,128.144211,37.967791,8049.631144800001,54.247,31.752,196.76,1.0
154.3,128.144184,37.96776,8052.415492800001,53.333,31.526,195.491,1.0
154.4,128.144157,37.967728,8055.1166304,52.34,31.268,194.27,1.0
154.5,128.14413,37.967697,8057.7348624,51.27,30.979,193.101,1.0
154.6,128.144102,37.967665,8060.2701888,50.129,30.655,191.987,1.0
154.7,128.144075,37.967632,8062.7226096,48.919,30.296,190.932,1.0
154.8,128.144048,37.9676,8065.0927344,47.647,29.901,189.937,1.0
154.9,128.144021,37.967567,8067.379953600001,46.319,29.469,189.004,1.0
155.0,128.143994,37.967534,8069.5848768000005,44.943,28.999,188.136,1.0
155.1,128.143967,37.9675,8071.707504,43.521,28.491,187.331,1.0
155.2,128.143941,37.967467,8073.7469208,42.06,27.947,186.59,1.0
155.3,128.143914,37.967433,8075.704041600001,40.561,27.367,185.911,1.0
155.4,128.143887,37.967399,8077.577647200001,39.028,26.751,185.292,1.0
155.5,128.14386,37.967364,8079.368347200001,37.464,26.1,184.731,1.0
155.6,128.143834,37.96733,8081.0752272,35.876,25.413,184.228,1.0
155.7,128.143807,37.967295,8082.698287200001,34.272,24.689,183.782,1.0
155.8,128.143781,37.96726,8084.2366128,32.661,23.927,183.394,1.0
155.9,128.143754,37.967224,8085.690204,31.049,23.127,183.061,1.0
156.0,128.143728,37.967188,8087.058146400001,29.442,22.287,182.783,1.0
156.1,128.143702,37.967152,8088.3401352,27.844,21.406,182.56,1.0
156.2,128.143676,37.967116,8089.5364752,26.249,20.484,182.392,1.0
156.3,128.14365,37.967079,8090.6468616,24.644,19.519,182.282,1.0
156.4,128.143624,37.967042,8091.672208800001,23.013,18.512,182.231,1.0
156.5,128.143598,37.967005,8092.612212,21.343,17.461,182.241,1.0
156.6,128.143572,37.966968,8093.4677856,19.617,16.366,182.314,1.0
156.7,128.143547,37.96693,8094.238320000001,17.826,15.228,182.454,1.0
156.8,128.143521,37.966892,8094.923815200001,15.965,14.045,182.661,1.0
156.9,128.143495,37.966853,8095.524576,14.026,12.82,182.939,1.0
157.0,128.14347,37.966815,8096.0402976000005,12.005,11.553,183.291,1.0
157.1,128.143444,37.966776,8096.47098,9.896,10.245,183.718,1.0
157.2,128.143419,37.966737,8096.815708800001,7.692,8.901,184.221,1.0
157.3,128.143393,37.966697,8097.074484000001,5.388,7.526,184.801,1.0
157.4,128.143368,37.966657,8097.246696,2.975,6.125,185.455,1.0
157.5,128.143342,37.966617,8097.3323448,0.447,4.705,186.183,1.0
157.6,128.143317,37.966577,8097.3311256,-2.208,3.271,186.986,1.0
157.7,128.143292,37.966536,8097.242428800001,-4.996,1.829,187.861,1.0
157.8,128.143266,37.966495,8097.065949600001,-7.915,0.385,188.807,1.0
157.9,128.143241,37.966454,8096.800468800001,-10.965,-1.053,189.822,1.0
158.0,128.143216,37.966412,8096.4456816,-14.142,-2.481,190.904,1.0
158.1,128.143191,37.96637,8096.000064000001,-17.439,-3.892,192.05,1.0
158.2,128.143165,37.966328,8095.463311200001,-20.847,-5.282,193.257,1.0
158.3,128.14314,37.966285,8094.8338992,-24.357,-6.645,194.521,1.0
158.4,128.143115,37.966242,8094.1084752,-27.95,-7.981,195.84,1.0
158.5,128.143089,37.966199,8093.2815528,-31.591,-9.293,197.213,1.0
158.6,128.143063,37.966155,8092.351608,-35.263,-10.57,198.629,1.0
158.7,128.143038,37.96611,8091.3165072,-38.958,-11.805,200.086,1.0
158.8,128.143011,37.966065,8090.1741168,-42.664,-12.995,201.582,1.0
158.9,128.142985,37.966019,8088.922608,-46.373,-14.137,203.112,1.0
159.0,128.142959,37.965973,8087.559847200001,-50.079,-15.229,204.673,1.0
159.1,128.142932,37.965926,8086.0843104000005,-53.784,-16.267,206.262,1.0
159.2,128.142905,37.965879,8084.4935592,-57.496,-17.247,207.872,1.0
159.3,128.142877,37.965831,8082.786374400001,-61.223,-18.169,209.499,1.0
159.4,128.14285,37.965783,8080.960927200001,-64.976,-19.028,211.136,1.0
159.5,128.142821,37.965734,8079.0156936,-68.755,-19.822,212.776,1.0
159.6,128.142793,37.965685,8076.949759200001,-72.557,-20.546,214.408,1.0
159.7,128.142764,37.965636,8074.7622096000005,-76.381,-21.195,216.021,1.0
159.8,128.142734,37.965586,8072.4521304,-80.224,-21.768,217.603,1.0
159.9,128.142704,37.965536,8070.0198264,-84.088,-22.264,219.147,1.0
160.0,128.142673,37.965485,8067.464992800001,-87.973,-22.685,220.642,1.0
160.1,128.142642,37.965435,8064.7882392,-91.878,-23.031,222.082,1.0
160.2,128.14261,37.965384,8061.989565600001,-95.805,-23.303,223.457,1.0
160.3,128.142578,37.965333,8059.0692768,-99.753,-23.505,224.761,1.0
160.4,128.142545,37.965281,8056.0276776,-103.72,-23.637,225.988,1.0
160.5,128.142512,37.965229,8052.865682400001,-107.699,-23.708,227.115,1.0
160.6,128.142477,37.965177,8049.5832912000005,-111.65,-23.754,228.043,1.0
160.7,128.142443,37.965125,8046.182028,-115.562,-23.796,228.745,1.0
160.8,128.142407,37.965073,8042.661588000001,-119.428,-23.856,229.225,1.0
160.9,128.142371,37.96502,8039.023800000001,-123.231,-23.959,229.498,1.0
161.0,128.142335,37.964967,8035.2683592,-126.976,-24.112,229.583,1.0
161.1,128.142298,37.964914,8031.39618,-130.668,-24.318,229.497,1.0
161.2,128.14226,37.964861,8027.408176800001,-134.31,-24.584,229.258,1.0
161.3,128.142221,37.964807,8023.304654400001,-137.901,-24.913,228.877,1.0
161.4,128.142182,37.964753,8019.0865272,-141.442,-25.312,228.369,1.0
161.5,128.142142,37.964699,8014.754404800001,-144.928,-25.787,227.745,1.0
161.6,128.142102,37.964645,8010.3156024,-148.36,-26.334,227.024,1.0
161.7,128.142061,37.964591,8005.7820071999995,-151.744,-26.923,226.244,1.0
161.8,128.14202,37.964536,8001.156972000001,-155.075,-27.558,225.414,1.0
161.9,128.141979,37.964482,7996.4438496,-158.244,-28.242,224.535,1.0
162.0,128.141937,37.964428,7991.6499552000005,-160.995,-28.966,223.595,1.0
162.1,128.141895,37.964373,7986.778946400001,-163.326,-29.731,222.598,1.0
162.2,128.141853,37.964319,7981.830823200001,-165.25,-30.537,221.549,1.0
162.3,128.14181,37.964264,7976.8013184,-166.774,-31.387,220.451,1.0
162.4,128.141767,37.964209,7971.685555200001,-167.905,-32.285,219.31,1.0
162.5,128.141724,37.964154,7966.479876,-168.643,-33.235,218.136,1.0
162.6,128.14168,37.964098,7961.181842400001,-168.994,-34.245,216.935,1.0
162.7,128.141636,37.964043,7955.788101600001,-168.96,-35.321,215.716,1.0
162.8,128.141592,37.963987,7950.296215200001,-168.542,-36.469,214.485,1.0
162.9,128.141548,37.963932,7944.7031352,-167.736,-37.694,213.249,1.0
163.0,128.141503,37.963876,7939.007337600001,-166.536,-38.998,212.014,1.0
163.1,128.141459,37.96382,7933.2072984,-164.939,-40.368,210.785,1.0
163.2,128.141415,37.963764,7927.3014936,-162.942,-41.783,209.571,1.0
163.3,128.14137,37.963707,7921.269806400001,-160.739,-43.215,208.383,1.0
163.4,128.141326,37.963651,7915.07688,-158.805,-44.637,207.254,1.0
163.5,128.141281,37.963594,7908.7129608000005,-156.959,-46.034,206.17,1.0
163.6,128.141237,37.963537,7902.181401600001,-154.721,-47.382,205.092,1.0
163.7,128.141192,37.96348,7895.486164800001,-152.088,-48.665,204.017,1.0
163.8,128.141148,37.963422,7888.6260312,-149.085,-49.87,202.943,1.0
163.9,128.141104,37.963364,7881.5982576,-145.739,-50.987,201.867,1.0
164.0,128.141059,37.963306,7874.399491200001,-142.273,-52.035,200.775,1.0
164.1,128.141016,37.963247,7867.020588000001,-139.156,-53.099,199.59,1.0
164.2,128.140972,37.963189,7859.452404000001,-136.407,-54.168,198.293,1.0
164.3,128.14093,37.96313,7851.687624000001,-134.035,-55.223,196.88,1.0
164.4,128.140889,37.963072,7843.724724000001,-132.042,-56.251,195.354,1.0
164.5,128.140848,37.963013,7835.5630944,-130.425,-57.244,193.724,1.0
164.6,128.140809,37.962955,7827.2027352000005,-129.174,-58.199,192.003,1.0
164.7,128.14077,37.962896,7818.6424272,-128.273,-59.113,190.208,1.0
164.8,128.140733,37.962838,7809.882170400001,-127.695,-59.991,188.359,1.0
164.9,128.140697,37.96278,7800.9210504,-127.406,-60.838,186.475,1.0
165.0,128.140663,37.962722,7791.7584576,-127.363,-61.662,184.574,1.0
165.1,128.140629,37.962664,7782.393477600001,-127.518,-62.472,182.673,1.0
165.2,128.140597,37.962606,7772.825500800001,-127.815,-63.276,180.783,1.0
165.3,128.140566,37.962549,7763.0542224,-128.199,-64.084,178.912,1.0
165.4,128.140537,37.962492,7753.078728,-128.609,-64.904,177.064,1.0
165.5,128.140509,37.962436,7742.8987128,-128.993,-65.741,175.237,1.0
165.6,128.140482,37.96238,7732.513872,-129.31,-66.601,173.427,1.0
165.7,128.140457,37.962325,7721.9239008,-129.521,-67.488,171.623,1.0
165.8,128.140432,37.96227,7711.1287992,-129.594,-68.401,169.812,1.0
165.9,128.14041,37.962216,7700.128872,-129.503,-69.34,167.977,1.0
166.0,128.140388,37.962163,7688.924119200001,-129.226,-70.301,166.096,1.0
166.1,128.140368,37.962111,7677.516064800001,-128.405,-71.269,164.112,1.0
166.2,128.140349,37.962059,7665.9092808000005,-126.191,-72.205,161.916,1.0
166.3,128.140331,37.962008,7654.110168,-122.606,-73.091,159.47,1.0
166.4,128.140314,37.961958,7642.1236032,-117.763,-73.9,156.75,1.0
166.5,128.140298,37.961908,7629.951415200001,-111.854,-74.596,153.772,1.0
166.6,128.140283,37.961858,7617.595432800001,-105.13,-75.153,150.578,1.0
166.7,128.140269,37.961809,7605.0583992,-97.876,-75.548,147.243,1.0
166.8,128.140256,37.961761,7592.3421432,-90.739,-75.785,143.863,1.0
166.9,128.140244,37.961714,7579.4481888,-84.802,-75.89,140.516,1.0
167.0,128.140235,37.961667,7566.378060000001,-80.183,-75.869,137.233,1.0
167.1,128.140227,37.961621,7553.1345,-76.863,-75.737,134.021,1.0
167.2,128.140222,37.961577,7539.7208616,-74.728,-75.517,130.864,1.0
167.3,128.140219,37.961533,7526.139888000001,-73.608,-75.238,127.745,1.0
167.4,128.140218,37.96149,7512.3937128,-73.29,-74.931,124.64,1.0
167.5,128.140219,37.961449,7498.484164800001,-73.535,-74.625,121.521,1.0
167.6,128.140223,37.961409,7484.4118536000005,-74.091,-74.346,118.351,1.0
167.7,128.140228,37.96137,7470.1779984,-74.712,-74.111,115.086,1.0
167.8,128.140235,37.961332,7455.7825992,-74.758,-73.916,111.703,1.0
167.9,128.140245,37.961296,7441.225046400001,-73.068,-73.719,108.217,1.0
168.0,128.140255,37.961261,7426.5056448000005,-69.659,-73.513,104.662,1.0
168.1,128.140267,37.961227,7411.6259184,-64.765,-73.28,101.136,1.0
168.2,128.14028,37.961194,7396.589220000001,-58.743,-73.0,97.774,1.0
168.3,128.140295,37.961162,7381.4013408,-52.436,-72.671,94.672,1.0
168.4,128.140312,37.961131,7366.070815200001,-47.243,-72.312,91.827,1.0
168.5,128.14033,37.961102,7350.607092,-43.379,-71.906,89.258,1.0
168.6,128.140351,37.961074,7335.019924800001,-40.871,-71.445,86.933,1.0
168.7,128.140375,37.961049,7319.3148,-39.628,-70.926,84.79,1.0
168.8,128.140401,37.961025,7303.4953752,-39.482,-70.357,82.766,1.0
168.9,128.140429,37.961003,7287.5650032,-40.202,-69.755,80.794,1.0
169.0,128.140459,37.960982,7271.5264272,-41.514,-69.141,78.806,1.0
169.1,128.140492,37.960964,7255.3823904,-43.124,-68.538,76.734,1.0
169.2,128.140527,37.960948,7239.134112,-44.758,-67.965,74.52,1.0
169.3,128.140564,37.960934,7222.783116,-46.183,-67.437,72.123,1.0
169.4,128.140603,37.960923,7206.329097600001,-46.721,-66.94,69.575,1.0
169.5,128.140643,37.960913,7189.7659608,-45.092,-66.423,67.009,1.0
169.6,128.140685,37.960906,7173.088524000001,-41.514,-65.874,64.504,1.0
169.7,128.140728,37.9609,7156.2946536,-36.455,-65.28,62.195,1.0
169.8,128.140772,37.960896,7139.3931888,-31.031,-64.65,60.175,1.0
169.9,128.140817,37.960893,7122.4027224,-27.067,-63.999,58.439,1.0
170.0,128.140865,37.960893,7105.3433712,-24.828,-63.31,57.02,1.0
170.1,128.140915,37.960896,7088.234032800001,-24.257,-62.577,55.865,1.0
170.2,128.140966,37.960902,7071.0814128,-25.099,-61.803,54.865,1.0
170.3,128.14102,37.96091,7053.8909976,-26.988,-61.004,53.901,1.0
170.4,128.141076,37.96092,7036.6658352,-29.518,-60.203,52.868,1.0
170.5,128.141133,37.960934,7019.408668800001,-32.32,-59.417,51.699,1.0
170.6,128.141192,37.960951,7002.1207176,-35.112,-58.655,50.37,1.0
170.7,128.141252,37.96097,6984.8010672,-37.057,-57.897,48.94,1.0
170.8,128.141313,37.960992,6967.4378304,-36.458,-57.113,47.498,1.0
170.9,128.141375,37.961017,6950.013328800001,-33.483,-56.307,46.086,1.0
171.0,128.141438,37.961043,6932.520552000001,-28.646,-55.482,44.824,1.0
171.1,128.141502,37.961072,6914.9665104000005,-22.602,-54.647,43.832,1.0
171.2,128.141567,37.961103,6897.365224800001,-16.671,-53.818,43.133,1.0
171.3,128.141634,37.961136,6879.7508328,-12.965,-53.003,42.665,1.0
171.4,128.141702,37.961172,6862.175760000001,-11.604,-52.179,42.391,1.0
171.5,128.141773,37.961211,6844.677192000001,-12.34,-51.325,42.217,1.0
171.6,128.141846,37.961253,6827.2673208,-14.74,-50.428,42.035,1.0
171.7,128.141921,37.961299,6809.952852000001,-18.295,-49.495,41.745,1.0
171.8,128.141997,37.961348,6792.739576800001,-22.495,-48.546,41.274,1.0
171.9,128.142076,37.961401,6775.630848,-26.877,-47.601,40.576,1.0
172.0,128.142155,37.961457,6758.6312376000005,-30.341,-46.655,39.687,1.0
172.1,128.142235,37.961517,6741.7166664,-30.896,-45.671,38.712,1.0
172.2,128.142315,37.961578,6724.8432432,-28.708,-44.669,37.701,1.0
172.3,128.142396,37.961641,6707.9874984,-24.379,-43.668,36.778,1.0
172.4,128.142477,37.961706,6691.188141600001,-18.978,-42.697,36.04,1.0
172.5,128.142559,37.961773,6674.4759576,-13.377,-41.763,35.543,1.0
172.6,128.142641,37.961842,6657.877768800001,-8.668,-40.863,35.261,1.0
172.7,128.142725,37.961913,6641.4588023999995,-6.43,-39.989,35.117,1.0
172.8,128.14281,37.961988,6625.286419200001,-6.602,-39.113,35.073,1.0
172.9,128.142897,37.962065,6609.3810408,-8.795,-38.203,35.05,1.0
173.0,128.142985,37.962145,6593.7432768,-12.477,-37.254,34.961,1.0
173.1,128.143075,37.962228,6578.3725176,-17.075,-36.28,34.732,1.0
173.2,128.143165,37.962314,6563.264800800001,-22.044,-35.303,34.308,1.0
173.3,128.143255,37.962403,6548.4009240000005,-26.142,-34.323,33.71,1.0
173.4,128.143346,37.962494,6533.715964800001,-27.214,-33.318,33.025,1.0
173.5,128.143436,37.962588,6519.143172,-25.411,-32.308,32.291,1.0
173.6,128.143527,37.962682,6504.6456648,-21.363,-31.317,31.612,1.0
173.7,128.143617,37.962778,6490.2636768,-16.16,-30.372,31.074,1.0
173.8,128.143708,37.962876,6476.027992800001,-10.7,-29.478,30.725,1.0
173.9,128.143799,37.962976,6461.964215999999,-6.11,-28.625,30.55,1.0
174.0,128.143891,37.963078,6448.1473272,-4.013,-27.801,30.487,1.0
174.1,128.143984,37.963181,6434.6529168,-4.346,-26.974,30.507,1.0
174.2,128.144078,37.963288,6421.501101600001,-6.715,-26.109,30.543,1.0
174.3,128.144173,37.963396,6408.688224,-10.578,-25.198,30.517,1.0
174.4,128.144269,37.963507,6396.2106264,-15.352,-24.254,30.361,1.0
174.5,128.144364,37.96362,6384.047277600001,-19.695,-23.286,30.067,1.0
174.6,128.14446,37.963735,6372.1201488,-21.314,-22.28,29.688,1.0
174.7,128.144555,37.963851,6360.3487728,-20.264,-21.266,29.241,1.0
174.8,128.14465,37.963969,6348.6734088,-17.0,-20.274,28.809,1.0
174.9,128.144745,37.964087,6337.097714400001,-12.142,-19.333,28.479,1.0
175.0,128.14484,37.964207,6325.6491216,-6.589,-18.462,28.295,1.0
175.1,128.144935,37.964327,6314.4065736,-2.025,-17.665,28.244,1.0
175.2,128.145031,37.964449,6303.456024000001,-0.086,-16.911,28.291,1.0
175.3,128.145128,37.964573,6292.8773304,-0.688,-16.154,28.412,1.0
175.4,128.145226,37.964698,6282.685428000001,-3.4,-15.353,28.545,1.0
175.5,128.145324,37.964825,6272.8751352,-7.635,-14.496,28.614,1.0
175.6,128.145422,37.964953,6263.425115999999,-11.992,-13.589,28.587,1.0
175.7,128.14552,37.965082,6254.2503312,-14.103,-12.632,28.483,1.0
175.8,128.145618,37.965213,6245.2593408,-13.89,-11.653,28.298,1.0
175.9,128.145716,37.965344,6236.3823456,-11.658,-10.691,28.09,1.0
176.0,128.145814,37.965475,6227.632756800001,-8.645,-9.787,27.901,1.0
176.1,128.145912,37.965608,6219.0998808,-7.112,-8.963,27.736,1.0
176.2,128.14601,37.965741,6210.8803392,-7.164,-8.198,27.618,1.0
176.3,128.146107,37.965876,6203.0491128,-8.604,-7.45,27.515,1.0
176.4,128.146205,37.966012,6195.611383200001,-11.115,-6.673,27.377,1.0
176.5,128.146302,37.966149,6188.5558728000005,-14.332,-5.85,27.158,1.0
176.6,128.146399,37.966287,6181.8563688,-17.126,-4.975,26.852,1.0
176.7,128.146495,37.966426,6175.4256984,-17.43,-4.042,26.508,1.0
176.8,128.14659,37.966565,6169.173336,-15.418,-3.085,26.146,1.0
176.9,128.146685,37.966705,6163.031311200001,-11.578,-2.144,25.835,1.0
177.0,128.14678,37.966845,6156.9987096,-6.521,-1.259,25.635,1.0
177.1,128.146875,37.966986,6151.100220000001,-1.609,-0.449,25.561,1.0
177.2,128.14697,37.967127,6145.423624800001,0.96,0.284,25.584,1.0
177.3,128.147064,37.967268,6140.0628024,1.143,0.974,25.693,1.0
177.4,128.147159,37.96741,6135.0884664,-0.746,1.56,25.838,1.0
177.5,128.147254,37.967551,6130.493911200001,-4.222,1.72,25.973,1.0
177.6,128.147348,37.967693,6126.2541432,-8.759,1.545,26.081,1.0
177.7,128.147442,37.967835,6122.3142984,-13.141,0.72,26.258,1.0
177.8,128.147536,37.967978,6118.5542856,-15.321,-0.505,26.557,1.0
177.9,128.147629,37.968121,6114.8466984,-15.412,-1.941,26.915,1.0
178.0,128.147722,37.968263,6111.087904800001,-13.706,-3.395,27.263,1.0
178.1,128.147815,37.968406,6107.2596168,-10.459,-4.163,27.429,1.0
178.2,128.147908,37.968549,6103.3755504,-6.7,-4.328,27.434,1.0
178.3,128.148002,37.968692,6099.5192208,-4.503,-4.21,27.332,1.0
178.4,128.148095,37.968836,6095.7875544,-3.902,-3.95,27.209,1.0
178.5,128.148188,37.968979,6092.2582752,-4.756,-3.613,27.087,1.0
178.6,128.148281,37.969123,6088.9402224000005,-6.876,-3.226,26.959,1.0
178.7,128.148373,37.969266,6085.827604800001,-10.06,-2.806,26.808,1.0
178.8,128.148465,37.96941,6082.9106688,-14.108,-2.476,26.64,1.0
178.9,128.148557,37.969554,6080.1497904,-18.071,-2.869,26.66,1.0
179.0,128.148648,37.969698,6077.442252000001,-20.002,-3.76,26.915,1.0
179.1,128.148739,37.969843,6074.6768016000005,-20.032,-4.92,27.3,1.0
179.2,128.14883,37.969987,6071.7589512,-18.412,-6.32,27.772,1.0
179.3,128.148921,37.970131,6068.6591352,-15.365,-7.85,28.252,1.0
179.4,128.149013,37.970275,6065.361199200001,-11.08,-9.404,28.664,1.0
179.5,128.149106,37.970419,6061.870324800001,-6.503,-10.745,28.891,1.0
179.6,128.149198,37.970563,6058.2745992,-3.628,-11.209,28.833,1.0
179.7,128.149291,37.970706,6054.6755207999995,-2.439,-10.867,28.642,1.0
179.8,128.149383,37.97085,6051.1617864,-2.791,-10.126,28.418,1.0
179.9,128.149475,37.970994,6047.7538176,-4.5,-9.318,28.195,1.0
180.0,128.149568,37.971137,6044.4427752,-7.379,-9.216,28.036,1.0
180.1,128.14966,37.971281,6041.214333600001,-11.266,-9.835,27.987,1.0
180.2,128.149751,37.971425,6038.0492904,-16.048,-10.793,28.055,1.0
180.3,128.149843,37.971568,6034.908936,-20.887,-11.863,28.285,1.0
180.4,128.149934,37.971712,6031.6939056,-23.894,-12.917,28.713,1.0
180.5,128.150025,37.971855,6028.302700800001,-25.145,-13.942,29.244,1.0
180.6,128.150117,37.971998,6024.6536352,-24.793,-14.958,29.818,1.0
180.7,128.15021,37.97214,6020.7284208,-22.978,-15.98,30.382,1.0
180.8,128.150304,37.972281,6016.521876,-19.827,-17.02,30.897,1.0
180.9,128.150398,37.972423,6012.0279048,-15.456,-18.089,31.325,1.0
181.0,128.150493,37.972563,6007.2410208,-9.948,-19.196,31.62,1.0
181.1,128.150588,37.972704,6002.157261599999,-3.369,-20.339,31.732,1.0
181.2,128.150683,37.972843,5996.7900384,3.336,-21.496,31.605,1.0
181.3,128.150777,37.972983,5991.221952000001,8.097,-22.614,31.196,1.0
181.4,128.150872,37.973122,5985.544442400001,10.906,-23.654,30.631,1.0
181.5,128.150967,37.973261,5979.8273088000005,11.876,-24.606,30.004,1.0
181.6,128.151062,37.973399,5974.066588799999,11.16,-25.488,29.388,1.0
181.7,128.151157,37.973538,5968.2436896,8.934,-26.327,28.834,1.0
181.8,128.151251,37.973675,5962.3433712,5.375,-27.142,28.384,1.0
181.9,128.151345,37.973812,5956.351308,0.66,-27.944,28.071,1.0
182.0,128.151439,37.973948,5950.2580512,-5.042,-28.733,27.919,1.0
182.1,128.151532,37.974084,5944.0407408,-10.92,-29.499,27.998,1.0
182.2,128.151625,37.974219,5937.6173856000005,-15.217,-30.238,28.373,1.0
182.3,128.151717,37.974353,5930.9008128000005,-17.833,-30.972,28.929,1.0
182.4,128.15181,37.974486,5923.822747200001,-18.82,-31.724,29.583,1.0
182.5,128.151903,37.974617,5916.380750400001,-18.267,-32.5,30.265,1.0
182.6,128.151997,37.974747,5908.5806136,-16.282,-33.309,30.918,1.0
182.7,128.15209,37.974876,5900.426604,-12.978,-34.162,31.49,1.0
182.8,128.152183,37.975003,5891.9205504,-8.467,-35.065,31.938,1.0
182.9,128.152276,37.975129,5883.0655008,-2.851,-36.016,32.221,1.0
183.0,128.152368,37.975255,5873.866027200001,3.783,-37.004,32.304,1.0
183.1,128.15246,37.975379,5864.3446848,10.589,-37.998,32.095,1.0
183.2,128.152551,37.975502,5854.5886464000005,15.556,-38.933,31.538,1.0
183.3,128.152641,37.975625,5844.6914856,18.609,-39.783,30.791,1.0
183.4,128.152731,37.975748,5834.7230016,19.845,-40.546,29.973,1.0
183.5,128.152821,37.97587,5824.685023200001,19.411,-41.252,29.166,1.0
183.6,128.152911,37.975992,5814.567492,17.467,-41.933,28.429,1.0
183.7,128.153,37.976113,5804.3606544,14.186,-42.611,27.807,1.0
183.8,128.153088,37.976233,5794.0562808,9.739,-43.301,27.339,1.0
183.9,128.153176,37.976352,5783.64858,4.291,-44.007,27.053,1.0
184.0,128.153262,37.976471,5773.119873600001,-1.37,-44.729,27.043,1.0
184.1,128.153349,37.976589,5762.3909136,-5.487,-45.471,27.395,1.0
184.2,128.153434,37.976705,5751.3754416,-7.902,-46.239,27.959,1.0
184.3,128.153518,37.97682,5740.006096800001,-8.639,-47.042,28.629,1.0
184.4,128.153602,37.976932,5728.280136,-7.773,-47.878,29.315,1.0
184.5,128.153685,37.977043,5716.205484000001,-5.402,-48.746,29.94,1.0
184.6,128.153767,37.977153,5703.787932,-1.63,-49.65,30.434,1.0
184.7,128.153848,37.97726,5691.0332712,3.441,-50.587,30.735,1.0
184.8,128.153928,37.977366,5677.9488168,9.72,-51.547,30.787,1.0
184.9,128.154006,37.977471,5664.5440176,17.129,-52.508,30.539,1.0
185.0,128.154082,37.977574,5650.8444768,24.801,-53.417,29.874,1.0
185.1,128.154157,37.977677,5636.9324904000005,30.585,-54.195,28.744,1.0
185.2,128.154231,37.977779,5622.892488,34.316,-54.844,27.388,1.0
185.3,128.154305,37.977881,5608.7869536,36.057,-55.39,25.976,1.0
185.4,128.154378,37.977982,5594.620764,35.96,-55.883,24.604,1.0
185.5,128.154451,37.978083,5580.387518400001,34.212,-56.369,23.338,1.0
185.6,128.154523,37.978183,5566.081425599999,31.013,-56.881,22.226,1.0
185.7,128.154594,37.978282,5551.6976088,26.563,-57.443,21.309,1.0
185.8,128.154664,37.978381,5537.232410400001,21.047,-58.062,20.623,1.0
185.9,128.154733,37.978479,5522.683392000001,14.607,-58.736,20.206,1.0
186.0,128.154802,37.978576,5508.0511632,7.347,-59.456,20.103,1.0
186.1,128.154869,37.978672,5493.3378576,-0.667,-60.201,20.359,1.0
186.2,128.154936,37.978768,5478.5468280000005,-9.414,-60.94,21.017,1.0
186.3,128.155002,37.978862,5463.683256,-18.891,-61.633,22.113,1.0
186.4,128.155067,37.978957,5448.7520184,-29.087,-62.233,23.653,1.0
186.5,128.155132,37.979051,5433.757992000001,-39.972,-62.692,25.607,1.0
186.6,128.155197,37.979144,5418.703920000001,-51.482,-62.961,27.902,1.0
186.7,128.15526,37.979237,5403.5907168,-63.533,-62.995,30.428,1.0
186.8,128.155323,37.97933,5388.4156391999995,-76.048,-62.742,33.051,1.0
186.9,128.155385,37.979423,5373.173505600001,-88.886,-62.173,35.585,1.0
187.0,128.155446,37.979516,5357.857000800001,-101.863,-61.291,37.826,1.0
187.1,128.155506,37.979609,5342.4575904,-114.796,-60.137,39.604,1.0
187.2,128.155565,37.979701,5326.9402224000005,-127.399,-58.84,40.653,1.0
187.3,128.155622,37.979793,5311.2564336000005,-138.684,-58.052,39.874,1.0
187.4,128.155678,37.979885,5295.411710400001,-148.72,-58.159,37.385,1.0
187.5,128.155732,37.979976,5279.4109296,-158.165,-58.964,34.07,1.0
187.6,128.155784,37.980065,5263.222087200001,-167.427,-60.242,30.57,1.0
187.7,128.155834,37.980153,5246.8207992,-176.878,-61.749,27.473,1.0
187.8,128.155882,37.980238,5230.1930448,173.308,-63.369,25.261,1.0
187.9,128.155929,37.98032,5213.335776,162.96,-65.01,24.438,1.0
188.0,128.155974,37.9804,5196.2556984,151.871,-66.542,25.345,1.0
188.1,128.15602,37.980476,5178.968052000001,140.002,-67.879,27.684,1.0
188.2,128.156067,37.98055,5161.4944776,127.711,-68.847,30.865,1.0
188.3,128.156115,37.98062,5143.8724656,117.492,-68.887,32.137,1.0
188.4,128.156164,37.980689,5126.133105600001,110.153,-68.219,30.461,1.0
188.5,128.156214,37.980755,5108.2983432,103.91,-67.39,27.426,1.0
188.6,128.156265,37.980821,5090.3904288,97.628,-66.652,23.919,1.0
188.7,128.156318,37.980885,5072.4276504,90.537,-66.12,20.439,1.0
188.8,128.156371,37.98095,5054.424333600001,82.384,-65.858,17.144,1.0
188.9,128.156423,37.981014,5036.3914512,73.344,-65.904,14.075,1.0
189.0,128.156476,37.981078,5018.332660800001,63.662,-66.26,11.284,1.0
189.1,128.156527,37.981142,5000.2479624,53.5,-66.912,8.844,1.0
189.2,128.156579,37.981206,4982.135832,42.892,-67.835,6.868,1.0
189.3,128.156629,37.981269,4963.9965744,31.747,-68.993,5.52,1.0
189.4,128.156679,37.981333,4945.8317136000005,19.81,-70.268,5.077,1.0
189.5,128.156728,37.981397,4927.643688,6.784,-71.489,5.821,1.0
189.6,128.156777,37.981462,4909.4324976,-7.447,-72.63,7.801,1.0
189.7,128.156826,37.981527,4891.1978376,-23.146,-73.596,11.199,1.0
189.8,128.156873,37.981593,4872.9369648,-40.325,-74.251,15.991,1.0
189.9,128.156919,37.981659,4854.645612,-58.115,-74.391,21.295,1.0
190.0,128.156963,37.981727,4836.33018,-72.477,-73.634,22.961,1.0
190.1,128.157005,37.981795,4817.9815248,-82.34,-72.343,19.887,1.0
190.2,128.157043,37.981864,4799.5792248,-90.363,-70.994,14.835,1.0
190.3,128.157078,37.981933,4781.104687200001,-98.235,-69.879,9.638,1.0
190.4,128.157109,37.982003,4762.5393192,-106.12,-69.207,4.77,1.0
190.5,128.157135,37.982071,4743.8651376,-112.548,-69.072,0.285,1.0
190.6,128.157158,37.982139,4725.069340800001,-114.703,-69.361,356.081,1.0
190.7,128.157179,37.982207,4706.1485760000005,-113.18,-69.878,352.04,1.0
190.8,128.157199,37.982274,4687.1028432,-108.711,-70.416,348.117,1.0
190.9,128.157218,37.982341,4667.9300088,-101.959,-70.845,344.352,1.0
191.0,128.157236,37.982408,4648.6306824,-93.541,-71.087,340.808,1.0
191.1,128.157252,37.982474,4629.208216800001,-84.001,-71.104,337.521,1.0
191.2,128.157266,37.98254,4609.668708,-73.821,-70.908,334.534,1.0
191.3,128.157278,37.982606,4590.0200808,-63.511,-70.525,331.92,1.0
191.4,128.157288,37.982671,4570.2705648,-53.411,-69.824,329.477,1.0
191.5,128.157295,37.982737,4550.4375336,-44.462,-68.658,326.655,1.0
191.6,128.157299,37.982803,4530.561830400001,-39.971,-67.341,324.088,1.0
191.7,128.157296,37.982869,4510.6961856,-39.662,-65.978,321.936,1.0
191.8,128.157288,37.982936,4490.888757600001,-42.479,-64.674,319.941,1.0
191.9,128.157272,37.983003,4471.150824,-47.295,-63.493,317.849,1.0
192.0,128.157249,37.98307,4451.4732408,-52.076,-62.423,315.626,1.0
192.1,128.157221,37.983136,4431.8197368,-53.485,-61.4,313.345,1.0
192.2,128.157188,37.983202,4412.157088800001,-51.573,-60.436,311.006,1.0
192.3,128.157153,37.983268,4392.463656,-47.04,-59.478,308.811,1.0
192.4,128.157114,37.983333,4372.748277600001,-40.727,-58.483,306.955,1.0
192.5,128.157072,37.983398,4353.0292416,-33.488,-57.433,305.547,1.0
192.6,128.157026,37.983463,4333.3351992,-26.506,-56.341,304.575,1.0
192.7,128.156976,37.983527,4313.7301584,-21.9,-55.237,303.885,1.0
192.8,128.15692,37.983593,4294.2881856,-21.403,-54.117,303.299,1.0
192.9,128.156857,37.983658,4275.0781656,-24.312,-52.972,302.716,1.0
193.0,128.156787,37.983724,4256.1165576,-29.482,-51.831,301.96,1.0
193.1,128.15671,37.98379,4237.3865976,-34.739,-50.699,301.014,1.0
193.2,128.156628,37.983855,4218.8215344,-36.597,-49.548,299.955,1.0
193.3,128.156541,37.98392,4200.3555312,-35.125,-48.409,298.788,1.0
193.4,128.156452,37.983984,4181.9407344,-31.04,-47.272,297.688,1.0
193.5,128.15636,37.984048,4163.5859832,-25.208,-46.133,296.813,1.0
193.6,128.156264,37.984111,4145.3266344,-18.89,-45.007,296.219,1.0
193.7,128.156165,37.984175,4127.2486416,-14.426,-43.908,295.819,1.0
193.8,128.15606,37.984239,4109.4474072,-13.843,-42.808,295.501,1.0
193.9,128.155948,37.984303,4092.0097992,-16.576,-41.675,295.194,1.0
194.0,128.155831,37.984367,4074.9528864000004,-21.588,-40.519,294.755,1.0
194.1,128.155708,37.984431,4058.2681344000002,-27.871,-39.376,294.076,1.0
194.2,128.15558,37.984494,4041.9232344,-33.43,-38.25,293.188,1.0
194.3,128.155447,37.984555,4025.8243079999997,-34.968,-37.104,292.185,1.0
194.4,128.15531,37.984616,4009.883268,-32.807,-35.964,291.109,1.0
194.5,128.155172,37.984676,3994.0388496,-27.813,-34.822,290.134,1.0
194.6,128.15503,37.984735,3978.3026352000006,-20.977,-33.679,289.407,1.0
194.7,128.154886,37.984794,3962.7014472,-13.336,-32.55,288.996,1.0
194.8,128.15474,37.984853,3947.2724712000004,-6.935,-31.449,288.829,1.0
194.9,128.15459,37.984912,3932.1223872000005,-4.982,-30.372,288.776,1.0
195.0,128.154436,37.984971,3917.3700672,-7.052,-29.287,288.796,1.0
195.1,128.154278,37.985031,3903.1115232,-12.079,-28.182,288.745,1.0
195.2,128.154115,37.985089,3889.3522416000005,-18.877,-27.059,288.49,1.0
195.3,128.153947,37.985147,3876.0535128,-25.225,-25.922,288.028,1.0
195.4,128.153777,37.985204,3863.0973792,-27.645,-24.752,287.426,1.0
195.5,128.153603,37.98526,3850.3689312,-26.358,-23.581,286.714,1.0
195.6,128.153428,37.985315,3837.7867872000006,-22.161,-22.419,286.044,1.0
195.7,128.15325,37.98537,3825.3597864000003,-16.026,-21.282,285.551,1.0
195.8,128.153071,37.985424,3813.1107888,-8.984,-20.187,285.302,1.0
195.9,128.15289,37.985478,3801.0733224,-3.09,-19.309,285.263,1.0
196.0,128.152708,37.985532,3789.3333408000003,-1.538,-19.59,285.365,1.0
196.1,128.152522,37.985586,3777.9716160000003,-3.839,-20.665,285.558,1.0
196.2,128.152335,37.98564,3767.0363064000003,-8.909,-21.998,285.803,1.0
196.3,128.152145,37.985693,3756.475596,-15.853,-23.415,286.117,1.0
196.4,128.151953,37.985746,3746.2029216,-22.872,-24.615,286.532,1.0
196.5,128.151759,37.985798,3736.0896576000005,-26.408,-24.392,286.494,1.0
196.6,128.151565,37.985849,3726.0333912,-26.499,-22.638,285.651,1.0
196.7,128.15137,37.9859,3715.957008,-24.026,-20.946,284.849,1.0
196.8,128.151175,37.985951,3705.8525832,-19.823,-20.792,284.824,1.0
196.9,128.150979,37.986002,3695.7042672,-14.254,-21.766,285.28,1.0
197.0,128.150783,37.986053,3685.4840184000004,-7.481,-23.027,285.778,1.0
197.1,128.150587,37.986104,3675.1589184000004,0.321,-24.368,286.185,1.0
197.2,128.150391,37.986155,3664.7152512,7.721,-25.731,286.353,1.0
197.3,128.150194,37.986206,3654.2359224,11.531,-27.072,286.205,1.0
197.4,128.149997,37.986257,3643.8212112,12.085,-28.387,285.941,1.0
197.5,128.149799,37.986309,3633.5460984000006,9.985,-29.682,285.665,1.0
197.6,128.149601,37.986361,3623.3913816,5.739,-30.954,285.457,1.0
197.7,128.149403,37.986413,3613.3223136,-0.305,-32.161,285.387,1.0
197.8,128.149204,37.986464,3603.3139008000003,-7.872,-33.133,285.479,1.0
197.9,128.149005,37.986516,3593.3606568,-15.254,-32.687,285.567,1.0
198.0,128.148807,37.986567,3583.391868,-18.761,-30.504,285.302,1.0
198.1,128.148608,37.986618,3573.3206664000004,-18.813,-28.14,284.871,1.0
198.2,128.14841,37.986669,3563.0699376,-16.499,-27.248,284.916,1.0
198.3,128.148212,37.98672,3552.6210888,-12.432,-27.913,285.445,1.0
198.4,128.148015,37.986771,3541.9582704,-6.762,-29.064,286.017,1.0
198.5,128.147818,37.986822,3531.0580128,0.351,-30.353,286.456,1.0
198.6,128.147622,37.986873,3519.9187920000004,7.393,-31.686,286.574,1.0
198.7,128.147426,37.986924,3508.6378392,10.956,-32.995,286.316,1.0
198.8,128.14723,37.986975,3497.32854,11.295,-34.236,285.96,1.0
198.9,128.147034,37.987026,3486.0780672,8.942,-35.393,285.633,1.0
199.0,128.146837,37.987077,3474.8763624000003,4.332,-36.486,285.407,1.0
199.1,128.146642,37.987127,3463.6743528,-0.811,-37.536,285.473,1.0
199.2,128.146446,37.987178,3452.3284776,-2.744,-38.564,285.89,1.0
199.3,128.146253,37.987228,3440.6848128,-1.467,-39.59,286.348,1.0
199.4,128.146062,37.987277,3428.6226576000004,2.59,-40.642,286.716,1.0
199.5,128.145873,37.987326,3416.1279912000005,9.011,-41.717,286.899,1.0
199.6,128.145686,37.987374,3403.2102624000004,17.416,-42.798,286.817,1.0
199.7,128.145501,37.98742,3389.9057424,26.041,-43.803,286.283,1.0
199.8,128.145317,37.987466,3376.3412280000002,30.941,-44.645,285.295,1.0
199.9,128.145134,37.98751,3362.6416872000004,32.129,-45.392,284.216,1.0
