Time,Longitude,Latitude,Altitude,Roll (deg),Pitch (deg),Yaw (deg),Health
0.0,128.181881,37.968239,7002.7473864,-0.888,0.166,179.916,1.0
0.1,128.181881,37.967969,7002.704409600001,-3.038,1.124,179.89,1.0
0.2,128.181881,37.9677,7002.694656000001,-1.737,2.047,180.059,1.0
0.3,128.181881,37.96743,7002.666614400001,2.689,2.469,180.226,1.0
0.4,128.181881,37.96716,7002.5562768,9.566,1.147,180.28,1.0
0.5,128.181881,37.96689,7002.3279816,18.546,-0.184,180.215,1.0
0.6,128.181882,37.966619,7001.988129599999,29.2,0.183,180.576,1.0
0.7,128.181881,37.966349,7001.5864032,38.887,0.943,181.064,1.0
0.8,128.18188,37.966078,7001.2047936,43.397,1.526,181.473,1.0
0.9,128.181877,37.965807,7000.9112712,43.667,1.965,181.88,1.0
1.0,128.181872,37.965537,7000.7427168,40.68,2.147,182.085,1.0
1.1,128.181865,37.965267,7000.674746400001,35.094,1.131,181.306,1.0
1.2,128.181857,37.964997,7000.6777944000005,27.369,0.103,180.632,1.0
1.3,128.181848,37.964727,7000.7573472,17.891,0.661,180.893,1.0
1.4,128.181838,37.964458,7000.9323024,9.096,1.67,181.372,1.0
1.5,128.181827,37.964189,7001.171570400001,5.557,2.257,181.761,1.0
1.6,128.181817,37.963919,7001.398951200001,6.33,1.935,181.959,1.0
1.7,128.181807,37.963649,7001.5419024,10.398,1.506,182.101,1.0
1.8,128.181796,37.963379,7001.580612,17.062,1.104,182.197,1.0
1.9,128.181786,37.963109,7001.519956800001,23.935,0.766,182.144,1.0
2.0,128.181775,37.962839,7001.4169344,26.306,0.519,181.967,1.0
2.1,128.181763,37.962569,7001.3328096000005,24.756,0.326,181.837,1.0
2.2,128.181751,37.962298,7001.317264800001,20.12,0.188,181.764,1.0
2.3,128.181738,37.962029,7001.3736528,13.064,0.092,181.74,1.0
2.4,128.181725,37.961759,7001.487648,5.981,0.008,181.862,1.0
2.5,128.181711,37.961489,7001.590060800001,3.632,-0.068,182.113,1.0
2.6,128.181698,37.961219,7001.6025576,5.364,-0.14,182.327,1.0
2.7,128.181685,37.960949,7001.4657024,10.24,-0.248,182.498,1.0
2.8,128.181671,37.960679,7001.1886392,15.642,-0.378,182.518,1.0
2.9,128.181658,37.960408,7000.849701600001,16.693,-0.237,182.484,1.0
3.0,128.181644,37.960137,7000.585744800001,13.969,1.799,183.007,1.0
3.1,128.181628,37.959867,7000.555874400001,8.416,4.853,183.672,1.0
3.2,128.181613,37.959597,7000.809468,1.435,5.698,183.834,1.0
3.3,128.181597,37.959328,7001.2291776,-5.114,3.406,183.847,1.0
3.4,128.181581,37.959058,7001.6900352,-10.648,1.114,184.069,1.0
3.5,128.181565,37.958789,7002.083532000001,-12.615,1.123,184.124,1.0
3.6,128.181549,37.958519,7002.417288000001,-11.378,3.864,183.601,1.0
3.7,128.181533,37.958249,7002.798897600001,-7.601,7.037,183.051,1.0
3.8,128.181517,37.957979,7003.331688000001,-1.791,8.957,182.884,1.0
3.9,128.181502,37.957709,7004.091859200001,4.163,10.197,182.822,1.0
4.0,128.181486,37.95744,7005.1732896,6.335,11.144,182.702,1.0
4.1,128.181469,37.957171,7006.661628000001,5.222,12.002,182.651,1.0
4.2,128.181453,37.956903,7008.612348,1.674,12.859,182.593,1.0
4.3,128.181436,37.956636,7011.0031992,-3.138,13.727,182.476,1.0
4.4,128.181419,37.95637,7013.8146744000005,-8.551,14.588,182.244,1.0
4.5,128.181404,37.956105,7017.0312288000005,-14.33,15.428,181.866,1.0
4.6,128.181389,37.95584,7020.636708,-20.399,16.233,181.329,1.0
4.7,128.181377,37.955577,7024.609776,-26.734,16.991,180.628,1.0
4.8,128.181367,37.955314,7028.913247200001,-32.304,17.714,179.821,1.0
4.9,128.181359,37.955052,7033.4730552,-34.773,18.401,178.976,1.0
5.0,128.181352,37.95479,7038.2352504,-34.579,18.996,178.13,1.0
5.1,128.181348,37.954529,7043.201356800001,-32.191,19.511,177.382,1.0
5.2,128.181346,37.954269,7048.3853952,-27.933,19.989,176.782,1.0
5.3,128.181346,37.954009,7053.8016912,-22.014,20.477,176.356,1.0
5.4,128.181347,37.95375,7059.475848,-16.051,20.978,176.015,1.0
5.5,128.18135,37.953492,7065.4752264,-13.61,21.523,175.673,1.0
5.6,128.181354,37.953236,7071.8693207999995,-14.217,22.171,175.382,1.0
5.7,128.18136,37.952981,7078.70568,-17.248,22.907,175.06,1.0
5.8,128.181367,37.952729,7085.953824000001,-21.772,23.691,174.659,1.0
5.9,128.181377,37.952477,7093.5780912,-27.06,24.466,174.132,1.0
6.0,128.181389,37.952228,7101.5391624,-31.744,25.227,173.523,1.0
6.1,128.181404,37.951979,7109.765409600001,-33.271,25.983,172.895,1.0
6.2,128.18142,37.951732,7118.198006400001,-32.066,26.682,172.249,1.0
6.3,128.181439,37.951486,7126.829942400001,-28.612,27.341,171.685,1.0
6.4,128.181459,37.95124,7135.674019200001,-23.236,28.006,171.264,1.0
6.5,128.18148,37.950996,7144.754011200001,-17.586,28.676,170.915,1.0
6.6,128.181503,37.950754,7154.135755200001,-15.143,29.359,170.555,1.0
6.7,128.181528,37.950514,7163.8872216,-15.517,30.113,170.255,1.0
6.8,128.181554,37.950276,7174.056568800001,-18.172,30.928,169.927,1.0
6.9,128.181581,37.950041,7184.6203272,-22.38,31.778,169.512,1.0
7.0,128.181611,37.949808,7195.5422256,-27.441,32.619,168.956,1.0
7.1,128.181643,37.949577,7206.7847736,-32.004,33.453,168.306,1.0
7.2,128.181677,37.949349,7218.280610400001,-33.559,34.295,167.634,1.0
7.3,128.181712,37.949121,7229.972128800001,-32.474,35.102,166.916,1.0
7.4,128.18175,37.948896,7241.8495752,-29.183,35.889,166.261,1.0
7.5,128.181789,37.948672,7253.9348952,-25.372,36.636,165.636,1.0
7.6,128.18183,37.94845,7266.2881344,-24.469,37.338,164.956,1.0
7.7,128.181872,37.948231,7278.968119200001,-26.203,38.069,164.298,1.0
7.8,128.181917,37.948015,7292.0053296,-30.071,38.847,163.643,1.0
7.9,128.181964,37.947802,7305.36258,-35.199,39.673,162.974,1.0
8.0,128.182014,37.947592,7318.996284000001,-39.985,40.507,162.205,1.0
8.1,128.182066,37.947384,7332.842128800001,-41.985,41.361,161.379,1.0
8.2,128.18212,37.947179,7346.8492128,-41.493,42.174,160.473,1.0
8.3,128.182175,37.946975,7361.0047343999995,-38.755,42.797,159.796,1.0
8.4,128.182233,37.946772,7375.285528800001,-33.277,42.112,160.599,1.0
8.5,128.182291,37.946572,7389.6754416,-27.108,40.522,162.005,1.0
8.6,128.18235,37.946372,7404.196723200001,-24.49,39.916,162.356,1.0
8.7,128.182411,37.946176,7418.9060664,-25.408,41.039,161.582,1.0
8.8,128.182472,37.945982,7433.8607736,-28.949,42.594,160.438,1.0
8.9,128.182535,37.94579,7449.0553584,-34.106,44.049,159.177,1.0
9.0,128.1826,37.945602,7464.470313600001,-40.124,45.29,157.792,1.0
9.1,128.182668,37.945417,7480.0797312,-45.767,46.368,156.314,1.0
9.2,128.182737,37.945234,7495.835148,-48.793,47.365,154.814,1.0
9.3,128.182808,37.945053,7511.698464,-49.43,48.247,153.26,1.0
9.4,128.18288,37.944874,7527.6830904,-48.765,48.995,151.692,1.0
9.5,128.182955,37.944697,7543.8435864,-48.865,49.599,150.117,1.0
9.6,128.183032,37.944524,7560.2025072,-49.509,50.189,148.613,1.0
9.7,128.183112,37.944354,7576.742784000001,-50.452,50.794,147.128,1.0
9.8,128.183194,37.944187,7593.436070400001,-51.563,51.419,145.615,1.0
9.9,128.183278,37.944023,7610.2704792,-52.765,52.056,144.06,1.0
10.0,128.183365,37.943863,7627.236256800001,-54.02,52.689,142.446,1.0
10.1,128.183453,37.943707,7644.326697600001,-55.317,53.312,140.765,1.0
10.2,128.183543,37.943554,7661.5357056,-56.653,53.922,139.013,1.0
10.3,128.183635,37.943405,7678.8577944,-58.03,54.517,137.189,1.0
10.4,128.18373,37.94326,7696.287782400001,-59.422,55.053,135.24,1.0
10.5,128.183826,37.943118,7713.8183544,-60.852,55.482,133.124,1.0
10.6,128.183924,37.94298,7731.4400616,-62.416,55.879,130.919,1.0
10.7,128.184023,37.942846,7749.1425408000005,-64.115,56.265,128.642,1.0
10.8,128.184125,37.942716,7766.916038400001,-65.914,56.637,126.307,1.0
10.9,128.184228,37.94259,7784.7511056,-67.73,56.973,123.983,1.0
11.0,128.184333,37.942468,7802.6385984,-69.519,57.267,121.702,1.0
11.1,128.184439,37.94235,7820.5687632,-71.267,57.517,119.469,1.0
11.2,128.184547,37.942236,7838.533065600001,-72.972,57.727,117.284,1.0
11.3,128.184656,37.942126,7856.5226664,-74.638,57.901,115.143,1.0
11.4,128.184767,37.94202,7874.529031200001,-76.27,58.039,113.041,1.0
11.5,128.184878,37.941917,7892.5436256,-77.873,58.147,110.973,1.0
11.6,128.184991,37.941819,7910.5588296,-79.451,58.224,108.937,1.0
11.7,128.185106,37.941725,7928.5667184,-81.009,58.273,106.931,1.0
11.8,128.185221,37.941635,7946.5593672,-82.547,58.295,104.952,1.0
11.9,128.185337,37.941548,7964.530070400001,-84.067,58.29,103.0,1.0
12.0,128.185454,37.941466,7982.4715128,-85.57,58.261,101.074,1.0
12.1,128.185572,37.941387,8000.3769888,-87.055,58.206,99.175,1.0
12.2,128.185691,37.941311,8018.240097600001,-88.521,58.128,97.303,1.0
12.3,128.185811,37.94124,8036.054133600001,-89.966,58.026,95.458,1.0
12.4,128.185931,37.941172,8053.8136104000005,-91.388,57.901,93.642,1.0
12.5,128.186052,37.941108,8071.5127368,-92.786,57.754,91.854,1.0
12.6,128.186174,37.941047,8089.1454168,-94.158,57.585,90.097,1.0
12.7,128.186296,37.940989,8106.706773600001,-95.502,57.396,88.37,1.0
12.8,128.186419,37.940935,8124.1913208,-96.815,57.186,86.675,1.0
12.9,128.186542,37.940885,8141.5944864,-98.097,56.956,85.012,1.0
13.0,128.186666,37.940837,8158.9113936,-99.346,56.708,83.382,1.0
13.1,128.18679,37.940793,8176.137470400001,-100.561,56.441,81.785,1.0
13.2,128.186914,37.940752,8193.2684496,-101.742,56.158,80.221,1.0
13.3,128.187038,37.940715,8210.3003688,-102.889,55.857,78.69,1.0
13.4,128.187163,37.94068,8227.228960800001,-104.0,55.541,77.193,1.0
13.5,128.187288,37.940649,8244.050568,-105.075,55.21,75.729,1.0
13.6,128.187413,37.94062,8260.761532800001,-106.115,54.865,74.298,1.0
13.7,128.187538,37.940595,8277.3585024,-107.119,54.506,72.9,1.0
13.8,128.187663,37.940572,8293.838124,-108.088,54.135,71.533,1.0
13.9,128.187788,37.940552,8310.1976544,-109.023,53.752,70.199,1.0
14.0,128.187913,37.940535,8326.433436000001,-109.922,53.358,68.896,1.0
14.1,128.188038,37.940521,8342.5430304,-110.787,52.953,67.623,1.0
14.2,128.188163,37.94051,8358.5236944,-111.619,52.538,66.38,1.0
14.3,128.188288,37.940501,8374.3729896,-112.418,52.113,65.166,1.0
14.4,128.188413,37.940495,8390.0884776,-113.184,51.68,63.981,1.0
14.5,128.188537,37.940491,8405.667720000001,-113.919,51.239,62.823,1.0
14.6,128.188661,37.94049,8421.1085832,-114.623,50.79,61.691,1.0
14.7,128.188786,37.940492,8436.408933600002,-115.297,50.334,60.586,1.0
14.8,128.188909,37.940496,8451.5672472,-115.941,49.872,59.505,1.0
14.9,128.189033,37.940502,8466.5813904,-116.556,49.402,58.449,1.0
15.0,128.189156,37.940511,8481.4495344,-117.144,48.927,57.414,1.0
15.1,128.189279,37.940522,8496.170460000001,-117.706,48.446,56.401,1.0
15.2,128.189401,37.940535,8510.742033600001,-118.245,47.958,55.405,1.0
15.3,128.189523,37.940551,8525.1624264,-118.819,47.488,54.404,1.0
15.4,128.189645,37.940569,8539.4298096,-119.496,47.076,53.362,1.0
15.5,128.189766,37.940589,8553.544183200001,-120.164,46.688,52.306,1.0
15.6,128.189887,37.940611,8567.5046328,-120.751,46.304,51.252,1.0
15.7,128.190007,37.940635,8581.3096344,-121.219,45.915,50.209,1.0
15.8,128.190127,37.940661,8594.958578400001,-121.559,45.518,49.181,1.0
15.9,128.190246,37.940689,8608.450245600001,-121.774,45.111,48.17,1.0
16.0,128.190365,37.940719,8621.7840264,-121.877,44.697,47.174,1.0
16.1,128.190483,37.940752,8634.9593112,-121.889,44.277,46.191,1.0
16.2,128.1906,37.940786,8647.9761,-121.829,43.854,45.219,1.0
16.3,128.190716,37.940822,8660.834392800001,-121.717,43.43,44.256,1.0
16.4,128.190832,37.94086,8673.5344944,-121.57,43.007,43.301,1.0
16.5,128.190947,37.9409,8686.0767096,-121.401,42.586,42.353,1.0
16.6,128.191061,37.940942,8698.461648,-121.22,42.169,41.411,1.0
16.7,128.191174,37.940985,8710.6896144,-121.035,41.755,40.474,1.0
16.8,128.191287,37.94103,8722.7612184,-120.849,41.345,39.542,1.0
16.9,128.191398,37.941077,8734.6773744,-120.664,40.94,38.617,1.0
17.0,128.191508,37.941126,8746.438692000002,-120.48,40.54,37.697,1.0
17.1,128.191618,37.941176,8758.0463904,-120.295,40.143,36.783,1.0
17.2,128.191726,37.941228,8769.5016888,-120.107,39.752,35.877,1.0
17.3,128.191834,37.941281,8780.806416,-119.913,39.364,34.978,1.0
17.4,128.19194,37.941336,8791.9602672,-119.709,38.982,34.088,1.0
17.5,128.192045,37.941392,8802.9647664,-119.493,38.605,33.208,1.0
17.6,128.19215,37.941449,8813.821437600001,-119.061,38.238,32.332,1.0
17.7,128.192253,37.941508,8824.538510400002,-117.94,37.897,31.453,1.0
17.8,128.192355,37.941568,8835.122995200001,-116.193,37.584,30.576,1.0
17.9,128.192457,37.941629,8845.5770256,-113.932,37.311,29.706,1.0
18.0,128.192558,37.941691,8855.9039544,-111.289,37.084,28.844,1.0
18.1,128.192657,37.941754,8866.106220000001,-108.402,36.914,27.991,1.0
18.2,128.192756,37.941818,8876.1880896,-105.404,36.807,27.143,1.0
18.3,128.192854,37.941882,8886.1535256,-102.417,36.767,26.301,1.0
18.4,128.19295,37.941948,8896.0074048,-99.782,36.788,25.462,1.0
18.5,128.193045,37.942014,8905.7521656,-98.209,36.851,24.628,1.0
18.6,128.193139,37.942082,8915.3896368,-97.864,36.945,23.793,1.0
18.7,128.19323,37.94215,8924.9198184,-98.635,37.056,22.953,1.0
18.8,128.19332,37.94222,8934.3427104,-100.349,37.163,22.104,1.0
18.9,128.193408,37.942291,8943.655569600001,-102.504,37.253,21.246,1.0
19.0,128.193495,37.942363,8952.8574816,-104.177,37.325,20.377,1.0
19.1,128.19358,37.942435,8961.9508848,-105.231,37.364,19.503,1.0
19.2,128.193664,37.942508,8970.9379128,-105.608,37.366,18.635,1.0
19.3,128.193747,37.942582,8979.81948,-105.298,37.337,17.781,1.0
19.4,128.193829,37.942656,8988.5965008,-104.328,37.287,16.951,1.0
19.5,128.19391,37.942731,8997.2701944,-102.758,37.23,16.147,1.0
19.6,128.193989,37.942807,9005.84178,-100.676,37.177,15.371,1.0
19.7,128.194068,37.942883,9014.314000800001,-98.185,37.14,14.624,1.0
19.8,128.194145,37.94296,9022.6892952,-95.396,37.131,13.907,1.0
19.9,128.194221,37.943037,9030.971016,-92.425,37.158,13.218,1.0
20.0,128.194296,37.943114,9039.1622112,-89.379,37.228,12.556,1.0
20.1,128.19437,37.943192,9047.266538400001,-86.357,37.346,11.92,1.0
20.2,128.194442,37.94327,9055.2870456,-83.443,37.516,11.307,1.0
20.3,128.194514,37.943349,9063.227695200001,-80.704,37.737,10.717,1.0
20.4,128.194584,37.943428,9071.0930592,-78.414,37.991,10.142,1.0
20.5,128.194653,37.943507,9078.8910624,-77.148,38.234,9.57,1.0
20.6,128.19472,37.943587,9086.627496000001,-76.887,38.472,8.999,1.0
20.7,128.194785,37.943667,9094.307541600001,-77.548,38.701,8.426,1.0
20.8,128.194849,37.943747,9101.929370400001,-78.78,38.924,7.845,1.0
20.9,128.194911,37.943827,9109.4868864,-79.892,39.141,7.256,1.0
21.0,128.194972,37.943908,9116.9755176,-80.781,39.343,6.659,1.0
21.1,128.195031,37.943988,9124.3916064,-81.387,39.521,6.057,1.0
21.2,128.19509,37.944069,9131.7339336,-81.667,39.671,5.456,1.0
21.3,128.195147,37.94415,9139.003413600001,-81.602,39.792,4.864,1.0
21.4,128.195204,37.944231,9146.199741600001,-81.189,39.888,4.285,1.0
21.5,128.195259,37.944313,9153.323832,-80.444,39.962,3.722,1.0
21.6,128.195314,37.944394,9160.376294400001,-79.395,40.02,3.179,1.0
21.7,128.195367,37.944476,9167.357738400002,-78.082,40.068,2.657,1.0
21.8,128.195419,37.944557,9174.2693832,-76.551,40.111,2.158,1.0
21.9,128.19547,37.944639,9181.1121432,-74.854,40.155,1.683,1.0
22.0,128.19552,37.944721,9187.8869328,-73.043,40.205,1.231,1.0
22.1,128.19557,37.944803,9194.5955808,-71.171,40.264,0.802,1.0
22.2,128.195618,37.944884,9201.2390016,-69.286,40.337,0.395,1.0
22.3,128.195665,37.944966,9207.8184144,-67.443,40.434,0.016,1.0
22.4,128.195711,37.945048,9214.3344288,-65.699,40.576,359.671,1.0
22.5,128.195757,37.94513,9220.7885688,-64.07,40.758,359.359,1.0
22.6,128.195801,37.945211,9227.1823584,-62.566,40.974,359.076,1.0
22.7,128.195844,37.945293,9233.5164072,-61.185,41.22,358.82,1.0
22.8,128.195887,37.945375,9239.7919344,-59.925,41.491,358.589,1.0
22.9,128.195929,37.945456,9246.010159200001,-58.774,41.782,358.381,1.0
23.0,128.19597,37.945538,9252.1732152,-57.892,42.085,358.193,1.0
23.1,128.19601,37.945619,9258.289332,-57.681,42.39,358.019,1.0
23.2,128.196049,37.9457,9264.365824800001,-58.087,42.693,357.856,1.0
23.3,128.196086,37.945781,9270.40818,-58.859,42.992,357.702,1.0
23.4,128.196123,37.945862,9276.409082400001,-59.501,43.289,357.552,1.0
23.5,128.196158,37.945942,9282.3606072,-59.946,43.579,357.397,1.0
23.6,128.196193,37.946022,9288.2563536,-60.151,43.858,357.234,1.0
23.7,128.196227,37.946103,9294.0951024,-60.085,44.121,357.065,1.0
23.8,128.196261,37.946183,9299.8768536,-59.73,44.366,356.89,1.0
23.9,128.196293,37.946263,9305.6022168,-59.079,44.593,356.715,1.0
24.0,128.196325,37.946343,9311.271192,-58.136,44.802,356.541,1.0
24.1,128.196356,37.946422,9316.884084000001,-56.914,44.994,356.374,1.0
24.2,128.196387,37.946502,9322.441502399999,-55.438,45.171,356.216,1.0
24.3,128.196417,37.946581,9327.9440568,-53.735,45.333,356.071,1.0
24.4,128.196446,37.94666,9333.392052000001,-51.842,45.483,355.944,1.0
24.5,128.196475,37.946739,9338.798899200001,-49.793,45.62,355.841,1.0
24.6,128.196503,37.946818,9344.18502,-47.762,45.737,355.778,1.0
24.7,128.19653,37.946897,9349.5589488,-46.131,45.836,355.747,1.0
24.8,128.196556,37.946976,9354.929220000002,-44.924,45.923,355.746,1.0
24.9,128.196582,37.947055,9360.3037584,-44.14,46.004,355.767,1.0
25.0,128.196606,37.947134,9365.684088,-43.764,46.086,355.8,1.0
25.1,128.19663,37.947213,9371.0695992,-43.769,46.173,355.837,1.0
25.2,128.196653,37.947291,9376.4599872,-44.122,46.269,355.867,1.0
25.3,128.196675,37.94737,9381.854337600002,-44.778,46.374,355.882,1.0
25.4,128.196696,37.947448,9387.2520408,-45.689,46.488,355.876,1.0
25.5,128.196717,37.947526,9392.651877600001,-46.806,46.609,355.838,1.0
25.6,128.196736,37.947604,9398.052324,-48.076,46.735,355.762,1.0
25.7,128.196755,37.947682,9403.4512464,-49.304,46.865,355.644,1.0
25.8,128.196773,37.94776,9408.84072,-50.092,47.002,355.487,1.0
25.9,128.19679,37.947838,9414.21282,-50.409,47.145,355.288,1.0
26.0,128.196807,37.947916,9419.5611456,-50.251,47.288,355.05,1.0
26.1,128.196823,37.947994,9424.8856968,-49.622,47.43,354.783,1.0
26.2,128.196839,37.948072,9430.1864736,-48.54,47.566,354.495,1.0
26.3,128.196855,37.94815,9435.4643904,-47.036,47.696,354.2,1.0
26.4,128.19687,37.948229,9440.7200568,-45.147,47.818,353.907,1.0
26.5,128.196884,37.948307,9445.9559112,-43.018,47.932,353.626,1.0
26.6,128.196898,37.948385,9451.1792688,-40.932,48.033,353.362,1.0
26.7,128.196911,37.948463,9456.3983592,-38.936,48.124,353.123,1.0
26.8,128.196924,37.948541,9461.6165352,-37.106,48.21,352.91,1.0
26.9,128.196936,37.948619,9466.8401976,-35.579,48.292,352.724,1.0
27.0,128.196947,37.948697,9472.070260800001,-34.376,48.374,352.562,1.0
27.1,128.196958,37.948774,9477.3076392,-33.504,48.462,352.422,1.0
27.2,128.196968,37.948851,9482.5517232,-32.962,48.556,352.301,1.0
27.3,128.196977,37.948928,9487.8025128,-32.739,48.66,352.193,1.0
27.4,128.196986,37.949005,9493.0593984,-32.818,48.772,352.096,1.0
27.5,128.196995,37.949081,9498.32238,-33.173,48.894,352.003,1.0
27.6,128.197003,37.949157,9503.5905432,-33.773,49.024,351.91,1.0
27.7,128.19701,37.949233,9508.8632784,-34.584,49.161,351.812,1.0
27.8,128.197016,37.949309,9514.138452000001,-35.498,49.304,351.704,1.0
27.9,128.197023,37.949385,9519.408444,-36.295,49.452,351.585,1.0
28.0,128.197028,37.94946,9524.668072800001,-36.949,49.603,351.452,1.0
28.1,128.197033,37.949536,9529.9170336,-37.444,49.753,351.302,1.0
28.2,128.197038,37.949611,9535.1553264,-37.772,49.9,351.136,1.0
28.3,128.197043,37.949686,9540.3838656,-37.927,50.041,350.954,1.0
28.4,128.197046,37.949761,9545.6023464,-37.91,50.174,350.759,1.0
28.5,128.19705,37.949836,9550.811378400002,-37.726,50.298,350.552,1.0
28.6,128.197053,37.949911,9556.001817600001,-37.385,50.412,350.324,1.0
28.7,128.197055,37.949986,9561.157509600002,-36.902,50.515,350.054,1.0
28.8,128.197057,37.95006,9566.276016,-36.296,50.608,349.75,1.0
28.9,128.197059,37.950134,9571.3545936,-35.589,50.69,349.42,1.0
29.0,128.19706,37.950207,9576.392328,-34.802,50.761,349.075,1.0
29.1,128.197061,37.95028,9581.3898288,-33.957,50.822,348.721,1.0
29.2,128.197062,37.950353,9586.3461816,-33.078,50.871,348.368,1.0
29.3,128.197062,37.950425,9591.261996000001,-32.186,50.909,348.02,1.0
29.4,128.197062,37.950497,9596.1363576,-31.302,50.937,347.684,1.0
29.5,128.197061,37.950568,9600.9695712,-30.445,50.954,347.362,1.0
29.6,128.197061,37.950639,9605.7610272,-29.631,50.962,347.058,1.0
29.7,128.19706,37.95071,9610.510116,-28.877,50.959,346.773,1.0
29.8,128.197058,37.95078,9615.2168376,-28.192,50.947,346.509,1.0
29.9,128.197057,37.95085,9619.881192,-27.586,50.926,346.267,1.0
30.0,128.197055,37.95092,9624.503484,-27.065,50.895,346.046,1.0
30.1,128.197052,37.950989,9629.0843232,-26.631,50.855,345.847,1.0
30.2,128.19705,37.951058,9633.6240144,-26.286,50.806,345.669,1.0
30.3,128.197047,37.951127,9638.1228624,-26.028,50.748,345.512,1.0
30.4,128.197044,37.951195,9642.5814768,-25.853,50.68,345.375,1.0
30.5,128.197041,37.951263,9647.0004672,-25.756,50.603,345.257,1.0
30.6,128.197038,37.951331,9651.379833600002,-25.73,50.517,345.156,1.0
30.7,128.197034,37.951398,9655.7207952,-25.767,50.421,345.071,1.0
30.8,128.19703,37.951465,9660.023352,-25.858,50.317,345.002,1.0
30.9,128.197026,37.951532,9664.2862848,-25.95,50.205,344.945,1.0
31.0,128.197022,37.951599,9668.5031928,-25.93,50.085,344.9,1.0
31.1,128.197017,37.951666,9672.670113600001,-25.796,49.96,344.863,1.0
31.2,128.197012,37.951732,9676.787352000001,-25.55,49.826,344.834,1.0
31.3,128.197007,37.951798,9680.8546032,-25.194,49.685,344.811,1.0
31.4,128.197002,37.951865,9684.8709528,-24.736,49.535,344.795,1.0
31.5,128.196997,37.951931,9688.8339624,-24.183,49.377,344.782,1.0
31.6,128.196991,37.951996,9692.740584000001,-23.544,49.214,344.773,1.0
31.7,128.196986,37.952062,9696.5880744,-22.83,49.044,344.766,1.0
31.8,128.19698,37.952128,9700.375824,-22.053,48.869,344.761,1.0
31.9,128.196974,37.952193,9704.103832800001,-21.223,48.688,344.759,1.0
32.0,128.196968,37.952258,9707.7727104,-20.352,48.5,344.759,1.0
32.1,128.196962,37.952323,9711.3827616,-19.452,48.304,344.764,1.0
32.2,128.196956,37.952388,9714.9355104,-18.536,48.099,344.772,1.0
32.3,128.196949,37.952452,9718.4309568,-17.614,47.886,344.784,1.0
32.4,128.196943,37.952517,9721.870624800002,-16.698,47.664,344.802,1.0
32.5,128.196936,37.952581,9725.254819200001,-15.799,47.433,344.824,1.0
32.6,128.196929,37.952645,9728.584454400001,-14.926,47.193,344.851,1.0
32.7,128.196923,37.952709,9731.8607496,-14.089,46.944,344.884,1.0
32.8,128.196916,37.952773,9735.0846192,-13.295,46.686,344.922,1.0
32.9,128.196908,37.952837,9738.2566728,-12.551,46.419,344.966,1.0
33.0,128.196901,37.952901,9741.3766056,-11.862,46.144,345.015,1.0
33.1,128.196894,37.952964,9744.4447224,-11.233,45.862,345.07,1.0
33.2,128.196887,37.953028,9747.4604136,-10.667,45.573,345.13,1.0
33.3,128.196879,37.953092,9750.4334328,-10.234,45.276,345.201,1.0
33.4,128.196871,37.953155,9753.381458400001,-10.099,44.963,345.296,1.0
33.5,128.196863,37.953219,9756.3108912,-10.256,44.637,345.416,1.0
33.6,128.196855,37.953283,9759.2269128,-10.688,44.299,345.559,1.0
33.7,128.196847,37.953346,9762.1304376,-11.375,43.956,345.724,1.0
33.8,128.196839,37.95341,9765.0114072,-12.252,43.613,345.907,1.0
33.9,128.19683,37.953474,9767.849095200001,-13.195,43.285,346.104,1.0
34.0,128.196822,37.953537,9770.635881600001,-14.173,42.973,346.31,1.0
34.1,128.196813,37.9536,9773.3690232,-15.161,42.677,346.521,1.0
34.2,128.196804,37.953663,9776.046386400001,-16.108,42.397,346.735,1.0
34.3,128.196795,37.953726,9778.6627896,-16.925,42.129,346.944,1.0
34.4,128.196786,37.953789,9781.216404,-17.59,41.87,347.138,1.0
34.5,128.196777,37.953852,9783.7069248,-18.089,41.618,347.316,1.0
34.6,128.196768,37.953914,9786.134352000001,-18.415,41.369,347.478,1.0
34.7,128.196759,37.953977,9788.498990400001,-18.561,41.122,347.623,1.0
34.8,128.19675,37.954039,9790.8002304,-18.524,40.874,347.753,1.0
34.9,128.19674,37.954102,9793.0389864,-18.305,40.624,347.867,1.0
35.0,128.196731,37.954164,9795.214344,-17.906,40.37,347.967,1.0
35.1,128.196721,37.954226,9797.327217600001,-17.333,40.11,348.053,1.0
35.2,128.196712,37.954288,9799.3769976,-16.594,39.842,348.126,1.0
35.3,128.196702,37.95435,9801.3639888,-15.701,39.566,348.187,1.0
35.4,128.196693,37.954412,9803.288191200001,-14.667,39.279,348.236,1.0
35.5,128.196683,37.954474,9805.1496048,-13.507,38.982,348.274,1.0
35.6,128.196673,37.954536,9806.9488392,-12.237,38.672,348.303,1.0
35.7,128.196663,37.954597,9808.6852848,-10.876,38.35,348.321,1.0
35.8,128.196653,37.954659,9810.359246400001,-9.444,38.014,348.33,1.0
35.9,128.196643,37.954721,9811.970724,-7.96,37.665,348.33,1.0
36.0,128.196633,37.954782,9813.5197176,-6.445,37.303,348.322,1.0
36.1,128.196623,37.954844,9815.0059224,-4.921,36.929,348.306,1.0
36.2,128.196613,37.954905,9816.429948,-3.407,36.543,348.283,1.0
36.3,128.196603,37.954966,9817.7914896,-1.924,36.146,348.253,1.0
36.4,128.196593,37.955027,9819.090242400001,-0.489,35.739,348.217,1.0
36.5,128.196582,37.955089,9820.326816,0.877,35.323,348.176,1.0
36.6,128.196572,37.95515,9821.500296,2.161,34.898,348.131,1.0
36.7,128.196562,37.955211,9822.611292000001,3.348,34.465,348.083,1.0
36.8,128.196552,37.955272,9823.659499200001,4.425,34.026,348.034,1.0
36.9,128.196542,37.955333,9824.6446128,5.385,33.58,347.986,1.0
37.0,128.196531,37.955394,9825.5672424,6.218,33.128,347.94,1.0
37.1,128.196521,37.955455,9826.4267784,6.918,32.671,347.897,1.0
37.2,128.196511,37.955515,9827.2232208,7.482,32.209,347.86,1.0
37.3,128.1965,37.955576,9827.9565696,7.905,31.743,347.828,1.0
37.4,128.19649,37.955637,9828.6271296,8.187,31.272,347.803,1.0
37.5,128.19648,37.955698,9829.2342912,8.329,30.796,347.787,1.0
37.6,128.196469,37.955759,9829.778664000001,8.334,30.315,347.778,1.0
37.7,128.196459,37.95582,9830.2596384,8.205,29.83,347.777,1.0
37.8,128.196449,37.95588,9830.677824,7.949,29.341,347.786,1.0
37.9,128.196438,37.955941,9831.0326112,7.575,28.846,347.802,1.0
38.0,128.196428,37.956002,9831.3243048,7.09,28.347,347.826,1.0
38.1,128.196418,37.956063,9831.5532096,6.505,27.842,347.858,1.0
38.2,128.196407,37.956124,9831.718716,5.831,27.332,347.896,1.0
38.3,128.196397,37.956184,9831.8214336,5.079,26.817,347.941,1.0
38.4,128.196386,37.956245,9831.861057600001,4.26,26.297,347.991,1.0
38.5,128.196376,37.956306,9831.8378928,3.387,25.771,348.046,1.0
38.6,128.196365,37.956367,9831.7516344,2.471,25.239,348.105,1.0
38.7,128.196355,37.956428,9831.602587200001,1.524,24.702,348.168,1.0
38.8,128.196344,37.956488,9831.3907512,0.559,24.16,348.234,1.0
38.9,128.196333,37.956549,9831.1158216,-0.408,23.612,348.302,1.0
39.0,128.196323,37.95661,9830.7781032,-1.365,23.06,348.373,1.0
39.1,128.196312,37.956671,9830.377596,-2.296,22.503,348.446,1.0
39.2,128.196301,37.956732,9829.9139952,-3.188,21.941,348.52,1.0
39.3,128.19629,37.956793,9829.3876056,-4.027,21.376,348.594,1.0
39.4,128.19628,37.956854,9828.798427200001,-4.801,20.807,348.669,1.0
39.5,128.196269,37.956914,9828.1461552,-5.5,20.235,348.743,1.0
39.6,128.196258,37.956975,9827.4310944,-6.113,19.66,348.816,1.0
39.7,128.196247,37.957036,9826.65294,-6.632,19.084,348.887,1.0
39.8,128.196236,37.957097,9825.811692000001,-7.048,18.506,348.956,1.0
39.9,128.196225,37.957158,9824.9073504,-7.357,17.927,349.022,1.0
40.0,128.196214,37.95722,9823.9399152,-7.553,17.347,349.083,1.0
40.1,128.196202,37.957281,9822.9096912,-7.635,16.767,349.141,1.0
40.2,128.196191,37.957342,9821.8160688,-7.6,16.188,349.192,1.0
40.3,128.19618,37.957403,9820.6596576,-7.45,15.609,349.239,1.0
40.4,128.196168,37.957464,9819.439848,-7.186,15.031,349.278,1.0
40.5,128.196157,37.957526,9818.1572496,-6.811,14.455,349.311,1.0
40.6,128.196146,37.957587,9816.8115576,-6.331,13.881,349.337,1.0
40.7,128.196134,37.957649,9815.402772,-5.751,13.309,349.355,1.0
40.8,128.196122,37.95771,9813.9311976,-5.08,12.74,349.366,1.0
40.9,128.196111,37.957772,9812.3962248,-4.326,12.164,349.369,1.0
41.0,128.196099,37.957834,9810.797548800001,-3.5,11.534,349.369,1.0
41.1,128.196087,37.957895,9809.1342552,-2.613,10.846,349.364,1.0
41.2,128.196076,37.957957,9807.4066488,-1.679,10.113,349.354,1.0
41.3,128.196064,37.958019,9805.6153392,-0.709,9.393,349.335,1.0
41.4,128.196052,37.958081,9803.760021600001,0.282,8.698,349.31,1.0
41.5,128.19604,37.958143,9801.840391200001,1.282,8.03,349.279,1.0
41.6,128.196028,37.958205,9799.8567528,2.28,7.39,349.243,1.0
41.7,128.196016,37.958268,9797.8084968,3.26,6.779,349.206,1.0
41.8,128.196004,37.95833,9795.6962328,4.211,6.196,349.168,1.0
41.9,128.195992,37.958393,9793.5190464,5.122,5.642,349.132,1.0
42.0,128.19598,37.958455,9791.277852000001,5.98,5.118,349.098,1.0
42.1,128.195968,37.958518,9788.9732592,6.774,4.618,349.07,1.0
42.2,128.195956,37.958581,9786.6064872,7.497,4.135,349.047,1.0
42.3,128.195943,37.958645,9784.1781456,8.14,3.669,349.03,1.0
42.4,128.195931,37.958709,9781.6876248,8.697,3.222,349.023,1.0
42.5,128.195919,37.958773,9779.1355344,9.163,2.794,349.027,1.0
42.6,128.195906,37.958838,9776.52096,9.535,2.388,349.043,1.0
42.7,128.195894,37.958903,9773.843596800001,9.812,2.011,349.073,1.0
42.8,128.195881,37.958968,9771.1037496,9.992,1.663,349.117,1.0
42.9,128.195868,37.959033,9768.3011136,10.078,1.33,349.174,1.0
43.0,128.195856,37.959098,9765.4350792,10.072,0.933,349.227,1.0
43.1,128.195843,37.959163,9762.505036800001,9.979,0.453,349.275,1.0
43.2,128.195831,37.959229,9759.5112912,9.805,-0.103,349.317,1.0
43.3,128.195818,37.959294,9756.4535376,9.56,-0.73,349.354,1.0
43.4,128.195805,37.95936,9753.3314712,9.251,-1.422,349.389,1.0
43.5,128.195793,37.959425,9750.144177600001,8.891,-2.173,349.421,1.0
43.6,128.19578,37.959491,9746.8916568,8.49,-2.979,349.452,1.0
43.7,128.195767,37.959557,9743.5726896,8.061,-3.834,349.484,1.0
43.8,128.195755,37.959622,9740.1869712,7.618,-4.734,349.517,1.0
43.9,128.195742,37.959688,9736.7329776,7.172,-5.676,349.553,1.0
44.0,128.195729,37.959755,9733.2100992,6.738,-6.654,349.592,1.0
44.1,128.195717,37.959821,9729.6165072,6.329,-7.667,349.635,1.0
44.2,128.195704,37.959887,9725.951287200001,5.958,-8.712,349.683,1.0
44.3,128.195691,37.959953,9722.212915200002,5.636,-9.784,349.735,1.0
44.4,128.195678,37.96002,9718.3992576,5.376,-10.882,349.793,1.0
44.5,128.195665,37.960087,9714.5094,5.19,-12.003,349.855,1.0
44.6,128.195653,37.960153,9710.541208800001,5.089,-13.145,349.919,1.0
44.7,128.19564,37.96022,9706.4928552,5.082,-14.305,349.987,1.0
44.8,128.195627,37.960287,9702.3625104,5.18,-15.485,350.055,1.0
44.9,128.195614,37.960355,9698.1480408,5.392,-16.687,350.123,1.0
45.0,128.195601,37.960422,9693.8479224,5.724,-17.913,350.188,1.0
45.1,128.195588,37.960489,9689.4600216,6.185,-19.162,350.248,1.0
45.2,128.195575,37.960557,9684.9819,6.78,-20.439,350.301,1.0
45.3,128.195562,37.960624,9680.411424,7.516,-21.743,350.345,1.0
45.4,128.195549,37.960692,9675.74646,8.396,-23.066,350.377,1.0
45.5,128.195536,37.96076,9670.9851792,9.424,-24.387,350.401,1.0
45.6,128.195523,37.960828,9666.1251432,10.606,-25.704,350.411,1.0
45.7,128.19551,37.960896,9661.164218400001,11.949,-27.018,350.405,1.0
45.8,128.195497,37.960964,9656.1002712,13.459,-28.328,350.379,1.0
45.9,128.195484,37.961032,9650.930863200001,15.145,-29.633,350.327,1.0
46.0,128.19547,37.9611,9645.6544704,17.012,-30.933,350.246,1.0
46.1,128.195457,37.961168,9640.2683496,19.065,-32.226,350.128,1.0
46.2,128.195444,37.961236,9634.7712816,21.312,-33.511,349.966,1.0
46.3,128.195431,37.961304,9629.160828,23.75,-34.788,349.76,1.0
46.4,128.195417,37.961372,9623.4357696,26.363,-36.059,349.511,1.0
46.5,128.195404,37.96144,9617.593972800001,29.165,-37.32,349.212,1.0
46.6,128.19539,37.961508,9611.6342184,32.171,-38.567,348.851,1.0
46.7,128.195376,37.961576,9605.554372800001,35.397,-39.792,348.422,1.0
46.8,128.195362,37.961644,9599.3538264,38.86,-40.986,347.918,1.0
46.9,128.195348,37.961712,9593.03136,42.577,-42.141,347.333,1.0
47.0,128.195334,37.96178,9586.5872784,46.551,-43.246,346.656,1.0
47.1,128.195319,37.961848,9580.023410400001,50.756,-44.284,345.877,1.0
47.2,128.195305,37.961915,9573.3406704,55.055,-45.239,344.987,1.0
47.3,128.19529,37.961983,9566.545764,59.11,-46.087,343.982,1.0
47.4,128.195275,37.96205,9559.646616,62.902,-46.823,342.883,1.0
47.5,128.19526,37.962117,9552.6462744,66.427,-47.448,341.714,1.0
47.6,128.195245,37.962185,9545.5444344,69.679,-47.966,340.493,1.0
47.7,128.19523,37.962252,9538.3417056,72.651,-48.383,339.237,1.0
47.8,128.195215,37.962319,9531.037173600002,75.335,-48.709,337.964,1.0
47.9,128.195199,37.962386,9523.6317528,77.724,-48.951,336.689,1.0
48.0,128.195184,37.962452,9516.125748,79.813,-49.12,335.424,1.0
48.1,128.195168,37.962519,9508.519159200001,81.595,-49.227,334.183,1.0
48.2,128.195152,37.962585,9500.813510400001,83.062,-49.283,332.975,1.0
48.3,128.195135,37.962652,9493.0091064,84.207,-49.299,331.81,1.0
48.4,128.195119,37.962718,9485.106556800001,85.026,-49.285,330.695,1.0
48.5,128.195102,37.962784,9477.106776,85.519,-49.254,329.633,1.0
48.6,128.195085,37.962849,9469.0100688,85.689,-49.216,328.624,1.0
48.7,128.195067,37.962915,9460.8170448,85.539,-49.181,327.671,1.0
48.8,128.195049,37.96298,9452.5283136,85.076,-49.159,326.77,1.0
48.9,128.195031,37.963046,9444.14418,84.308,-49.157,325.919,1.0
49.0,128.195013,37.963111,9435.6649488,83.245,-49.184,325.116,1.0
49.1,128.194994,37.963176,9427.0909248,81.897,-49.248,324.357,1.0
49.2,128.194975,37.96324,9418.4218032,80.278,-49.356,323.638,1.0
49.3,128.194956,37.963305,9409.6581936,78.398,-49.512,322.956,1.0
49.4,128.194936,37.963369,9400.799181600001,76.275,-49.726,322.309,1.0
49.5,128.194916,37.963433,9391.8441576,73.935,-50.003,321.694,1.0
49.6,128.194896,37.963497,9382.7937312,71.367,-50.346,321.112,1.0
49.7,128.194876,37.963561,9373.6472928,68.578,-50.759,320.562,1.0
49.8,128.194855,37.963625,9364.404232800001,65.578,-51.246,320.047,1.0
49.9,128.194833,37.963688,9355.063636800001,62.377,-51.808,319.57,1.0
50.0,128.194812,37.963751,9345.6252,58.981,-52.448,319.136,1.0
50.1,128.19479,37.963814,9336.0873984,55.405,-53.165,318.751,1.0
50.2,128.194768,37.963876,9326.4493176,51.664,-53.956,318.422,1.0
50.3,128.194746,37.963938,9316.7097384,47.77,-54.818,318.158,1.0
50.4,128.194723,37.964,9306.8662224,43.87,-55.762,317.995,1.0
50.5,128.1947,37.964062,9296.9077968,40.298,-56.816,318.004,1.0
50.6,128.194677,37.964122,9286.821964800001,36.99,-57.975,318.208,1.0
50.7,128.194654,37.964183,9276.601716,33.918,-59.224,318.639,1.0
50.8,128.19463,37.964243,9266.242478400001,31.076,-60.553,319.338,1.0
50.9,128.194606,37.964302,9255.751872,28.238,-61.929,320.323,1.0
51.0,128.194583,37.96436,9245.1323352,25.365,-63.322,321.608,1.0
51.1,128.194559,37.964419,9234.383868,22.445,-64.708,323.198,1.0
51.2,128.194535,37.964476,9223.5043368,19.565,-66.064,325.094,1.0
51.3,128.194512,37.964533,9212.4821592,16.962,-67.379,327.29,1.0
51.4,128.194488,37.964589,9201.313068000001,14.684,-68.636,329.741,1.0
51.5,128.194465,37.964645,9189.997368,12.788,-69.824,332.377,1.0
51.6,128.194442,37.964699,9178.5341448,11.353,-70.938,335.104,1.0
51.7,128.194419,37.964753,9166.9233984,10.491,-71.978,337.798,1.0
51.8,128.194396,37.964806,9155.166348,10.336,-72.953,340.31,1.0
51.9,128.194374,37.964858,9143.266346400002,10.901,-73.867,342.435,1.0
52.0,128.194352,37.964909,9131.236195200001,12.055,-74.72,343.899,1.0
52.1,128.19433,37.96496,9119.0883912,13.896,-75.51,344.578,1.0
52.2,128.194308,37.96501,9106.8253728,16.324,-76.247,344.505,1.0
52.3,128.194287,37.96506,9094.449273600001,19.171,-76.932,343.719,1.0
52.4,128.194265,37.965109,9081.970152000002,22.273,-77.549,342.179,1.0
52.5,128.194244,37.965157,9069.389532000001,25.517,-78.092,339.965,1.0
52.6,128.194223,37.965205,9056.7061944,28.866,-78.563,337.214,1.0
52.7,128.194201,37.965253,9043.9103856,32.437,-78.978,334.081,1.0
52.8,128.19418,37.965299,9030.9993624,36.081,-79.336,330.607,1.0
52.9,128.194159,37.965345,9017.9844024,39.438,-79.622,326.853,1.0
53.0,128.194137,37.965391,9004.871906400002,42.341,-79.843,322.987,1.0
53.1,128.194116,37.965436,8991.6618744,44.672,-80.014,319.142,1.0
53.2,128.194095,37.96548,8978.3552208,46.346,-80.156,315.425,1.0
53.3,128.194074,37.965524,8964.9519456,47.323,-80.29,311.912,1.0
53.4,128.194052,37.965567,8951.45022,47.625,-80.44,308.65,1.0
53.5,128.194031,37.96561,8937.8494344,47.301,-80.622,305.657,1.0
53.6,128.19401,37.965652,8924.148674400001,46.415,-80.852,302.933,1.0
53.7,128.193989,37.965693,8910.3467208,45.026,-81.14,300.478,1.0
53.8,128.193968,37.965734,8896.443573600001,43.181,-81.494,298.297,1.0
53.9,128.193947,37.965774,8882.4386232,40.911,-81.919,296.404,1.0
54.0,128.193926,37.965813,8868.3315648,38.223,-82.417,294.835,1.0
54.1,128.193906,37.965852,8854.1227032,35.078,-82.989,293.658,1.0
54.2,128.193886,37.96589,8839.811733600001,31.391,-83.631,292.985,1.0
54.3,128.193866,37.965927,8825.3995704,26.984,-84.337,293.014,1.0
54.4,128.193847,37.965964,8810.8865184,21.485,-85.099,294.131,1.0
54.5,128.193828,37.966,8796.2713584,14.139,-85.906,297.313,1.0
54.6,128.19381,37.966035,8781.544946400001,3.267,-86.728,304.753,1.0
54.7,128.193793,37.966069,8766.7005768,-14.467,-87.449,319.727,1.0
54.8,128.193777,37.966103,8751.7394688,-42.408,-87.814,345.595,1.0
54.9,128.193763,37.966135,8736.657050400001,-72.622,-87.544,14.622,1.0
55.0,128.193749,37.966167,8721.4319856,-92.412,-86.743,34.08,1.0
55.1,128.193738,37.966198,8706.032270400001,-103.313,-85.672,45.464,1.0
55.2,128.193728,37.966228,8690.4603432,-109.537,-84.46,52.939,1.0
55.3,128.193719,37.966257,8674.718642400001,-112.782,-83.185,58.15,1.0
55.4,128.193712,37.966286,8658.808692,-114.082,-81.905,62.073,1.0
55.5,128.193706,37.966314,8642.7323208,-114.079,-80.661,65.292,1.0
55.6,128.193703,37.96634,8626.4910528,-113.046,-79.499,68.029,1.0
55.7,128.1937,37.966366,8610.086412,-111.087,-78.479,70.353,1.0
55.8,128.1937,37.966391,8593.5199224,-108.608,-77.635,72.66,1.0
55.9,128.193701,37.966414,8576.7918888,-105.858,-77.004,75.203,1.0
56.0,128.193703,37.966437,8559.9035304,-102.992,-76.631,78.146,1.0
56.1,128.193707,37.966458,8542.8548472,-100.116,-76.56,81.61,1.0
56.2,128.193712,37.966477,8525.6452296,-97.258,-76.835,85.686,1.0
56.3,128.193718,37.966496,8508.272544,-94.455,-77.487,90.479,1.0
56.4,128.193725,37.966513,8490.735876,-91.488,-78.531,95.81,1.0
56.5,128.193732,37.966529,8473.0394928,-85.601,-79.988,98.911,1.0
56.6,128.193739,37.966544,8455.1821752,-73.956,-81.78,96.969,1.0
56.7,128.193747,37.966558,8437.1623992,-53.406,-83.586,86.793,1.0
56.8,128.193755,37.966573,8418.9822984,-19.69,-84.606,63.327,1.0
56.9,128.193763,37.966587,8400.6671712,17.147,-83.776,35.037,1.0
57.0,128.193772,37.966602,8382.254508,40.062,-81.36,18.817,1.0
57.1,128.193781,37.966617,8363.7589392,51.36,-78.31,12.222,1.0
57.2,128.193792,37.966633,8345.1874752,56.047,-75.155,10.089,1.0
57.3,128.193805,37.96665,8326.546212,56.354,-72.184,10.025,1.0
57.4,128.193819,37.966668,8307.8424648,53.232,-69.572,10.963,1.0
57.5,128.193834,37.966687,8289.0829392,47.326,-67.436,12.401,1.0
57.6,128.193851,37.966707,8270.2737312,39.139,-65.864,14.177,1.0
57.7,128.193869,37.966729,8251.4245944,28.939,-64.844,16.327,1.0
57.8,128.193888,37.966752,8232.546806400002,17.077,-64.217,18.895,1.0
57.9,128.193909,37.966778,8213.649206400001,4.571,-63.763,21.648,1.0
58.0,128.19393,37.966805,8194.741548,-7.035,-63.325,24.092,1.0
58.1,128.193953,37.966834,8175.829317600001,-16.455,-62.852,25.766,1.0
58.2,128.193976,37.966866,8156.918001600001,-23.18,-62.362,26.447,1.0
58.3,128.194,37.966899,8138.009124000001,-27.01,-61.884,26.249,1.0
58.4,128.194024,37.966935,8119.0816536,-27.428,-61.395,25.532,1.0
58.5,128.194049,37.966972,8100.1185216,-24.979,-60.89,24.539,1.0
58.6,128.194073,37.967011,8081.1178992000005,-20.299,-60.358,23.525,1.0
58.7,128.194098,37.967051,8062.088016,-14.609,-59.809,22.607,1.0
58.8,128.194123,37.967093,8043.0550848,-9.991,-59.26,21.77,1.0
58.9,128.194149,37.967138,8024.0605584,-6.871,-58.697,21.116,1.0
59.0,128.194176,37.967186,8005.1340024,-5.306,-58.111,20.621,1.0
59.1,128.194204,37.967236,7986.284865600001,-5.158,-57.497,20.202,1.0
59.2,128.194232,37.96729,7967.5183296,-6.279,-56.851,19.818,1.0
59.3,128.194262,37.967346,7948.8392712,-8.465,-56.175,19.439,1.0
59.4,128.194292,37.967405,7930.244642400001,-11.385,-55.475,19.051,1.0
59.5,128.194323,37.967467,7911.7304808,-14.62,-54.76,18.591,1.0
59.6,128.194354,37.967532,7893.288252000001,-17.469,-54.033,18.065,1.0
59.7,128.194385,37.967598,7874.880770400001,-18.67,-53.287,17.548,1.0
59.8,128.194416,37.967666,7856.465364000001,-17.841,-52.53,17.052,1.0
59.9,128.194447,37.967735,7838.0237448,-15.186,-51.776,16.605,1.0
60.0,128.194478,37.967805,7819.574200800001,-11.182,-51.037,16.251,1.0
60.1,128.19451,37.967878,7801.145078400001,-6.992,-50.325,15.97,1.0
60.2,128.194541,37.967952,7782.7878888,-4.376,-49.641,15.703,1.0
60.3,128.194574,37.968029,7764.5578008,-3.497,-48.966,15.503,1.0
60.4,128.194607,37.968109,7746.483770400001,-4.213,-48.187,15.339,1.0
60.5,128.194641,37.968192,7728.566712,-5.822,-47.072,15.179,1.0
60.6,128.194675,37.968278,7710.767001600001,-6.986,-45.799,15.058,1.0
60.7,128.19471,37.968365,7693.057512,-7.612,-44.493,14.911,1.0
60.8,128.194744,37.968455,7675.453483200001,-7.783,-43.218,14.734,1.0
60.9,128.194779,37.968546,7657.973508,-7.621,-42.004,14.543,1.0
61.0,128.194815,37.96864,7640.6322168,-7.244,-40.858,14.357,1.0
61.1,128.194851,37.968737,7623.442411200001,-6.746,-39.774,14.186,1.0
61.2,128.194887,37.968835,7606.4141496,-6.198,-38.743,14.037,1.0
61.3,128.194923,37.968936,7589.555661599999,-5.651,-37.754,13.913,1.0
61.4,128.194959,37.969039,7572.8730432,-5.137,-36.798,13.813,1.0
61.5,128.194996,37.969145,7556.372695200001,-4.675,-35.867,13.736,1.0
61.6,128.195034,37.969252,7540.0588848,-4.269,-34.955,13.678,1.0
61.7,128.195071,37.969362,7523.935879200001,-3.922,-34.058,13.636,1.0
61.8,128.195109,37.969474,7508.0076408,-3.626,-33.173,13.609,1.0
61.9,128.195148,37.969588,7492.278132,-3.375,-32.296,13.592,1.0
62.0,128.195186,37.969703,7476.7507056,-3.159,-31.427,13.583,1.0
62.1,128.195226,37.969821,7461.429019200001,-2.97,-30.564,13.581,1.0
62.2,128.195265,37.969941,7446.3164256,-2.799,-29.706,13.584,1.0
62.3,128.195305,37.970062,7431.4162776,-2.641,-28.853,13.592,1.0
62.4,128.195345,37.970186,7416.732232800001,-2.491,-28.005,13.602,1.0
62.5,128.195386,37.970311,7402.2670344,-2.344,-27.16,13.615,1.0
62.6,128.195427,37.970438,7388.0240352,-2.198,-26.318,13.631,1.0
62.7,128.195468,37.970567,7374.0062832,-2.053,-25.48,13.648,1.0
62.8,128.19551,37.970697,7360.2168264,-1.906,-24.644,13.668,1.0
62.9,128.195553,37.970829,7346.669990400001,-2.092,-23.813,13.671,1.0
63.0,128.195595,37.970963,7333.431612,-3.408,-22.984,13.632,1.0
63.1,128.195638,37.971099,7320.535828800001,-5.72,-22.144,13.561,1.0
63.2,128.195681,37.971237,7307.9802024,-8.732,-21.277,13.424,1.0
63.3,128.195724,37.971377,7295.7482736,-11.43,-20.371,13.232,1.0
63.4,128.195767,37.971519,7283.7702432,-11.86,-19.416,13.047,1.0
63.5,128.19581,37.971662,7271.9705208,-10.096,-18.438,12.858,1.0
63.6,128.195852,37.971805,7260.303386400001,-6.609,-17.478,12.707,1.0
63.7,128.195895,37.97195,7248.8063304,-2.726,-16.576,12.603,1.0
63.8,128.195938,37.972096,7237.5604296,-0.343,-15.743,12.534,1.0
63.9,128.195981,37.972243,7226.6476752,0.377,-14.951,12.524,1.0
64.0,128.196024,37.972392,7216.106472,-0.447,-14.164,12.549,1.0
64.1,128.196068,37.972542,7205.933772,-2.512,-13.351,12.537,1.0
64.2,128.196112,37.972693,7196.1234792000005,-5.438,-12.583,12.409,1.0
64.3,128.196156,37.972846,7186.6649256,-8.992,-12.026,12.198,1.0
64.4,128.1962,37.973,7177.5483576,-12.962,-11.469,11.908,1.0
64.5,128.196243,37.973155,7168.764631200001,-17.139,-10.637,11.505,1.0
64.6,128.196285,37.973312,7160.303992800001,-21.166,-9.685,10.923,1.0
64.7,128.196325,37.973469,7152.1572984,-24.781,-8.73,10.123,1.0
64.8,128.196365,37.973628,7144.3016880000005,-27.226,-7.79,9.2,1.0
64.9,128.196402,37.973787,7136.665838400001,-26.786,-6.84,8.276,1.0
65.0,128.196439,37.973947,7129.205858400001,-24.478,-5.917,7.364,1.0
65.1,128.196475,37.974108,7121.990632800001,-22.536,-5.058,6.473,1.0
65.2,128.196508,37.974269,7115.094228000001,-21.286,-4.239,5.663,1.0
65.3,128.19654,37.974432,7108.530360000001,-20.886,-3.421,4.957,1.0
65.4,128.19657,37.974594,7102.2972,-21.382,-2.576,4.37,1.0
65.5,128.196599,37.974758,7096.3920048,-22.597,-1.716,3.826,1.0
65.6,128.196626,37.974922,7090.809288,-24.337,-0.855,3.276,1.0
65.7,128.196651,37.975087,7085.542344,-26.411,-0.001,2.687,1.0
65.8,128.196674,37.975252,7080.582333600001,-28.639,0.836,2.036,1.0
65.9,128.196694,37.975417,7075.9204176,-30.867,1.651,1.312,1.0
66.0,128.196713,37.975583,7071.546842400001,-32.975,2.436,0.513,1.0
66.1,128.196729,37.975749,7067.4515496,-34.878,3.189,359.64,1.0
66.2,128.196742,37.975914,7063.6260048,-36.533,3.906,358.702,1.0
66.3,128.196753,37.97608,7060.061064,-37.932,4.589,357.71,1.0
66.4,128.196761,37.976246,7056.749412,-39.09,5.24,356.677,1.0
66.5,128.196767,37.976412,7053.684038400001,-40.034,5.864,355.617,1.0
66.6,128.196769,37.976578,7050.859152000001,-40.802,6.466,354.544,1.0
66.7,128.196769,37.976743,7048.2692664,-41.443,7.051,353.466,1.0
66.8,128.196766,37.976908,7045.909504800001,-42.003,7.625,352.392,1.0
66.9,128.19676,37.977073,7043.776209600001,-42.522,8.19,351.325,1.0
67.0,128.196751,37.977237,7041.8641992,-43.033,8.749,350.267,1.0
67.1,128.196739,37.977401,7040.169816,-43.567,9.301,349.218,1.0
67.2,128.196724,37.977564,7038.688488000001,-44.145,9.846,348.177,1.0
67.3,128.196706,37.977726,7037.415338400001,-44.779,10.383,347.14,1.0
67.4,128.196685,37.977888,7036.3454904,-45.474,10.911,346.104,1.0
67.5,128.196662,37.978048,7035.4737624,-46.227,11.429,345.068,1.0
67.6,128.196635,37.978208,7034.7946680000005,-47.032,11.934,344.027,1.0
67.7,128.196606,37.978367,7034.3024159999995,-47.878,12.425,342.979,1.0
67.8,128.196573,37.978525,7033.990910400001,-48.753,12.899,341.923,1.0
67.9,128.196538,37.978682,7033.85436,-49.645,13.357,340.858,1.0
68.0,128.196499,37.978838,7033.8860592,-50.542,13.797,339.782,1.0
68.1,128.196458,37.978993,7034.0802168,-51.435,14.218,338.695,1.0
68.2,128.196414,37.979146,7034.431041600001,-52.315,14.62,337.599,1.0
68.3,128.196367,37.979299,7034.931828000001,-53.178,15.003,336.492,1.0
68.4,128.196317,37.97945,7035.5770896,-54.02,15.368,335.377,1.0
68.5,128.196265,37.9796,7036.3610352000005,-54.84,15.715,334.254,1.0
68.6,128.196209,37.979748,7037.278178400001,-55.638,16.043,333.125,1.0
68.7,128.196151,37.979895,7038.324252000001,-56.384,16.332,331.973,1.0
68.8,128.196089,37.98004,7039.494379200001,-57.041,16.543,330.776,1.0
68.9,128.196025,37.980184,7040.7815496,-57.689,16.708,329.556,1.0
69.0,128.195959,37.980327,7042.178448,-58.392,16.846,328.329,1.0
69.1,128.195889,37.980468,7043.677759200001,-59.192,16.968,327.104,1.0
69.2,128.195817,37.980607,7045.2724728,-60.113,17.077,325.884,1.0
69.3,128.195743,37.980745,7046.9552736000005,-61.16,17.172,324.671,1.0
69.4,128.195665,37.980881,7048.718846400001,-62.328,17.25,323.465,1.0
69.5,128.195586,37.981016,7050.554656800001,-63.598,17.307,322.263,1.0
69.6,128.195503,37.981149,7052.45478,-64.947,17.34,321.064,1.0
69.7,128.195419,37.98128,7054.4106816,-66.347,17.345,319.868,1.0
69.8,128.195332,37.98141,7056.4138272,-67.77,17.318,318.675,1.0
69.9,128.195242,37.981538,7058.455987200001,-69.188,17.258,317.485,1.0
70.0,128.195151,37.981665,7060.5292368,-70.58,17.164,316.299,1.0
70.1,128.195057,37.98179,7062.6250416,-71.926,17.036,315.118,1.0
70.2,128.19496,37.981913,7064.7363912,-73.213,16.875,313.944,1.0
70.3,128.194862,37.982035,7066.855665600001,-74.433,16.683,312.779,1.0
70.4,128.194761,37.982154,7068.9761592,-75.581,16.461,311.625,1.0
70.5,128.194658,37.982273,7071.089642400001,-76.163,16.236,310.488,1.0
70.6,128.194554,37.982389,7073.1839232,-75.033,16.058,309.382,1.0
70.7,128.194447,37.982504,7075.2529056,-72.395,15.932,308.322,1.0
70.8,128.19434,37.982619,7077.293846400001,-68.581,15.874,307.329,1.0
70.9,128.194231,37.982732,7079.3158896,-64.429,15.885,306.419,1.0
71.0,128.194121,37.982843,7081.3418952,-61.381,15.949,305.591,1.0
71.1,128.194009,37.982953,7083.395332800001,-59.597,16.075,304.837,1.0
71.2,128.193896,37.983061,7085.4951,-59.068,16.256,304.133,1.0
71.3,128.193781,37.983168,7087.645464,-59.69,16.478,303.449,1.0
71.4,128.193664,37.983273,7089.8436816,-61.291,16.718,302.761,1.0
71.5,128.193546,37.983375,7092.084876,-63.65,16.951,302.051,1.0
71.6,128.193426,37.983476,7094.361122400001,-66.51,17.149,301.307,1.0
71.7,128.193304,37.983576,7096.659009600001,-69.147,17.307,300.525,1.0
71.8,128.193182,37.983674,7098.9593352,-70.366,17.44,299.714,1.0
71.9,128.193057,37.98377,7101.248078400001,-70.146,17.544,298.879,1.0
72.0,128.192932,37.983866,7103.5170096,-68.612,17.628,298.043,1.0
72.1,128.192806,37.98396,7105.7685672,-65.972,17.713,297.233,1.0
72.2,128.192678,37.984053,7108.007628,-62.486,17.818,296.471,1.0
72.3,128.19255,37.984145,7110.2396784,-58.478,17.984,295.786,1.0
72.4,128.192421,37.984236,7112.4750816000005,-54.698,18.251,295.205,1.0
72.5,128.19229,37.984325,7114.7373072,-52.314,18.585,294.7,1.0
72.6,128.192159,37.984413,7117.0516536000005,-51.341,18.976,294.252,1.0
72.7,128.192026,37.984499,7119.437018400001,-51.654,19.41,293.832,1.0
72.8,128.191893,37.984584,7121.8946208,-53.05,19.871,293.412,1.0
72.9,128.191759,37.984666,7124.4208032,-55.284,20.334,292.965,1.0
73.0,128.191623,37.984747,7127.009164800001,-58.087,20.776,292.468,1.0
73.1,128.191487,37.984826,7129.6502568000005,-61.168,21.174,291.907,1.0
73.2,128.19135,37.984903,7132.333411200001,-64.213,21.513,291.269,1.0
73.3,128.191211,37.984979,7135.0467408,-66.642,21.792,290.558,1.0
73.4,128.191072,37.985053,7137.7716528,-67.393,22.038,289.787,1.0
73.5,128.190932,37.985126,7140.4944312,-66.494,22.254,288.977,1.0
73.6,128.190792,37.985197,7143.207456000001,-64.118,22.455,288.163,1.0
73.7,128.190651,37.985268,7145.9146896,-60.513,22.662,287.388,1.0
73.8,128.190509,37.985337,7148.622532800001,-55.989,22.892,286.687,1.0
73.9,128.190367,37.985405,7151.337996,-50.883,23.16,286.083,1.0
74.0,128.190224,37.985472,7154.0732712,-45.914,23.469,285.584,1.0
74.1,128.190081,37.985538,7156.853656800001,-42.274,23.813,285.177,1.0
74.2,128.189937,37.985602,7159.705670400001,-40.082,24.202,284.849,1.0
74.3,128.189794,37.985665,7162.6515624,-39.305,24.639,284.577,1.0
74.4,128.18965,37.985726,7165.6934664,-39.814,25.12,284.332,1.0
74.5,128.189506,37.985786,7168.8292488,-41.41,25.632,284.084,1.0
74.6,128.189362,37.985844,7172.054947200001,-43.848,26.154,283.807,1.0
74.7,128.189217,37.9859,7175.3647704,-46.866,26.663,283.478,1.0
74.8,128.189073,37.985956,7178.7514032,-50.206,27.141,283.077,1.0
74.9,128.188928,37.986009,7182.2029584,-53.247,27.582,282.597,1.0
75.0,128.188783,37.986061,7185.6959664,-54.865,27.966,282.098,1.0
75.1,128.188638,37.986112,7189.206348,-54.91,28.165,281.79,1.0
75.2,128.188493,37.986162,7192.718863200001,-53.483,28.213,281.64,1.0
75.3,128.188347,37.986211,7196.231378400001,-50.771,28.161,281.598,1.0
75.4,128.188202,37.986259,7199.7438936,-46.984,28.007,281.678,1.0
75.5,128.188056,37.986307,7203.2530560000005,-42.281,27.602,282.063,1.0
75.6,128.18791,37.986354,7206.758256000001,-36.944,26.971,282.678,1.0
75.7,128.187764,37.9864,7210.2561408,-31.231,26.168,283.428,1.0
75.8,128.187618,37.986446,7213.745796,-25.737,25.218,284.233,1.0
75.9,128.187471,37.986492,7217.2397184,-21.511,24.122,285.021,1.0
76.0,128.187325,37.986537,7220.752538400001,-18.532,22.905,285.784,1.0
76.1,128.187179,37.986581,7224.293095200001,-16.688,21.586,286.518,1.0
76.2,128.187032,37.986626,7227.8516352,-15.873,20.194,287.217,1.0
76.3,128.186886,37.98667,7231.4101752,-15.543,18.754,287.883,1.0
76.4,128.186739,37.986714,7234.9336632,-14.561,17.274,288.518,1.0
76.5,128.186593,37.986757,7238.3846088,-12.922,15.811,289.094,1.0
76.6,128.186445,37.986801,7241.7380184,-10.687,14.779,289.511,1.0
76.7,128.186298,37.986845,7244.9905392,-7.904,14.484,289.731,1.0
76.8,128.18615,37.98689,7248.146133600001,-4.609,14.831,289.823,1.0
76.9,128.186002,37.986934,7251.2121168,-0.845,15.657,289.868,1.0
77.0,128.185854,37.986978,7254.1997664,3.332,16.798,289.934,1.0
77.1,128.185706,37.987022,7257.120664800001,7.86,18.102,290.073,1.0
77.2,128.185558,37.987066,7259.9866992,12.648,19.45,290.319,1.0
77.3,128.18541,37.987111,7262.808537600001,17.588,20.754,290.684,1.0
77.4,128.185263,37.987155,7265.595324000001,22.561,21.952,291.171,1.0
77.5,128.185115,37.987199,7268.3540688,27.44,23.008,291.775,1.0
77.6,128.184968,37.987244,7271.0884295999995,32.089,23.858,292.453,1.0
77.7,128.184821,37.987289,7273.7956632000005,35.933,24.2,292.952,1.0
77.8,128.184675,37.987334,7276.4891808,38.008,24.007,293.145,1.0
77.9,128.184529,37.987379,7279.1857464,38.454,23.43,293.106,1.0
78.0,128.184384,37.987425,7281.9018192,37.591,22.844,293.128,1.0
78.1,128.184239,37.987471,7284.6389232,35.67,22.452,293.348,1.0
78.2,128.184096,37.987518,7287.4019352000005,32.907,22.494,293.901,1.0
78.3,128.183953,37.987566,7290.196036800001,29.42,22.941,294.691,1.0
78.4,128.183812,37.987613,7293.030372,25.306,23.686,295.579,1.0
78.5,128.183671,37.987661,7295.9146944,20.682,24.641,296.453,1.0
78.6,128.183531,37.98771,7298.8560144,16.052,25.725,297.244,1.0
78.7,128.183391,37.987758,7301.84214,12.451,26.867,297.937,1.0
78.8,128.183253,37.987807,7304.8544784000005,9.981,27.974,298.492,1.0
78.9,128.183115,37.987855,7307.868340800001,8.622,28.702,298.857,1.0
79.0,128.182977,37.987904,7310.8767168,8.315,28.945,299.056,1.0
79.1,128.18284,37.987953,7313.8805208,8.99,28.794,299.128,1.0
79.2,128.182704,37.988001,7316.8760952,10.536,28.339,299.1,1.0
79.3,128.182568,37.98805,7319.859782400001,12.819,27.666,298.997,1.0
79.4,128.182432,37.988098,7322.8254864,15.695,26.841,298.831,1.0
79.5,128.182297,37.988147,7325.767111200001,19.026,25.91,298.603,1.0
79.6,128.182162,37.988196,7328.6764272,22.66,24.898,298.326,1.0
79.7,128.182027,37.988245,7331.5482528,26.139,23.825,297.991,1.0
79.8,128.181893,37.988294,7334.392646400001,28.588,22.719,297.577,1.0
79.9,128.18176,37.988343,7337.2211904000005,30.025,21.581,297.106,1.0
80.0,128.181627,37.988392,7340.042419200001,30.522,20.42,296.601,1.0
80.1,128.181494,37.988442,7342.850236800001,30.153,19.247,296.083,1.0
80.2,128.181362,37.988492,7345.637023200001,29.006,18.11,295.592,1.0
80.3,128.181231,37.988542,7348.401254400001,27.211,17.33,295.319,1.0
80.4,128.1811,37.988593,7351.146283200001,24.865,17.158,295.379,1.0
80.5,128.18097,37.988643,7353.8769864000005,22.018,17.591,295.724,1.0
80.6,128.18084,37.988694,7356.6022032,18.705,18.498,296.243,1.0
80.7,128.18071,37.988744,7359.3280296,14.944,19.507,296.752,1.0
80.8,128.180581,37.988795,7362.051417600001,11.096,20.146,297.116,1.0
80.9,128.180453,37.988846,7364.7528600000005,8.017,20.281,297.375,1.0
81.0,128.180325,37.988897,7367.410106400001,5.73,20.002,297.582,1.0
81.1,128.180196,37.988948,7370.001211200001,4.234,19.417,297.755,1.0
81.2,128.180068,37.988998,7372.520078400001,3.505,18.617,297.902,1.0
81.3,128.17994,37.989049,7374.9624408,3.505,17.665,298.025,1.0
81.4,128.179811,37.9891,7377.3237264,4.188,16.605,298.123,1.0
81.5,128.179683,37.989151,7379.5984488,5.504,15.47,298.192,1.0
81.6,128.179554,37.989202,7381.7814264,7.401,14.282,298.228,1.0
81.7,128.179426,37.989253,7383.867477600001,9.831,13.057,298.225,1.0
81.8,128.179297,37.989304,7385.851116,12.745,11.809,298.175,1.0
81.9,128.179168,37.989355,7387.726550400001,16.098,10.548,298.07,1.0
82.0,128.179039,37.989406,7389.4895136000005,19.851,9.282,297.903,1.0
82.1,128.17891,37.989458,7391.139091200001,23.64,8.07,297.666,1.0
82.2,128.178781,37.989509,7392.6954000000005,26.664,7.247,297.477,1.0
82.3,128.178652,37.98956,7394.183433600001,28.941,7.018,297.496,1.0
82.4,128.178524,37.989612,7395.625747200001,30.511,7.361,297.775,1.0
82.5,128.178396,37.989663,7397.03118,31.425,8.231,298.331,1.0
82.6,128.178268,37.989715,7398.4082664,31.742,9.525,299.114,1.0
82.7,128.178141,37.989768,7399.767369600001,31.485,11.116,300.068,1.0
82.8,128.178014,37.98982,7401.1209864,30.677,12.881,301.122,1.0
82.9,128.177888,37.989873,7402.47948,29.351,14.679,302.182,1.0
83.0,128.177762,37.989927,7403.8522992,27.526,16.295,303.111,1.0
83.1,128.177637,37.989981,7405.249197600001,25.249,17.715,303.892,1.0
83.2,128.177513,37.990035,7406.676576,22.579,18.928,304.512,1.0
83.3,128.177389,37.990089,7408.1356536,19.567,19.746,304.891,1.0
83.4,128.177266,37.990143,7409.628564000001,16.296,20.157,305.052,1.0
83.5,128.177144,37.990198,7411.1553072,12.853,20.21,305.059,1.0
83.6,128.177022,37.990253,7412.7143592,9.336,19.956,304.951,1.0
83.7,128.176901,37.990308,7414.2981,6.114,19.454,304.78,1.0
83.8,128.17678,37.990362,7415.8812312,3.928,18.757,304.6,1.0
83.9,128.176659,37.990417,7417.435406400001,2.744,17.906,304.418,1.0
84.0,128.176538,37.990472,7418.9359368000005,2.474,16.936,304.233,1.0
84.1,128.176417,37.990527,7420.373983200001,3.018,15.869,304.044,1.0
84.2,128.176297,37.990582,7421.744364,4.284,14.731,303.849,1.0
84.3,128.176176,37.990637,7423.041592800001,6.183,13.541,303.645,1.0
84.4,128.176056,37.990692,7424.260488000001,8.637,12.317,303.428,1.0
84.5,128.175935,37.990747,7425.395563200001,11.575,11.07,303.194,1.0
84.6,128.175814,37.990802,7426.441941600001,14.939,9.81,302.937,1.0
84.7,128.175693,37.990857,7427.3971848,18.372,8.549,302.635,1.0
84.8,128.175573,37.990913,7428.2743992000005,21.097,7.309,302.26,1.0
84.9,128.175452,37.990968,7429.0891296,23.112,6.094,301.828,1.0
85.0,128.175331,37.991024,7429.853263200001,24.452,4.947,301.376,1.0
85.1,128.175211,37.991079,7430.569238400001,25.163,4.147,301.047,1.0
85.2,128.175091,37.991135,7431.2391888,25.283,3.881,300.948,1.0
85.3,128.174972,37.991191,7431.8649432,24.843,4.084,301.061,1.0
85.4,128.174852,37.991247,7432.4507688,23.875,4.664,301.345,1.0
85.5,128.174733,37.991304,7433.0033712,22.414,5.541,301.753,1.0
85.6,128.174614,37.99136,7433.530065600001,20.495,6.597,302.224,1.0
85.7,128.174496,37.991417,7434.0342048,18.14,7.496,302.616,1.0
85.8,128.174377,37.991473,7434.517312800001,15.379,7.973,302.844,1.0
85.9,128.174259,37.99153,7434.9812184,12.26,8.054,302.937,1.0
86.0,128.174141,37.991587,7435.4259216,8.834,7.803,302.939,1.0
86.1,128.174024,37.991644,7435.845936000001,5.441,7.275,302.905,1.0
86.2,128.173906,37.991701,7436.2174872000005,2.826,6.482,302.889,1.0
86.3,128.173788,37.991758,7436.5137528,0.986,5.485,302.901,1.0
86.4,128.173671,37.991815,7436.710044,-0.123,4.335,302.939,1.0
86.5,128.173553,37.991873,7436.7975216,-0.553,3.067,302.997,1.0
86.6,128.173435,37.99193,7436.7713088,-0.354,1.712,303.067,1.0
86.7,128.173317,37.991987,7436.625614400001,0.425,0.29,303.139,1.0
86.8,128.173199,37.992044,7436.354342400001,1.742,-1.185,303.198,1.0
86.9,128.173081,37.992102,7435.952006400001,3.557,-2.701,303.232,1.0
87.0,128.172962,37.992159,7435.413120000001,5.838,-4.249,303.227,1.0
87.1,128.172844,37.992217,7434.731892000001,8.565,-5.808,303.169,1.0
87.2,128.172726,37.992274,7433.902836,11.724,-7.36,303.045,1.0
87.3,128.172607,37.992331,7432.92138,15.305,-8.889,302.844,1.0
87.4,128.172489,37.992389,7431.788133600001,18.998,-10.341,302.55,1.0
87.5,128.17237,37.992446,7430.5238232,22.043,-11.429,302.231,1.0
87.6,128.172252,37.992503,7429.154356800001,24.416,-11.973,302.003,1.0
87.7,128.172134,37.99256,7427.700460800001,26.119,-12.013,301.912,1.0
87.8,128.172016,37.992617,7426.1688408,27.161,-11.647,301.961,1.0
87.9,128.171898,37.992675,7424.565288000001,27.567,-10.956,302.144,1.0
88.0,128.17178,37.992732,7422.896812800001,27.368,-9.993,302.455,1.0
88.1,128.171663,37.99279,7421.172864,26.604,-8.796,302.883,1.0
88.2,128.171546,37.992848,7419.4041096,25.322,-7.397,303.409,1.0
88.3,128.171428,37.992906,7417.6018272,23.572,-5.86,303.992,1.0
88.4,128.171311,37.992965,7415.777599200001,21.395,-4.254,304.582,1.0
88.5,128.171194,37.993023,7413.943008,18.83,-2.639,305.144,1.0
88.6,128.171078,37.993082,7412.1090264,15.922,-1.101,305.639,1.0
88.7,128.170961,37.993142,7410.2799216,12.735,0.042,305.973,1.0
88.8,128.170845,37.993201,7408.453864800001,9.555,0.63,306.14,1.0
88.9,128.170728,37.993261,7406.6128728,7.031,0.726,306.214,1.0
89.0,128.170612,37.99332,7404.731952000001,5.352,0.406,306.233,1.0
89.1,128.170496,37.99338,7402.787937600001,4.491,-0.246,306.215,1.0
89.2,128.17038,37.99344,7400.773514400001,4.402,-1.145,306.17,1.0
89.3,128.170263,37.9935,7398.683805600001,5.027,-2.226,306.101,1.0
89.4,128.170147,37.99356,7396.513324800001,6.305,-3.442,306.009,1.0
89.5,128.170031,37.99362,7394.255976,8.177,-4.758,305.887,1.0
89.6,128.169914,37.99368,7391.9053584,10.587,-6.146,305.731,1.0
89.7,128.169798,37.99374,7389.4547664,13.49,-7.587,305.532,1.0
89.8,128.169681,37.9938,7386.901152000001,16.61,-9.061,305.267,1.0
89.9,128.169565,37.99386,7384.2588408,19.345,-10.5,304.923,1.0
90.0,128.169449,37.993921,7381.5513024,21.603,-11.58,304.624,1.0
90.1,128.169332,37.993981,7378.8001776,23.165,-12.059,304.487,1.0
90.2,128.169216,37.994042,7376.009733600001,24.034,-11.988,304.536,1.0
90.3,128.169101,37.994103,7373.183323200001,24.241,-11.479,304.753,1.0
90.4,128.168985,37.994164,7370.326128000001,23.82,-10.63,305.108,1.0
90.5,128.168869,37.994225,7367.4460728,22.813,-9.54,305.556,1.0
90.6,128.168754,37.994287,7364.551996800001,21.265,-8.296,306.051,1.0
90.7,128.168639,37.994349,7361.6533488000005,19.225,-6.971,306.551,1.0
90.8,128.168524,37.994411,7358.760796800001,16.749,-5.624,307.022,1.0
90.9,128.168409,37.994474,7355.879217600001,14.111,-4.346,307.446,1.0
91.0,128.168294,37.994537,7352.9909328,11.905,-3.481,307.756,1.0
91.1,128.168179,37.9946,7350.0764352,10.13,-3.168,307.932,1.0
91.2,128.168064,37.994663,7347.134505600001,8.756,-3.316,308.003,1.0
91.3,128.167949,37.994726,7344.1614864,7.866,-3.841,308.002,1.0
91.4,128.167834,37.994789,7341.134212800001,7.72,-4.658,307.96,1.0
91.5,128.16772,37.994853,7338.040188000001,8.28,-5.69,307.886,1.0
91.6,128.167605,37.994916,7334.8736208,9.494,-6.878,307.78,1.0
91.7,128.16749,37.99498,7331.627805600001,11.305,-8.178,307.64,1.0
91.8,128.167375,37.995044,7328.2993896,13.449,-9.556,307.451,1.0
91.9,128.16726,37.995108,7324.901784000001,15.354,-10.981,307.19,1.0
92.0,128.167145,37.995172,7321.4462664,17.012,-12.432,306.868,1.0
92.1,128.16703,37.995236,7317.9270456,18.447,-13.857,306.508,1.0
92.2,128.166916,37.9953,7314.341988000001,19.657,-14.916,306.237,1.0
92.3,128.166801,37.995364,7310.6932272,20.637,-15.36,306.167,1.0
92.4,128.166686,37.995429,7306.981068,21.417,-15.246,306.29,1.0
92.5,128.166572,37.995493,7303.2131304,21.869,-14.692,306.573,1.0
92.6,128.166457,37.995558,7299.4153224,21.653,-13.796,306.964,1.0
92.7,128.166343,37.995623,7295.6041032,20.793,-12.669,307.426,1.0
92.8,128.166228,37.995688,7291.785264,19.528,-11.412,307.936,1.0
92.9,128.166114,37.995754,7287.9484416000005,18.404,-10.109,308.476,1.0
93.0,128.166,37.99582,7284.0854064000005,17.446,-8.865,308.999,1.0
93.1,128.165886,37.995886,7280.199206400001,16.66,-8.038,309.384,1.0
93.2,128.165771,37.995953,7276.291365600001,16.036,-7.79,309.585,1.0
93.3,128.165657,37.996019,7272.3627984,15.557,-8.027,309.639,1.0
93.4,128.165543,37.996086,7268.410456800001,15.204,-8.649,309.577,1.0
93.5,128.165429,37.996153,7264.429768800001,14.959,-9.548,309.434,1.0
93.6,128.165315,37.996221,7260.414333600001,14.802,-10.643,309.233,1.0
93.7,128.165201,37.996288,7256.3565312,14.718,-11.876,308.99,1.0
93.8,128.165087,37.996356,7252.248132000001,14.691,-13.206,308.718,1.0
93.9,128.164973,37.996424,7248.080601600001,14.708,-14.606,308.423,1.0
94.0,128.164859,37.996492,7243.844796,14.76,-16.056,308.112,1.0
94.1,128.164745,37.996559,7239.5321808,14.837,-17.541,307.787,1.0
94.2,128.164631,37.996627,7235.1342216,14.935,-19.054,307.45,1.0
94.3,128.164517,37.996695,7230.642079200001,15.049,-20.587,307.103,1.0
94.4,128.164403,37.996763,7226.0435615999995,15.356,-22.136,306.757,1.0
94.5,128.164289,37.996831,7221.307884000001,16.29,-23.688,306.431,1.0
94.6,128.164175,37.996899,7216.4155392,17.852,-25.225,306.105,1.0
94.7,128.164061,37.996966,7211.3595168,20.034,-26.733,305.758,1.0
94.8,128.163948,37.997033,7206.1352448,22.831,-28.199,305.368,1.0
94.9,128.163834,37.9971,7200.7375416,26.236,-29.613,304.913,1.0
95.0,128.16372,37.997166,7195.1627496,30.223,-30.963,304.37,1.0
95.1,128.163606,37.997232,7189.410868800001,34.409,-32.223,303.701,1.0
95.2,128.163492,37.997297,7183.4934816,38.209,-33.368,302.886,1.0
95.3,128.163379,37.997362,7177.4063208,42.042,-34.415,301.964,1.0
95.4,128.163265,37.997426,7171.1661504,45.174,-35.33,300.92,1.0
95.5,128.163152,37.997489,7164.7936968,47.579,-36.123,299.8,1.0
95.6,128.163039,37.997552,7158.299628000001,49.266,-36.811,298.647,1.0
95.7,128.162925,37.997615,7151.682420000001,50.254,-37.419,297.489,1.0
95.8,128.162813,37.997677,7144.9408536,50.6,-37.96,296.338,1.0
95.9,128.1627,37.997738,7138.075538400001,50.391,-38.428,295.19,1.0
96.0,128.162587,37.997799,7131.0879984,49.613,-38.857,294.076,1.0
96.1,128.162475,37.997859,7123.9794528,48.269,-39.273,293.02,1.0
96.2,128.162363,37.997919,7116.748682400001,46.391,-39.701,292.039,1.0
96.3,128.162251,37.997978,7109.3935536,44.046,-40.161,291.145,1.0
96.4,128.162139,37.998037,7101.911323200001,41.301,-40.669,290.349,1.0
96.5,128.162028,37.998094,7094.299248,38.22,-41.238,289.658,1.0
96.6,128.161917,37.998152,7086.5548896,34.859,-41.873,289.08,1.0
96.7,128.161806,37.998208,7078.6788576,31.197,-42.579,288.627,1.0
96.8,128.161695,37.998264,7070.6781624000005,27.106,-43.353,288.319,1.0
96.9,128.161585,37.998319,7062.55128,22.614,-44.193,288.164,1.0
97.0,128.161475,37.998374,7054.2982104,17.724,-45.031,288.208,1.0
97.1,128.161365,37.998429,7045.926573600001,12.328,-45.38,288.644,1.0
97.2,128.161256,37.998483,7037.44338,6.467,-44.923,289.451,1.0
97.3,128.161147,37.998536,7028.8644792000005,0.278,-43.807,290.396,1.0
97.4,128.161039,37.99859,7020.213036,-6.241,-42.204,291.329,1.0
97.5,128.160929,37.998643,7011.5119104000005,-13.114,-40.171,292.149,1.0
97.6,128.16082,37.998696,7002.782133600001,-20.254,-37.727,292.73,1.0
97.7,128.160709,37.998749,6994.042908,-27.603,-35.033,292.992,1.0
97.8,128.160597,37.998801,6985.3082544,-35.088,-32.337,292.941,1.0
97.9,128.160485,37.998853,6976.5888408,-42.506,-29.818,292.616,1.0
98.0,128.160371,37.998904,6967.8892392,-49.538,-27.594,292.04,1.0
98.1,128.160255,37.998955,6959.2094496,-55.815,-25.744,291.206,1.0
98.2,128.160139,37.999004,6950.543376,-60.615,-24.304,290.115,1.0
98.3,128.160021,37.999053,6941.8739496,-62.769,-23.273,288.798,1.0
98.4,128.159903,37.9991,6933.1859304,-62.368,-22.594,287.313,1.0
98.5,128.159783,37.999148,6924.469260000001,-59.675,-22.151,285.763,1.0
98.6,128.159663,37.999194,6915.729424800001,-54.996,-21.834,284.248,1.0
98.7,128.159541,37.999239,6906.9780072,-48.782,-21.556,282.865,1.0
98.8,128.159419,37.999284,6898.2323808,-41.971,-21.281,281.675,1.0
98.9,128.159296,37.999327,6889.524854400001,-36.057,-21.003,280.692,1.0
99.0,128.159171,37.99937,6880.8877368,-31.425,-20.697,279.919,1.0
99.1,128.159045,37.999411,6872.349984000001,-28.25,-20.353,279.324,1.0
99.2,128.158918,37.999452,6863.918911200001,-26.567,-19.961,278.86,1.0
99.3,128.158789,37.999491,6855.5972616,-26.301,-19.518,278.485,1.0
99.4,128.158659,37.99953,6847.38534,-27.292,-19.03,278.159,1.0
99.5,128.158528,37.999567,6839.2828416,-29.313,-18.514,277.845,1.0
99.6,128.158395,37.999603,6831.287328,-32.095,-17.99,277.513,1.0
99.7,128.158261,37.999639,6823.395751200001,-35.359,-17.476,277.134,1.0
99.8,128.158126,37.999673,6815.602320000001,-38.832,-16.991,276.685,1.0
99.9,128.15799,37.999705,6807.900938400001,-42.266,-16.547,276.151,1.0
100.0,128.157853,37.999737,6800.283986400001,-45.456,-16.153,275.519,1.0
100.1,128.157714,37.999767,6792.743844,-48.245,-15.817,274.784,1.0
100.2,128.157575,37.999795,6785.273805600001,-50.534,-15.541,273.947,1.0
100.3,128.157435,37.999822,6777.866556000001,-52.284,-15.328,273.015,1.0
100.4,128.157293,37.999848,6770.517828000001,-53.502,-15.171,272.002,1.0
100.5,128.157152,37.999871,6763.2233544,-54.231,-15.061,270.928,1.0
100.6,128.157009,37.999893,6755.980392,-54.536,-14.986,269.815,1.0
100.7,128.156865,37.999914,6748.7883312,-54.496,-14.933,268.68,1.0
100.8,128.156721,37.999932,6741.6465624,-54.191,-14.894,267.538,1.0
100.9,128.156577,37.999949,6734.5563048,-53.71,-14.859,266.404,1.0
101.0,128.156431,37.999964,6727.517863200001,-53.149,-14.814,265.291,1.0
101.1,128.156285,37.999977,6720.5330664,-52.598,-14.746,264.211,1.0
101.2,128.156139,37.999989,6713.602828800001,-52.135,-14.646,263.171,1.0
101.3,128.155992,37.999999,6706.728674400001,-51.804,-14.516,262.169,1.0
101.4,128.155845,38.000007,6699.9115176000005,-51.628,-14.361,261.2,1.0
101.5,128.155697,38.000013,6693.151968,-51.613,-14.188,260.256,1.0
101.6,128.155549,38.000017,6686.4500256,-51.754,-14.002,259.332,1.0
101.7,128.155401,38.00002,6679.8059952,-52.034,-13.807,258.421,1.0
101.8,128.155252,38.00002,6673.2189624,-52.432,-13.61,257.516,1.0
101.9,128.155103,38.000019,6666.687708,-52.918,-13.414,256.614,1.0
102.0,128.154955,38.000017,6660.2113176,-53.464,-13.223,255.71,1.0
102.1,128.154806,38.000012,6653.7882672000005,-54.042,-13.041,254.8,1.0
102.2,128.154656,38.000005,6647.416728,-54.625,-12.869,253.882,1.0
102.3,128.154507,37.999997,6641.095176,-55.19,-12.709,252.955,1.0
102.4,128.154358,37.999987,6634.8220872,-55.722,-12.561,252.019,1.0
102.5,128.154209,37.999974,6628.595328,-56.208,-12.426,251.073,1.0
102.6,128.154061,37.99996,6622.413679200001,-56.641,-12.303,250.119,1.0
102.7,128.153912,37.999945,6616.2756168,-57.019,-12.191,249.158,1.0
102.8,128.153764,37.999927,6610.1799216,-57.345,-12.088,248.191,1.0
102.9,128.153616,37.999907,6604.1256792,-57.623,-11.994,247.22,1.0
103.0,128.153468,37.999886,6598.111365600001,-57.862,-11.905,246.247,1.0
103.1,128.15332,37.999862,6592.1360664,-58.07,-11.822,245.272,1.0
103.2,128.153174,37.999837,6586.1994768,-58.258,-11.743,244.297,1.0
103.3,128.153027,37.99981,6580.3003776000005,-58.433,-11.666,243.324,1.0
103.4,128.152881,37.999781,6574.4378544,-58.605,-11.591,242.351,1.0
103.5,128.152736,37.99975,6568.611602399999,-58.78,-11.518,241.381,1.0
103.6,128.152591,37.999718,6562.821012,-58.965,-11.447,240.412,1.0
103.7,128.152447,37.999683,6557.064864000001,-59.162,-11.376,239.445,1.0
103.8,128.152304,37.999647,6551.342244,-59.373,-11.308,238.479,1.0
103.9,128.152161,37.999609,6545.652847200001,-59.6,-11.241,237.514,1.0
104.0,128.15202,37.999569,6539.9954544,-59.841,-11.177,236.549,1.0
104.1,128.151879,37.999528,6534.369456,-60.094,-11.116,235.585,1.0
104.2,128.151738,37.999484,6528.773328,-60.357,-11.058,234.62,1.0
104.3,128.151599,37.999439,6523.206765600001,-60.627,-11.004,233.654,1.0
104.4,128.151461,37.999392,6517.66794,-60.901,-10.955,232.687,1.0
104.5,128.151324,37.999343,6512.1565464000005,-61.175,-10.91,231.719,1.0
104.6,128.151188,37.999293,6506.670756,-61.448,-10.87,230.749,1.0
104.7,128.151053,37.99924,6501.210264,-61.716,-10.835,229.778,1.0
104.8,128.150919,37.999186,6495.773546400001,-61.978,-10.804,228.804,1.0
104.9,128.150786,37.999131,6490.3599936,-62.233,-10.779,227.83,1.0
105.0,128.150655,37.999073,6484.9680816,-62.48,-10.758,226.853,1.0
105.1,128.150525,37.999015,6479.596896,-62.719,-10.742,225.876,1.0
105.2,128.150396,37.998954,6474.2455224000005,-62.95,-10.731,224.897,1.0
105.3,128.150268,37.998892,6468.913046400001,-63.175,-10.723,223.917,1.0
105.4,128.150142,37.998828,6463.5955056,-62.99,-10.704,222.944,1.0
105.5,128.150017,37.998763,6458.2858896,-61.857,-10.654,221.99,1.0
105.6,128.149894,37.998696,6452.9957808,-60.872,-10.591,221.052,1.0
105.7,128.149772,37.998627,6447.7297512000005,-60.168,-10.482,220.153,1.0
105.8,128.149651,37.998558,6442.489324800001,-59.745,-10.357,219.321,1.0
105.9,128.149532,37.998486,6437.2754159999995,-59.595,-10.282,218.643,1.0
106.0,128.149414,37.998414,6432.087415200001,-59.674,-10.244,218.067,1.0
106.1,128.149298,37.998339,6426.9237984,-59.933,-10.232,217.548,1.0
106.2,128.149184,37.998264,6421.7821272,-60.327,-10.239,217.051,1.0
106.3,128.14907,37.998187,6416.6602680000005,-60.812,-10.258,216.549,1.0
106.4,128.148959,37.998109,6411.5551728,-61.353,-10.289,216.025,1.0
106.5,128.148848,37.998029,6406.4607456,-61.502,-10.311,215.476,1.0
106.6,128.148739,37.997949,6401.361746400001,-60.258,-10.287,214.92,1.0
106.7,128.148631,37.997867,6396.251469600001,-58.139,-10.235,214.353,1.0
106.8,128.148525,37.997785,6391.1472888,-56.322,-10.188,213.771,1.0
106.9,128.148419,37.997701,6386.067492000001,-54.922,-10.129,213.186,1.0
107.0,128.148315,37.997616,6381.017870400001,-53.972,-10.048,212.601,1.0
107.1,128.148213,37.99753,6375.9996432,-53.475,-9.943,212.016,1.0
107.2,128.148112,37.997443,6371.013724800001,-53.404,-9.816,211.428,1.0
107.3,128.148012,37.997355,6366.060115200001,-53.713,-9.676,210.833,1.0
107.4,128.147914,37.997265,6361.1382048000005,-54.339,-9.529,210.225,1.0
107.5,128.147817,37.997175,6356.245860000001,-55.215,-9.384,209.602,1.0
107.6,128.147721,37.997083,6351.3772896,-55.854,-9.233,208.969,1.0
107.7,128.147627,37.996991,6346.515424800001,-55.203,-9.046,208.35,1.0
107.8,128.147534,37.996898,6341.6435016000005,-53.31,-8.831,207.747,1.0
107.9,128.147442,37.996804,6336.751156800001,-50.318,-8.59,207.174,1.0
108.0,128.14735,37.99671,6331.841133600001,-46.419,-8.318,206.652,1.0
108.1,128.147259,37.996615,6326.9213568000005,-41.848,-8.012,206.203,1.0
108.2,128.147169,37.99652,6322.0037136,-37.262,-7.684,205.83,1.0
108.3,128.14708,37.996423,6317.117160000001,-33.859,-7.349,205.516,1.0
108.4,128.146992,37.996326,6312.294309600001,-31.685,-7.009,205.244,1.0
108.5,128.146905,37.996229,6307.561070400001,-30.65,-6.677,204.971,1.0
108.6,128.146819,37.99613,6302.9171376,-30.289,-6.333,204.711,1.0
108.7,128.146734,37.996031,6298.3384320000005,-29.531,-5.954,204.489,1.0
108.8,128.14665,37.995931,6293.7978264,-28.337,-5.55,204.292,1.0
108.9,128.146566,37.995831,6289.2739848,-26.745,-5.133,204.117,1.0
109.0,128.146483,37.99573,6284.7666024,-24.818,-4.711,203.968,1.0
109.1,128.1464,37.995629,6280.2787272000005,-22.634,-4.289,203.85,1.0
109.2,128.146318,37.995528,6275.813712,-20.283,-3.871,203.767,1.0
109.3,128.146236,37.995426,6271.375214400001,-17.852,-3.457,203.725,1.0
109.4,128.146155,37.995323,6266.9656728,-15.425,-3.048,203.726,1.0
109.5,128.146074,37.99522,6262.5875256,-13.076,-2.643,203.772,1.0
109.6,128.145993,37.995117,6258.242906400001,-10.863,-2.242,203.862,1.0
109.7,128.145913,37.995014,6253.9339488,-8.83,-1.846,203.996,1.0
109.8,128.145832,37.99491,6249.6621768,-7.003,-1.456,204.169,1.0
109.9,128.145753,37.994806,6245.4288096,-5.393,-1.071,204.378,1.0
110.0,128.145673,37.994702,6241.2408576,-4.406,-0.695,204.611,1.0
110.1,128.145593,37.994597,6237.1281912,-4.975,-0.328,204.847,1.0
110.2,128.145514,37.994492,6233.124033600001,-6.926,0.029,205.072,1.0
110.3,128.145435,37.994387,6229.255512,-9.983,0.379,205.263,1.0
110.4,128.145356,37.994281,6225.525064800001,-13.844,0.724,205.395,1.0
110.5,128.145278,37.994175,6221.922633600001,-17.789,1.068,205.46,1.0
110.6,128.1452,37.994068,6218.4159096,-20.562,1.421,205.471,1.0
110.7,128.145123,37.993962,6214.9701456,-22.023,1.776,205.408,1.0
110.8,128.145046,37.993854,6211.558824000001,-22.171,2.122,205.267,1.0
110.9,128.14497,37.993747,6208.178896800001,-21.112,2.456,205.075,1.0
111.0,128.144894,37.993639,6204.832497600001,-19.018,2.777,204.861,1.0
111.1,128.144818,37.993531,6201.527856000001,-16.51,3.082,204.64,1.0
111.2,128.144743,37.993423,6198.2951472,-14.789,3.37,204.413,1.0
111.3,128.144668,37.993315,6195.1672896,-13.972,3.656,204.216,1.0
111.4,128.144594,37.993206,6192.170496000001,-14.029,3.948,204.044,1.0
111.5,128.14452,37.993097,6189.3069000000005,-14.882,4.252,203.883,1.0
111.6,128.144447,37.992988,6186.5731488,-16.404,4.571,203.71,1.0
111.7,128.144375,37.992878,6183.9658896,-18.44,4.9,203.496,1.0
111.8,128.144303,37.992768,6181.48116,-20.862,5.234,203.231,1.0
111.9,128.144232,37.992658,6179.1089016000005,-23.118,5.575,202.924,1.0
112.0,128.144162,37.992547,6176.8189391999995,-24.101,5.934,202.606,1.0
112.1,128.144092,37.992437,6174.580183200001,-23.823,6.302,202.273,1.0
112.2,128.144023,37.992326,6172.3682496,-22.41,6.669,201.939,1.0
112.3,128.143955,37.992215,6170.182833600001,-20.038,7.031,201.622,1.0
112.4,128.143886,37.992103,6168.0269832,-16.919,7.384,201.344,1.0
112.5,128.143818,37.991992,6165.9098424,-13.684,7.723,201.107,1.0
112.6,128.143751,37.99188,6163.8612816,-11.497,8.045,200.896,1.0
112.7,128.143684,37.991769,6161.914219200001,-10.435,8.359,200.721,1.0
112.8,128.143618,37.991657,6160.0945632,-10.461,8.675,200.578,1.0
112.9,128.143552,37.991545,6158.4044472000005,-11.477,9.0,200.453,1.0
113.0,128.143487,37.991433,6156.8408232,-13.338,9.337,200.327,1.0
113.1,128.143422,37.991322,6155.400338400001,-15.877,9.684,200.181,1.0
113.2,128.143358,37.99121,6154.0787256,-18.909,10.034,199.995,1.0
113.3,128.143295,37.991098,6152.8714128,-22.254,10.38,199.751,1.0
113.4,128.143233,37.990985,6151.767732,-25.334,10.723,199.452,1.0
113.5,128.143171,37.990873,6150.737508,-27.048,11.072,199.123,1.0
113.6,128.143111,37.990761,6149.7502608,-27.388,11.42,198.761,1.0
113.7,128.14305,37.990648,6148.782216,-26.461,11.76,198.379,1.0
113.8,128.142991,37.990536,6147.8324592,-24.433,12.088,198.001,1.0
113.9,128.142932,37.990423,6146.904038400001,-21.513,12.405,197.65,1.0
114.0,128.142873,37.99031,6146.000916,-17.932,12.71,197.348,1.0
114.1,128.142815,37.990198,6145.1310168,-14.314,13.003,197.098,1.0
114.2,128.142757,37.990085,6144.3226872000005,-11.773,13.28,196.881,1.0
114.3,128.1427,37.989972,6143.6070168,-10.386,13.551,196.699,1.0
114.4,128.142644,37.98986,6143.0086944,-10.134,13.827,196.55,1.0
114.5,128.142588,37.989747,6142.529244,-10.931,14.116,196.424,1.0
114.6,128.142533,37.989635,6142.1653128,-12.644,14.421,196.303,1.0
114.7,128.142478,37.989523,6141.9135479999995,-15.111,14.738,196.17,1.0
114.8,128.142424,37.989411,6141.770292,-18.149,15.061,196.002,1.0
114.9,128.142371,37.989299,6141.730668,-21.58,15.383,195.787,1.0
115.0,128.142319,37.989187,6141.7843128,-24.853,15.704,195.53,1.0
115.1,128.142268,37.989076,6141.90288,-26.907,16.033,195.248,1.0
115.2,128.142217,37.988964,6142.0564992,-27.701,16.36,194.932,1.0
115.3,128.142167,37.988852,6142.2226152,-27.305,16.678,194.59,1.0
115.4,128.142117,37.988741,6142.3990944,-25.84,16.982,194.239,1.0
115.5,128.142069,37.988629,6142.58868,-23.473,17.272,193.901,1.0
115.6,128.14202,37.988517,6142.7938104,-20.399,17.549,193.596,1.0
115.7,128.141972,37.988406,6143.022105600001,-17.185,17.811,193.328,1.0
115.8,128.141925,37.988294,6143.299778400001,-14.868,18.055,193.088,1.0
115.9,128.141878,37.988183,6143.655479999999,-13.528,18.292,192.88,1.0
116.0,128.141832,37.988072,6144.111765600001,-13.148,18.528,192.697,1.0
116.1,128.141787,37.987962,6144.6701592,-13.672,18.774,192.53,1.0
116.2,128.141743,37.987851,6145.327308,-15.002,19.033,192.369,1.0
116.3,128.141699,37.987741,6146.0798592,-17.012,19.304,192.199,1.0
116.4,128.141656,37.987631,6146.9238504,-19.564,19.584,192.007,1.0
116.5,128.141614,37.987522,6147.8550144,-22.515,19.868,191.784,1.0
116.6,128.141572,37.987412,6148.8642072,-25.36,20.155,191.527,1.0
116.7,128.141532,37.987303,6149.924911200001,-27.133,20.451,191.252,1.0
116.8,128.141492,37.987194,6151.00878,-27.791,20.704,190.974,1.0
116.9,128.141452,37.987085,6152.088076800001,-27.341,20.655,190.842,1.0
117.0,128.141414,37.986976,6153.155791200001,-25.882,20.285,190.868,1.0
117.1,128.141375,37.986867,6154.20918,-23.565,19.679,191.003,1.0
117.2,128.141337,37.986759,6155.2451952,-20.56,18.946,191.187,1.0
117.3,128.141299,37.98665,6156.265360800001,-17.066,18.457,191.279,1.0
117.4,128.141262,37.986541,6157.2745536,-13.578,18.302,191.261,1.0
117.5,128.141225,37.986433,6158.2971576,-11.033,18.381,191.166,1.0
117.6,128.141188,37.986325,6159.3606048,-9.466,18.628,191.041,1.0
117.7,128.141152,37.986217,6160.487755200001,-8.843,18.995,190.908,1.0
117.8,128.141116,37.986109,6161.6831808,-9.096,19.441,190.766,1.0
117.9,128.141081,37.986002,6162.9465768,-10.148,19.94,190.614,1.0
118.0,128.141046,37.985895,6164.278248,-11.9,20.465,190.445,1.0
118.1,128.141012,37.985788,6165.6775848,-14.245,20.999,190.25,1.0
118.2,128.140978,37.985682,6167.143977600001,-17.064,21.525,190.025,1.0
118.3,128.140945,37.985576,6168.6722448,-19.978,22.035,189.766,1.0
118.4,128.140912,37.98547,6170.2380023999995,-22.286,22.484,189.504,1.0
118.5,128.14088,37.985364,6171.814428000001,-23.932,22.613,189.344,1.0
118.6,128.140849,37.985259,6173.392987200001,-24.817,22.398,189.314,1.0
118.7,128.140818,37.985154,6174.9520391999995,-24.684,21.921,189.395,1.0
118.8,128.140787,37.985048,6176.4818304,-23.62,21.25,189.553,1.0
118.9,128.140756,37.984943,6177.977484000001,-21.749,20.432,189.761,1.0
119.0,128.140726,37.984838,6179.4344280000005,-19.205,19.499,189.997,1.0
119.1,128.140696,37.984733,6180.8514432,-16.348,18.471,190.236,1.0
119.2,128.140666,37.984628,6182.243160000001,-13.857,17.368,190.46,1.0
119.3,128.140636,37.984523,6183.6232944,-11.781,16.211,190.701,1.0
119.4,128.140607,37.984418,6184.9869696000005,-10.054,15.009,190.94,1.0
119.5,128.140578,37.984314,6186.323822400001,-8.598,13.774,191.14,1.0
119.6,128.140548,37.984209,6187.6247088,-7.385,12.518,191.308,1.0
119.7,128.140519,37.984104,6188.88018,-6.385,11.253,191.449,1.0
119.8,128.14049,37.984,6190.082006400001,-5.568,9.982,191.568,1.0
119.9,128.140461,37.983895,6191.2213488,-4.904,8.711,191.669,1.0
120.0,128.140433,37.983791,6192.2905872,-4.367,7.442,191.753,1.0
120.1,128.140404,37.983686,6193.2827112,-3.933,6.176,191.825,1.0
120.2,128.140375,37.983582,6194.190710400001,-3.583,4.912,191.885,1.0
120.3,128.140346,37.983477,6195.0121464,-3.477,3.653,191.941,1.0
120.4,128.140317,37.983373,6195.7543344,-3.822,2.405,192.003,1.0
120.5,128.140288,37.983268,6196.395633600001,-4.122,1.171,192.066,1.0
120.6,128.140259,37.983164,6196.9250712,-4.369,-0.042,192.129,1.0
120.7,128.140231,37.983059,6197.3341128,-4.436,-1.232,192.215,1.0
120.8,128.140202,37.982954,6197.5968504,-3.965,-2.4,192.353,1.0
120.9,128.140173,37.982849,6197.6989584,-2.905,-3.554,192.487,1.0
121.0,128.140144,37.982745,6197.636779200001,-1.286,-4.696,192.604,1.0
121.1,128.140115,37.98264,6197.411532,0.651,-5.825,192.676,1.0
121.2,128.140085,37.982535,6197.0436384,2.355,-6.891,192.672,1.0
121.3,128.140056,37.98243,6196.558092,3.83,-7.587,192.622,1.0
121.4,128.140027,37.982325,6195.9609887999995,5.1,-7.728,192.563,1.0
121.5,128.139998,37.98222,6195.257205600001,6.18,-7.412,192.516,1.0
121.6,128.139969,37.982115,6194.453143199999,7.088,-6.728,192.494,1.0
121.7,128.13994,37.98201,6193.55886,7.839,-5.734,192.508,1.0
121.8,128.139911,37.981906,6192.5886816,8.279,-4.509,192.566,1.0
121.9,128.139881,37.981801,6191.5660776,8.214,-3.321,192.638,1.0
122.0,128.139852,37.981696,6190.4886096,8.108,-2.003,192.754,1.0
122.1,128.139823,37.981591,6189.3620688,7.946,-0.546,192.94,1.0
122.2,128.139793,37.981486,6188.198647200001,7.756,0.964,193.17,1.0
122.3,128.139764,37.981381,6187.008708,7.557,2.416,193.419,1.0
122.4,128.139734,37.981276,6185.7983472000005,7.362,3.509,193.636,1.0
122.5,128.139704,37.981171,6184.576404,7.18,4.409,193.839,1.0
122.6,128.139674,37.981067,6183.343183200001,7.017,4.92,193.998,1.0
122.7,128.139644,37.980962,6182.0980752,6.876,4.952,194.1,1.0
122.8,128.139614,37.980857,6180.839860800001,6.763,4.606,194.156,1.0
122.9,128.139584,37.980752,6179.565187200001,6.68,3.981,194.178,1.0
123.0,128.139553,37.980647,6178.268568,6.626,3.154,194.173,1.0
123.1,128.139523,37.980542,6176.944212,6.604,2.183,194.148,1.0
123.2,128.139492,37.980437,6175.585718400001,6.61,1.113,194.105,1.0
123.3,128.139461,37.980332,6174.186076800001,6.635,-0.024,194.053,1.0
123.4,128.139431,37.980227,6172.7382768,6.678,-1.207,193.992,1.0
123.5,128.1394,37.980122,6171.2356128,6.74,-2.42,193.92,1.0
123.6,128.139369,37.980017,6169.6707696,6.814,-3.651,193.84,1.0
123.7,128.139338,37.979912,6168.036432000001,6.896,-4.893,193.754,1.0
123.8,128.139307,37.979807,6166.3225416000005,7.153,-6.143,193.672,1.0
123.9,128.139276,37.979702,6164.4998376,7.995,-7.405,193.608,1.0
124.0,128.139245,37.979596,6162.550032,9.4,-8.631,193.553,1.0
124.1,128.139214,37.979491,6160.4761728,11.323,-9.469,193.556,1.0
124.2,128.139183,37.979386,6158.2898424,13.486,-9.676,193.661,1.0
124.3,128.139152,37.97928,6156.020911200001,15.295,-9.245,193.875,1.0
124.4,128.13912,37.979175,6153.701688000001,16.766,-8.22,194.233,1.0
124.5,128.139089,37.979069,6151.344669600001,17.944,-6.741,194.731,1.0
124.6,128.139057,37.978964,6148.9617432,18.874,-4.961,195.344,1.0
124.7,128.139025,37.978858,6146.566320000001,19.596,-3.041,196.034,1.0
124.8,128.138993,37.978753,6144.1702872000005,20.138,-1.113,196.76,1.0
124.9,128.13896,37.978647,6141.785836800001,20.521,0.73,197.49,1.0
125.0,128.138926,37.978541,6139.424551200001,20.75,2.444,198.205,1.0
125.1,128.138892,37.978436,6137.095574400001,20.835,4.007,198.893,1.0
125.2,128.138857,37.97833,6134.808355200001,20.787,5.411,199.542,1.0
125.3,128.138822,37.978225,6132.5689896,20.628,6.652,200.143,1.0
125.4,128.138787,37.97812,6130.3835736,20.382,7.734,200.691,1.0
125.5,128.13875,37.978015,6128.256374400001,20.075,8.667,201.183,1.0
125.6,128.138713,37.97791,6126.1913544,19.73,9.462,201.621,1.0
125.7,128.138676,37.977805,6124.1915616,19.367,10.135,202.007,1.0
125.8,128.138637,37.9777,6122.258824800001,19.005,10.701,202.346,1.0
125.9,128.138599,37.977596,6120.394972800001,18.66,11.176,202.643,1.0
126.0,128.138559,37.977491,6118.6000056,18.344,11.575,202.905,1.0
126.1,128.138519,37.977387,6116.8745328,18.064,11.915,203.138,1.0
126.2,128.138479,37.977283,6115.2185544,17.825,12.209,203.348,1.0
126.3,128.138438,37.97718,6113.631460800001,17.628,12.471,203.54,1.0
126.4,128.138397,37.977076,6112.1126424,17.47,12.712,203.719,1.0
126.5,128.138354,37.976973,6110.6620992,17.348,12.939,203.89,1.0
126.6,128.138312,37.97687,6109.278612,17.256,13.161,204.055,1.0
126.7,128.138269,37.976767,6107.961876,17.188,13.384,204.217,1.0
126.8,128.138225,37.976664,6106.710672,17.138,13.612,204.38,1.0
126.9,128.138181,37.976562,6105.5243904,17.101,13.849,204.544,1.0
127.0,128.138137,37.97646,6104.4027264,17.069,14.094,204.711,1.0
127.1,128.138092,37.976358,6103.344460800001,17.039,14.349,204.882,1.0
127.2,128.138046,37.976256,6102.348984000001,17.007,14.614,205.056,1.0
127.3,128.138001,37.976155,6101.4159912000005,16.97,14.887,205.234,1.0
127.4,128.137954,37.976053,6100.5442632,16.926,15.167,205.415,1.0
127.5,128.137908,37.975952,6099.7338,16.874,15.454,205.599,1.0
127.6,128.13786,37.975852,6098.983382400001,16.814,15.746,205.786,1.0
127.7,128.137813,37.975751,6098.2933152000005,16.747,16.041,205.975,1.0
127.8,128.137765,37.975651,6097.6629888,16.673,16.339,206.166,1.0
127.9,128.137716,37.975551,6097.0914888,16.594,16.638,206.357,1.0
128.0,128.137668,37.975452,6096.5788152000005,16.511,16.938,206.548,1.0
128.1,128.137618,37.975352,6096.120396,16.558,17.237,206.742,1.0
128.2,128.137569,37.975253,6095.695809600001,17.048,17.533,206.943,1.0
128.3,128.137519,37.975154,6095.293473600001,17.939,17.823,207.149,1.0
128.4,128.137469,37.975056,6094.9167408,19.011,18.098,207.359,1.0
128.5,128.137418,37.974957,6094.586337600001,19.818,18.355,207.57,1.0
128.6,128.137367,37.974859,6094.3162848,20.339,18.593,207.792,1.0
128.7,128.137316,37.974762,6094.1050584,20.593,18.816,208.025,1.0
128.8,128.137264,37.974664,6093.9493056,20.609,19.031,208.271,1.0
128.9,128.137212,37.974567,6093.8475024,20.43,19.243,208.527,1.0
129.0,128.137159,37.974471,6093.7969056,20.097,19.453,208.791,1.0
129.1,128.137106,37.974375,6093.793248,19.776,19.664,209.061,1.0
129.2,128.137053,37.974279,6093.8164128,19.785,19.876,209.336,1.0
129.3,128.136999,37.974183,6093.8569512,20.125,20.087,209.614,1.0
129.4,128.136945,37.974087,6093.9145584,20.764,20.291,209.89,1.0
129.5,128.136891,37.973992,6093.9889296,21.659,20.484,210.165,1.0
129.6,128.136837,37.973897,6094.0803696,22.758,20.661,210.44,1.0
129.7,128.136782,37.973803,6094.187964000001,24.002,20.822,210.718,1.0
129.8,128.136727,37.973709,6094.3114080000005,25.329,20.964,211.002,1.0
129.9,128.136671,37.973615,6094.4494824,26.682,21.087,211.296,1.0
130.0,128.136615,37.973521,6094.6015776,28.005,21.191,211.601,1.0
130.1,128.136559,37.973428,6094.766779200001,29.251,21.275,211.92,1.0
130.2,128.136502,37.973335,6094.9472208,30.149,21.348,212.239,1.0
130.3,128.136445,37.973242,6095.1605808,30.111,21.43,212.527,1.0
130.4,128.136387,37.97315,6095.4278904,29.164,21.517,212.792,1.0
130.5,128.136329,37.973059,6095.7649992,27.645,21.611,213.047,1.0
130.6,128.13627,37.972968,6096.1578864,26.266,21.717,213.3,1.0
130.7,128.13621,37.972877,6096.5852159999995,25.107,21.841,213.548,1.0
130.8,128.13615,37.972786,6097.0296144,24.207,21.984,213.784,1.0
130.9,128.13609,37.972696,6097.4892528,23.584,22.141,214.004,1.0
131.0,128.136029,37.972606,6097.96596,23.239,22.305,214.204,1.0
131.1,128.135968,37.972516,6098.460040800001,23.161,22.474,214.387,1.0
131.2,128.135907,37.972426,6098.9714952,23.325,22.642,214.553,1.0
131.3,128.135845,37.972336,6099.500323200001,23.697,22.809,214.709,1.0
131.4,128.135783,37.972247,6100.0443912,24.236,22.973,214.858,1.0
131.5,128.13572,37.972158,6100.6006512,24.894,23.136,215.007,1.0
131.6,128.135657,37.972069,6101.166664800001,25.625,23.294,215.16,1.0
131.7,128.135594,37.971981,6101.7399936,26.379,23.448,215.321,1.0
131.8,128.135531,37.971893,6102.3191136000005,27.114,23.596,215.492,1.0
131.9,128.135467,37.971805,6102.902196,27.789,23.736,215.674,1.0
132.0,128.135404,37.971718,6103.4880216,28.373,23.867,215.87,1.0
132.1,128.13534,37.971631,6104.0753712,28.84,23.987,216.078,1.0
132.2,128.135276,37.971545,6104.6636352,29.175,24.096,216.297,1.0
132.3,128.135212,37.971459,6105.2525088,29.369,24.192,216.525,1.0
132.4,128.135147,37.971374,6105.841687200001,29.423,24.277,216.759,1.0
132.5,128.135082,37.971289,6106.431170400001,29.341,24.35,216.997,1.0
132.6,128.135018,37.971205,6107.0203488,29.138,24.411,217.236,1.0
132.7,128.134952,37.971121,6107.6125752,28.608,24.463,217.469,1.0
132.8,128.134887,37.971038,6108.224004000001,27.249,24.508,217.688,1.0
132.9,128.134821,37.970955,6108.8756664,25.146,24.547,217.891,1.0
133.0,128.134755,37.970873,6109.5828024,22.452,24.584,218.077,1.0
133.1,128.134689,37.970791,6110.3463264,19.347,24.628,218.242,1.0
133.2,128.134623,37.97071,6111.1641048,16.004,24.689,218.381,1.0
133.3,128.134556,37.97063,6112.0358328,12.576,24.773,218.487,1.0
133.4,128.13449,37.97055,6112.962120000001,9.191,24.887,218.552,1.0
133.5,128.134423,37.97047,6113.9426616,5.951,25.034,218.569,1.0
133.6,128.134357,37.970391,6114.9783720000005,2.935,25.219,218.53,1.0
133.7,128.13429,37.970312,6116.069556,0.192,25.441,218.428,1.0
133.8,128.134224,37.970233,6117.21408,-2.246,25.702,218.258,1.0
133.9,128.134158,37.970155,6118.410724800001,-4.374,26.001,218.016,1.0
134.0,128.134092,37.970078,6119.657356800001,-6.197,26.332,217.701,1.0
134.1,128.134027,37.97,6120.951232800001,-7.718,26.69,217.317,1.0
134.2,128.133962,37.969923,6122.2902192,-8.952,27.066,216.869,1.0
134.3,128.133897,37.969846,6123.6862032,-9.921,27.446,216.371,1.0
134.4,128.133833,37.969769,6125.148633600001,-10.659,27.813,215.834,1.0
134.5,128.133768,37.969692,6126.6640992,-11.204,28.179,215.266,1.0
134.6,128.133705,37.969615,6128.2322952,-11.599,28.543,214.68,1.0
134.7,128.133641,37.969539,6129.852612,-11.886,28.902,214.087,1.0
134.8,128.133578,37.969462,6131.52444,-12.107,29.254,213.495,1.0
134.9,128.133516,37.969386,6133.247779200001,-12.3,29.597,212.913,1.0
135.0,128.133454,37.96931,6135.02202,-12.509,29.933,212.353,1.0
135.1,128.133392,37.969234,6136.846248,-12.775,30.264,211.841,1.0
135.2,128.133331,37.969158,6138.7204632,-13.111,30.59,211.372,1.0
135.3,128.13327,37.969082,6140.6528952,-13.524,30.906,210.941,1.0
135.4,128.13321,37.969006,6142.6566504,-14.015,31.2,210.546,1.0
135.5,128.13315,37.96893,6144.731119200001,-14.584,31.48,210.178,1.0
135.6,128.13309,37.968853,6146.8759968,-15.227,31.751,209.831,1.0
135.7,128.13303,37.968777,6149.090673600001,-15.934,32.018,209.497,1.0
135.8,128.132971,37.9687,6151.37454,-16.696,32.285,209.169,1.0
135.9,128.132912,37.968623,6153.7269864,-17.5,32.555,208.841,1.0
136.0,128.132854,37.968547,6156.147708,-18.334,32.829,208.507,1.0
136.1,128.132796,37.96847,6158.6354856,-19.185,33.109,208.163,1.0
136.2,128.132738,37.968392,6161.190319200001,-20.04,33.396,207.805,1.0
136.3,128.132681,37.968315,6163.8112944,-20.888,33.689,207.429,1.0
136.4,128.132624,37.968238,6166.4978016000005,-21.718,33.988,207.034,1.0
136.5,128.132568,37.96816,6169.2492312,-22.524,34.292,206.618,1.0
136.6,128.132512,37.968082,6172.0649736000005,-23.298,34.599,206.181,1.0
136.7,128.132457,37.968004,6174.944724000001,-24.037,34.909,205.722,1.0
136.8,128.132402,37.967926,6177.888177600001,-24.739,35.221,205.243,1.0
136.9,128.132348,37.967848,6180.8944200000005,-25.402,35.534,204.745,1.0
137.0,128.132295,37.96777,6183.9631464,-26.028,35.846,204.229,1.0
137.1,128.132242,37.967691,6187.094052,-26.62,36.156,203.697,1.0
137.2,128.13219,37.967612,6190.286832000001,-27.182,36.464,203.151,1.0
137.3,128.132138,37.967534,6193.540572,-27.718,36.77,202.593,1.0
137.4,128.132087,37.967455,6196.855272,-28.234,37.072,202.025,1.0
137.5,128.132037,37.967376,6200.230322400001,-28.735,37.372,201.448,1.0
137.6,128.131988,37.967297,6203.665418400001,-29.227,37.667,200.865,1.0
137.7,128.131939,37.967217,6207.1602552,-29.716,37.96,200.277,1.0
137.8,128.131891,37.967138,6210.7136136,-30.206,38.248,199.683,1.0
137.9,128.131844,37.967059,6214.3257984,-30.702,38.533,199.086,1.0
138.0,128.131798,37.966979,6217.995895200001,-31.207,38.815,198.485,1.0
138.1,128.131752,37.9669,6221.7229896,-31.725,39.093,197.881,1.0
138.2,128.131707,37.96682,6225.507081600001,-32.257,39.368,197.273,1.0
138.3,128.131663,37.96674,6229.347256800001,-32.805,39.64,196.661,1.0
138.4,128.13162,37.96666,6233.242905600001,-33.369,39.909,196.045,1.0
138.5,128.131578,37.966581,6237.1931136,-33.949,40.174,195.424,1.0
138.6,128.131536,37.966501,6241.1969664,-34.544,40.435,194.797,1.0
138.7,128.131496,37.966421,6245.254159200001,-35.153,40.694,194.163,1.0
138.8,128.131456,37.966341,6249.3637776000005,-35.773,40.948,193.522,1.0
138.9,128.131418,37.966261,6253.5246024,-36.403,41.198,192.873,1.0
139.0,128.13138,37.966181,6257.736024000001,-37.041,41.444,192.216,1.0
139.1,128.131343,37.966101,6261.997432800001,-37.685,41.686,191.55,1.0
139.2,128.131307,37.96602,6266.3076096,-38.332,41.923,190.875,1.0
139.3,128.131272,37.96594,6270.66564,-38.981,42.155,190.189,1.0
139.4,128.131238,37.96586,6275.0706096,-39.629,42.382,189.494,1.0
139.5,128.131205,37.96578,6279.5216040000005,-40.276,42.604,188.789,1.0
139.6,128.131173,37.9657,6284.0177088,-40.92,42.82,188.074,1.0
139.7,128.131142,37.96562,6288.5580096,-41.561,43.031,187.35,1.0
139.8,128.131112,37.96554,6293.141592000001,-42.197,43.236,186.615,1.0
139.9,128.131083,37.96546,6297.7675416,-42.83,43.435,185.872,1.0
140.0,128.131055,37.96538,6302.4346392,-43.458,43.628,185.119,1.0
140.1,128.131028,37.9653,6307.141970400001,-44.083,43.815,184.358,1.0
140.2,128.131003,37.96522,6311.888620799999,-44.704,43.997,183.589,1.0
140.3,128.130978,37.96514,6316.673676,-45.323,44.172,182.812,1.0
140.4,128.130954,37.96506,6321.4962216,-45.939,44.342,182.027,1.0
140.5,128.130932,37.964981,6326.3553432,-46.555,44.506,181.235,1.0
140.6,128.13091,37.964901,6331.2498216,-47.17,44.664,180.437,1.0
140.7,128.13089,37.964821,6336.1787424,-47.786,44.816,179.632,1.0
140.8,128.130871,37.964742,6341.1408864,-48.402,44.962,178.821,1.0
140.9,128.130853,37.964663,6346.135644,-49.02,45.102,178.004,1.0
141.0,128.130836,37.964583,6351.161796,-49.64,45.236,177.18,1.0
141.1,128.13082,37.964504,6356.218428,-50.263,45.365,176.352,1.0
141.2,128.130806,37.964425,6361.3046256,-50.888,45.487,175.517,1.0
141.3,128.130792,37.964346,6366.419169600001,-51.516,45.603,174.678,1.0
141.4,128.13078,37.964268,6371.560840800001,-52.146,45.714,173.833,1.0
141.5,128.130769,37.964189,6376.7290296,-52.779,45.818,172.982,1.0
141.6,128.130759,37.964111,6381.9225168,-53.414,45.916,172.127,1.0
141.7,128.13075,37.964032,6387.140388000001,-54.05,46.007,171.266,1.0
141.8,128.130742,37.963954,6392.381424000001,-54.688,46.092,170.4,1.0
141.9,128.130736,37.963876,6397.644710400001,-55.327,46.17,169.53,1.0
142.0,128.130731,37.963799,6402.9290280000005,-55.966,46.242,168.654,1.0
142.1,128.130727,37.963721,6408.2334624000005,-56.604,46.307,167.774,1.0
142.2,128.130724,37.963644,6413.5570992,-57.242,46.365,166.89,1.0
142.3,128.130722,37.963567,6418.8987192,-57.878,46.416,166.001,1.0
142.4,128.130722,37.96349,6424.2571032,-58.512,46.46,165.108,1.0
142.5,128.130723,37.963413,6429.631641600001,-59.144,46.497,164.211,1.0
142.6,128.130725,37.963337,6435.0208104,-59.773,46.527,163.311,1.0
142.7,128.130728,37.96326,6440.424,-60.399,46.55,162.407,1.0
142.8,128.130732,37.963184,6445.8399912,-61.022,46.566,161.5,1.0
142.9,128.130738,37.963109,6451.2678696,-61.641,46.575,160.59,1.0
143.0,128.130745,37.963033,6456.706111200001,-62.255,46.577,159.677,1.0
143.1,128.130753,37.962958,6462.154411200001,-62.866,46.571,158.762,1.0
143.2,128.130762,37.962883,6467.6112456,-63.472,46.559,157.845,1.0
143.3,128.130773,37.962809,6473.0757,-64.073,46.539,156.926,1.0
143.4,128.130785,37.962734,6478.5471648,-64.67,46.512,156.005,1.0
143.5,128.130798,37.96266,6484.023811200001,-65.262,46.479,155.084,1.0
143.6,128.130812,37.962587,6489.5053344,-65.849,46.438,154.161,1.0
143.7,128.130828,37.962513,6494.990515200001,-66.431,46.391,153.237,1.0
143.8,128.130845,37.96244,6500.4784392,-67.007,46.336,152.313,1.0
143.9,128.130863,37.962368,6505.9678872,-67.579,46.275,151.388,1.0
144.0,128.130882,37.962295,6511.4582496,-68.145,46.207,150.464,1.0
144.1,128.130902,37.962224,6516.9483072,-68.706,46.133,149.539,1.0
144.2,128.130924,37.962152,6522.4368408,-69.261,46.051,148.615,1.0
144.3,128.130947,37.962081,6527.923545600001,-69.81,45.963,147.691,1.0
144.4,128.130971,37.96201,6533.406897600001,-70.353,45.868,146.768,1.0
144.5,128.130997,37.96194,6538.8859824,-70.89,45.767,145.845,1.0
144.6,128.131023,37.961869,6544.360190400001,-71.421,45.659,144.924,1.0
144.7,128.131051,37.9618,6549.8283024,-71.945,45.545,144.004,1.0
144.8,128.13108,37.961731,6555.289404,-72.462,45.425,143.085,1.0
144.9,128.131111,37.961662,6560.742885600001,-72.972,45.298,142.167,1.0
145.0,128.131142,37.961594,6566.1872232000005,-73.475,45.164,141.251,1.0
145.1,128.131175,37.961526,6571.622112,-73.971,45.025,140.337,1.0
145.2,128.131209,37.961458,6577.0463328000005,-74.458,44.879,139.425,1.0
145.3,128.131244,37.961391,6582.4589712,-74.939,44.727,138.515,1.0
145.4,128.131281,37.961325,6587.859417600001,-75.41,44.569,137.607,1.0
145.5,128.131318,37.961259,6593.2464528,-75.874,44.405,136.702,1.0
145.6,128.131357,37.961193,6598.6194672,-76.329,44.235,135.798,1.0
145.7,128.131397,37.961128,6603.9772416000005,-76.776,44.059,134.897,1.0
145.8,128.131438,37.961063,6609.3191664,-77.214,43.877,133.999,1.0
145.9,128.131481,37.960999,6614.6446320000005,-77.643,43.69,133.104,1.0
146.0,128.131524,37.960936,6619.952114400001,-78.063,43.497,132.211,1.0
146.1,128.131569,37.960873,6625.2416136,-78.474,43.299,131.321,1.0
146.2,128.131615,37.96081,6630.511605600001,-78.876,43.095,130.434,1.0
146.3,128.131663,37.960748,6635.7614808,-79.269,42.886,129.55,1.0
146.4,128.131711,37.960687,6640.9906296,-79.652,42.671,128.67,1.0
146.5,128.13176,37.960626,6646.1981376,-80.026,42.452,127.792,1.0
146.6,128.131811,37.960566,6651.383090400001,-80.39,42.227,126.917,1.0
146.7,128.131863,37.960506,6656.544878400001,-80.745,41.997,126.046,1.0
146.8,128.131916,37.960447,6661.682892000001,-81.091,41.763,125.178,1.0
146.9,128.13197,37.960389,6666.795912,-81.427,41.524,124.313,1.0
147.0,128.132026,37.960331,6671.8833288000005,-81.754,41.28,123.452,1.0
147.1,128.132082,37.960273,6676.9445328,-82.071,41.032,122.593,1.0
147.2,128.13214,37.960217,6681.978609600001,-82.378,40.779,121.739,1.0
147.3,128.132198,37.960161,6686.9852544000005,-82.676,40.522,120.887,1.0
147.4,128.132258,37.960105,6691.963248,-82.965,40.261,120.039,1.0
147.5,128.132319,37.960051,6696.9119808000005,-83.244,39.996,119.194,1.0
147.6,128.132381,37.959997,6701.831148,-83.513,39.727,118.352,1.0
147.7,128.132444,37.959943,6706.7195304,-83.773,39.454,117.514,1.0
147.8,128.132509,37.95989,6711.5765184,-84.024,39.177,116.679,1.0
147.9,128.132574,37.959838,6716.4018072,-84.265,38.896,115.847,1.0
148.0,128.13264,37.959787,6721.1944824,-84.496,38.612,115.019,1.0
148.1,128.132708,37.959736,6725.9542392,-84.718,38.324,114.193,1.0
148.2,128.132777,37.959686,6730.6798584,-84.931,38.033,113.371,1.0
148.3,128.132846,37.959637,6735.3707304,-85.134,37.739,112.552,1.0
148.4,128.132917,37.959589,6740.026855200001,-85.328,37.442,111.735,1.0
148.5,128.132988,37.959541,6744.647013600001,-85.513,37.141,110.922,1.0
148.6,128.133061,37.959494,6749.231205600001,-85.688,36.838,110.112,1.0
148.7,128.133135,37.959448,6753.778212,-85.854,36.532,109.305,1.0
148.8,128.13321,37.959402,6758.287728,-86.011,36.223,108.501,1.0
148.9,128.133286,37.959357,6762.759144,-86.159,35.911,107.699,1.0
149.0,128.133362,37.959313,6767.1918504000005,-86.298,35.597,106.9,1.0
149.1,128.13344,37.95927,6771.585542400001,-86.427,35.281,106.104,1.0
149.2,128.133519,37.959228,6775.939305600001,-86.548,34.962,105.311,1.0
149.3,128.133599,37.959186,6780.2528352,-86.661,34.642,104.52,1.0
149.4,128.133679,37.959146,6784.5258264,-86.764,34.319,103.731,1.0
149.5,128.133761,37.959106,6788.757364800001,-86.859,33.994,102.945,1.0
149.6,128.133843,37.959067,6792.9471456,-86.946,33.667,102.162,1.0
149.7,128.133927,37.959028,6797.094559200001,-87.024,33.339,101.381,1.0
149.8,128.134011,37.958991,6801.199300800001,-87.094,33.009,100.602,1.0
149.9,128.134096,37.958954,6805.260760800001,-87.156,32.677,99.825,1.0
150.0,128.134183,37.958919,6809.2783296,-87.211,32.344,99.051,1.0
150.1,128.13427,37.958884,6813.2520072,-87.257,32.01,98.278,1.0
150.2,128.134358,37.95885,6817.181184000001,-87.295,31.674,97.508,1.0
150.3,128.134447,37.958817,6821.065555200001,-87.318,31.331,96.739,1.0
150.4,128.134536,37.958785,6824.9051208,-87.308,30.966,95.971,1.0
150.5,128.134627,37.958754,6828.6992712,-87.272,30.583,95.204,1.0
150.6,128.134718,37.958724,6832.447701600001,-87.221,30.185,94.44,1.0
150.7,128.13481,37.958695,6836.1498024,-87.164,29.778,93.677,1.0
150.8,128.134903,37.958666,6839.8046592,-87.111,29.362,92.916,1.0
150.9,128.134997,37.958639,6843.4122720000005,-87.07,28.941,92.157,1.0
151.0,128.135091,37.958612,6846.9720312,-87.05,28.517,91.4,1.0
151.1,128.135186,37.958587,6850.483022400001,-87.055,28.091,90.644,1.0
151.2,128.135283,37.958562,6853.9449408,-87.092,27.664,89.889,1.0
151.3,128.135379,37.958539,6857.356872,-87.163,27.238,89.136,1.0
151.4,128.135477,37.958516,6860.718206400001,-87.27,26.811,88.384,1.0
151.5,128.135575,37.958495,6864.0283344,-87.413,26.384,87.632,1.0
151.6,128.135674,37.958475,6867.286646400001,-87.591,25.957,86.881,1.0
151.7,128.135773,37.958455,6870.492228000001,-87.801,25.53,86.13,1.0
151.8,128.135874,37.958437,6873.644469600001,-88.041,25.1,85.379,1.0
151.9,128.135975,37.958419,6876.741847200001,-88.305,24.669,84.627,1.0
152.0,128.136076,37.958403,6879.784056,-88.589,24.234,83.876,1.0
152.1,128.136179,37.958388,6882.7701816,-88.887,23.796,83.124,1.0
152.2,128.136281,37.958373,6885.6987,-89.195,23.352,82.372,1.0
152.3,128.136385,37.95836,6888.569306400001,-89.507,22.904,81.619,1.0
152.4,128.136489,37.958348,6891.3804768,-89.818,22.449,80.866,1.0
152.5,128.136594,37.958337,6894.131296800001,-90.123,21.987,80.112,1.0
152.6,128.136699,37.958328,6896.821156800001,-90.419,21.519,79.358,1.0
152.7,128.136805,37.958319,6899.448228,-90.701,21.044,78.603,1.0
152.8,128.136911,37.958311,6902.012205600001,-90.969,20.561,77.849,1.0
152.9,128.137018,37.958305,6904.511565600001,-91.218,20.071,77.094,1.0
153.0,128.137126,37.958299,6906.9456984,-91.449,19.574,76.339,1.0
153.1,128.137234,37.958295,6909.31308,-91.66,19.071,75.583,1.0
153.2,128.137342,37.958292,6911.6131008,-91.852,18.562,74.828,1.0
153.3,128.137451,37.95829,6913.8442368000005,-92.026,18.047,74.073,1.0
153.4,128.137561,37.95829,6916.006183200001,-92.183,17.527,73.317,1.0
153.5,128.137671,37.95829,6918.097111200001,-92.324,17.002,72.561,1.0
153.6,128.137781,37.958292,6920.1170208,-92.452,16.473,71.806,1.0
153.7,128.137892,37.958295,6922.064083200001,-92.568,15.941,71.05,1.0
153.8,128.138003,37.958299,6923.9379936,-92.675,15.406,70.293,1.0
153.9,128.138114,37.958304,6925.7369232,-92.579,14.878,69.536,1.0
154.0,128.138226,37.958311,6927.4599576,-91.814,14.379,68.777,1.0
154.1,128.138338,37.958318,6929.107706400001,-90.41,13.912,68.019,1.0
154.2,128.138451,37.958326,6930.680169600001,-88.432,13.483,67.27,1.0
154.3,128.138565,37.958335,6932.179176,-85.956,13.097,66.54,1.0
154.4,128.138678,37.958345,6933.60564,-83.069,12.761,65.836,1.0
154.5,128.138792,37.958356,6934.9623048,-79.864,12.478,65.166,1.0
154.6,128.138907,37.958367,6936.2509992000005,-76.439,12.253,64.534,1.0
154.7,128.139022,37.95838,6937.4759904,-73.041,12.083,63.942,1.0
154.8,128.139137,37.958393,6938.6461176,-70.12,11.96,63.387,1.0
154.9,128.139252,37.958408,6939.7711344,-67.759,11.885,62.865,1.0
155.0,128.139368,37.958424,6940.8607944000005,-66.095,11.853,62.366,1.0
155.1,128.139483,37.958441,6941.919669600001,-65.119,11.865,61.88,1.0
155.2,128.139599,37.958459,6942.949284000001,-64.792,11.916,61.398,1.0
155.3,128.139714,37.958479,6943.9511616,-65.054,11.998,60.912,1.0
155.4,128.13983,37.9585,6944.9256072,-65.83,12.101,60.415,1.0
155.5,128.139946,37.958522,6945.8710968000005,-66.912,12.218,59.905,1.0
155.6,128.140061,37.958545,6946.779705600001,-67.916,12.344,59.38,1.0
155.7,128.140177,37.95857,6947.646556800001,-68.768,12.469,58.839,1.0
155.8,128.140293,37.958595,6948.471955200001,-69.42,12.581,58.284,1.0
155.9,128.140409,37.958621,6949.2568152,-69.84,12.676,57.718,1.0
156.0,128.140525,37.958649,6950.002051200001,-70.012,12.748,57.143,1.0
156.1,128.140641,37.958678,6950.709187200001,-69.93,12.799,56.562,1.0
156.2,128.140757,37.958707,6951.379747200001,-69.604,12.827,55.976,1.0
156.3,128.140873,37.958738,6952.0149504,-69.051,12.837,55.389,1.0
156.4,128.140989,37.95877,6952.6169304000005,-68.298,12.831,54.802,1.0
156.5,128.141104,37.958803,6953.187516,-67.376,12.816,54.217,1.0
156.6,128.14122,37.958838,6953.7291456,-66.321,12.794,53.637,1.0
156.7,128.141336,37.958873,6954.243648,-65.17,12.772,53.061,1.0
156.8,128.141451,37.95891,6954.7334616,-63.96,12.754,52.492,1.0
156.9,128.141567,37.958947,6955.200720000001,-62.723,12.743,51.931,1.0
157.0,128.141682,37.958986,6955.6478615999995,-61.491,12.744,51.379,1.0
157.1,128.141797,37.959026,6956.077020000001,-60.29,12.76,50.835,1.0
157.2,128.141911,37.959067,6956.4903288000005,-59.14,12.791,50.301,1.0
157.3,128.142026,37.959109,6956.8896168,-58.057,12.84,49.776,1.0
157.4,128.14214,37.959153,6957.2770176,-57.051,12.907,49.26,1.0
157.5,128.142254,37.959197,6957.6510072,-56.127,12.994,48.748,1.0
157.6,128.142367,37.959242,6958.0067088000005,-55.287,13.105,48.232,1.0
157.7,128.14248,37.959288,6958.344427200001,-54.527,13.239,47.715,1.0
157.8,128.142592,37.959335,6958.6641624,-53.841,13.39,47.201,1.0
157.9,128.142703,37.959382,6958.966524,-53.222,13.558,46.695,1.0
158.0,128.142814,37.95943,6959.251512,-52.657,13.738,46.198,1.0
158.1,128.142923,37.959479,6959.519736,-52.132,13.923,45.713,1.0
158.2,128.143032,37.959529,6959.7718056,-51.634,14.111,45.242,1.0
158.3,128.14314,37.959579,6960.0083304,-51.152,14.298,44.785,1.0
158.4,128.143247,37.959629,6960.229920000001,-50.674,14.482,44.343,1.0
158.5,128.143353,37.95968,6960.4374888,-50.192,14.66,43.916,1.0
158.6,128.143459,37.959732,6960.631951200001,-49.7,14.831,43.504,1.0
158.7,128.143563,37.959784,6960.8139168,-49.191,14.994,43.107,1.0
158.8,128.143667,37.959837,6960.9836904,-48.663,15.15,42.724,1.0
158.9,128.14377,37.95989,6961.142796,-48.114,15.297,42.355,1.0
159.0,128.143872,37.959944,6961.291233600001,-47.543,15.437,41.998,1.0
159.1,128.143973,37.959998,6961.4296128000005,-46.953,15.569,41.654,1.0
159.2,128.144074,37.960053,6961.558848,-46.344,15.695,41.322,1.0
159.3,128.144173,37.960108,6961.679244,-45.721,15.814,41.0,1.0
159.4,128.144272,37.960164,6961.791410400001,-45.086,15.929,40.688,1.0
159.5,128.14437,37.96022,6961.895956800001,-44.442,16.04,40.386,1.0
159.6,128.144467,37.960276,6961.9928832000005,-43.794,16.147,40.092,1.0
159.7,128.144563,37.960333,6962.083104,-43.145,16.252,39.806,1.0
159.8,128.144659,37.960391,6962.1666192,-42.498,16.354,39.527,1.0
159.9,128.144753,37.960448,6962.244038400001,-41.857,16.456,39.255,1.0
160.0,128.144847,37.960506,6962.3156664,-41.223,16.556,38.99,1.0
160.1,128.14494,37.960565,6962.3821128,-40.599,16.656,38.731,1.0
160.2,128.145033,37.960624,6962.443072800001,-39.988,16.756,38.478,1.0
160.3,128.145124,37.960683,6962.499156000001,-39.388,16.856,38.23,1.0
160.4,128.145215,37.960742,6962.5506672,-38.802,16.955,37.988,1.0
160.5,128.145305,37.960802,6962.5979112,-38.23,17.054,37.751,1.0
160.6,128.145395,37.960862,6962.641192800001,-37.672,17.153,37.519,1.0
160.7,128.145483,37.960922,6962.6808168,-37.126,17.252,37.292,1.0
160.8,128.145571,37.960983,6962.717088,-36.593,17.35,37.07,1.0
160.9,128.145659,37.961044,6962.7500064000005,-36.072,17.447,36.852,1.0
161.0,128.145745,37.961105,6962.7804864,-35.561,17.543,36.639,1.0
161.1,128.145831,37.961166,6962.808223200001,-35.061,17.637,36.431,1.0
161.2,128.145916,37.961228,6962.8338264,-34.569,17.731,36.227,1.0
161.3,128.146001,37.96129,6962.857600800001,-34.085,17.822,36.027,1.0
161.4,128.146085,37.961352,6962.880460800001,-33.608,17.912,35.832,1.0
161.5,128.146168,37.961415,6962.902101600001,-33.137,18.0,35.64,1.0
161.6,128.146251,37.961478,6962.9234376,-32.672,18.085,35.452,1.0
161.7,128.146333,37.961541,6962.945078400001,-32.212,18.169,35.268,1.0
161.8,128.146415,37.961604,6962.9673288,-31.757,18.251,35.088,1.0
161.9,128.146496,37.961667,6962.9907984,-31.306,18.331,34.911,1.0
162.0,128.146577,37.961731,6963.0179256,-30.939,18.408,34.736,1.0
162.1,128.146656,37.961795,6963.0618168,-30.845,18.482,34.561,1.0
162.2,128.146736,37.96186,6963.1282632,-31.01,18.555,34.385,1.0
162.3,128.146814,37.961924,6963.2142168,-31.317,18.63,34.204,1.0
162.4,128.146892,37.961989,6963.3050472,-31.515,18.712,34.018,1.0
162.5,128.146969,37.962055,6963.3931344,-31.588,18.8,33.825,1.0
162.6,128.147046,37.96212,6963.4781736,-31.533,18.892,33.624,1.0
162.7,128.147123,37.962186,6963.5613840000005,-31.353,18.984,33.416,1.0
162.8,128.147199,37.962251,6963.6427656000005,-31.055,19.074,33.204,1.0
162.9,128.147274,37.962317,6963.723232800001,-30.652,19.163,32.988,1.0
163.0,128.147349,37.962384,6963.8033952000005,-30.156,19.248,32.77,1.0
163.1,128.147423,37.96245,6963.8841672,-29.584,19.33,32.553,1.0
163.2,128.147497,37.962517,6963.965244,-28.954,19.408,32.337,1.0
163.3,128.14757,37.962584,6964.050588000001,-28.356,19.482,32.124,1.0
163.4,128.147643,37.962651,6964.1520864,-27.982,19.551,31.913,1.0
163.5,128.147715,37.962718,6964.2758352,-27.834,19.617,31.704,1.0
163.6,128.147786,37.962785,6964.420615200001,-27.9,19.682,31.496,1.0
163.7,128.147857,37.962853,6964.5861216,-28.162,19.751,31.285,1.0
163.8,128.147927,37.962921,6964.77144,-28.596,19.823,31.069,1.0
163.9,128.147996,37.962989,6964.975351200001,-29.176,19.899,30.846,1.0
164.0,128.148065,37.963057,6965.1945024,-29.779,19.966,30.623,1.0
164.1,128.148134,37.963126,6965.4142632,-30.153,19.988,30.423,1.0
164.2,128.148202,37.963194,6965.6260992,-30.296,19.986,30.233,1.0
164.3,128.148269,37.963263,6965.8287912000005,-30.141,19.99,30.034,1.0
164.4,128.148336,37.963332,6966.0083184000005,-29.493,19.962,29.854,1.0
164.5,128.148403,37.963401,6966.1607184,-28.546,19.903,29.689,1.0
164.6,128.148469,37.96347,6966.299097600001,-27.74,19.812,29.532,1.0
164.7,128.148535,37.963539,6966.438696,-27.106,19.693,29.386,1.0
164.8,128.1486,37.963608,6966.592010400001,-26.654,19.553,29.249,1.0
164.9,128.148665,37.963678,6966.760260000001,-26.387,19.399,29.118,1.0
165.0,128.148729,37.963748,6966.9425304,-26.304,19.239,28.989,1.0
165.1,128.148793,37.963818,6967.1379072,-26.402,19.095,28.851,1.0
165.2,128.148856,37.963888,6967.3451712,-26.675,19.003,28.684,1.0
165.3,128.148919,37.963958,6967.5631032,-27.098,18.91,28.513,1.0
165.4,128.148981,37.964028,6967.7874360000005,-27.482,18.818,28.341,1.0
165.5,128.149042,37.964099,6968.00994,-27.576,18.751,28.16,1.0
165.6,128.149104,37.964169,6968.2388448,-27.792,18.752,27.931,1.0
165.7,128.149164,37.96424,6968.476284000001,-28.137,18.812,27.656,1.0
165.8,128.149224,37.964311,6968.7219528,-28.593,18.921,27.341,1.0
165.9,128.149284,37.964382,6968.975851200001,-29.143,19.067,26.993,1.0
166.0,128.149343,37.964453,6969.237064800001,-29.764,19.225,26.625,1.0
166.1,128.149401,37.964525,6969.5025456,-30.339,19.342,26.271,1.0
166.2,128.149459,37.964596,6969.759492000001,-30.64,19.425,25.936,1.0
166.3,128.149516,37.964668,6970.000284000001,-30.672,19.455,25.63,1.0
166.4,128.149574,37.96474,6970.222788000001,-30.433,19.321,25.424,1.0
166.5,128.14963,37.964811,6970.4266992,-29.952,19.009,25.326,1.0
166.6,128.149686,37.964883,6970.613541600001,-29.338,18.536,25.319,1.0
166.7,128.149742,37.964956,6970.7933736,-28.805,17.921,25.383,1.0
166.8,128.149797,37.965028,6970.968938400001,-28.382,17.185,25.504,1.0
166.9,128.149852,37.9651,6971.135054400001,-27.915,16.37,25.663,1.0
167.0,128.149907,37.965173,6971.2792248000005,-27.023,15.658,25.775,1.0
167.1,128.149961,37.965246,6971.3862096,-25.728,15.124,25.802,1.0
167.2,128.150015,37.965318,6971.4438168,-24.066,14.747,25.76,1.0
167.3,128.150069,37.965392,6971.4544848,-22.078,14.499,25.67,1.0
167.4,128.150123,37.965465,6971.4276624,-19.993,14.348,25.547,1.0
167.5,128.150178,37.965539,6971.3782848,-18.293,14.273,25.39,1.0
167.6,128.150232,37.965614,6971.3240304,-17.015,14.261,25.213,1.0
167.7,128.150286,37.965688,6971.2755672,-16.164,14.282,25.032,1.0
167.8,128.150339,37.965763,6971.2264944,-15.724,14.164,24.901,1.0
167.9,128.150392,37.965838,6971.174068800001,-15.676,13.848,24.836,1.0
168.0,128.150446,37.965913,6971.1195096,-16.001,13.354,24.831,1.0
168.1,128.150499,37.965989,6971.0652552,-16.672,12.697,24.88,1.0
168.2,128.150551,37.966065,6971.007648,-17.659,11.899,24.979,1.0
168.3,128.150604,37.966141,6970.941811200001,-18.931,10.978,25.124,1.0
168.4,128.150657,37.966218,6970.863477600001,-20.458,9.948,25.313,1.0
168.5,128.15071,37.966295,6970.7662464,-22.212,8.823,25.545,1.0
168.6,128.150763,37.966372,6970.641888000001,-23.978,7.618,25.83,1.0
168.7,128.150815,37.966451,6970.4699808000005,-25.263,6.354,26.183,1.0
168.8,128.150868,37.966529,6970.228884000001,-26.059,5.041,26.594,1.0
168.9,128.150922,37.966608,6969.8990904,-26.381,3.684,27.051,1.0
169.0,128.150975,37.966688,6969.47298,-26.251,2.288,27.546,1.0
169.1,128.151029,37.966768,6968.9450664,-25.689,0.857,28.066,1.0
169.2,128.151084,37.966848,6968.3089488000005,-24.721,-0.606,28.6,1.0
169.3,128.151139,37.966929,6967.559445600001,-23.37,-2.103,29.139,1.0
169.4,128.151194,37.967011,6966.689851200001,-21.659,-3.631,29.67,1.0
169.5,128.15125,37.967093,6965.694374400001,-19.607,-5.192,30.182,1.0
169.6,128.151306,37.967175,6964.567528800001,-17.242,-6.787,30.662,1.0
169.7,128.151363,37.967257,6963.303828000001,-14.592,-8.41,31.093,1.0
169.8,128.15142,37.96734,6961.8980904,-11.676,-10.047,31.461,1.0
169.9,128.151477,37.967424,6960.3451344,-8.507,-11.689,31.75,1.0
170.0,128.151535,37.967507,6958.639778400001,-5.097,-13.326,31.947,1.0
170.1,128.151594,37.967591,6956.7798888,-1.455,-14.946,32.041,1.0
170.2,128.151652,37.967675,6954.765770400001,2.407,-16.531,32.021,1.0
170.3,128.151711,37.967759,6952.5955944,6.479,-18.073,31.88,1.0
170.4,128.151769,37.967844,6950.267836800001,10.739,-19.56,31.613,1.0
170.5,128.151828,37.967928,6947.781583200001,15.169,-20.982,31.216,1.0
170.6,128.151886,37.968012,6945.1356144,19.751,-22.331,30.688,1.0
170.7,128.151944,37.968096,6942.33054,24.469,-23.598,30.03,1.0
170.8,128.152002,37.96818,6939.366360000001,29.309,-24.774,29.245,1.0
170.9,128.15206,37.968264,6936.246427200001,34.066,-25.847,28.329,1.0
171.0,128.152117,37.968348,6932.986286400001,38.271,-26.793,27.279,1.0
171.1,128.152174,37.968432,6929.602701600001,41.909,-27.609,26.13,1.0
171.2,128.152231,37.968516,6926.101464,44.987,-28.302,24.916,1.0
171.3,128.152288,37.968599,6922.4810496,47.511,-28.885,23.665,1.0
171.4,128.152344,37.968683,6918.7402392,49.489,-29.376,22.4,1.0
171.5,128.1524,37.968766,6914.8781184,50.931,-29.792,21.142,1.0
171.6,128.152456,37.968849,6910.895601600001,51.849,-30.153,19.911,1.0
171.7,128.152511,37.968933,6906.7945176,52.253,-30.474,18.723,1.0
171.8,128.152565,37.969016,6902.575476,52.161,-30.774,17.59,1.0
171.9,128.15262,37.969099,6898.2400008,51.59,-31.069,16.522,1.0
172.0,128.152673,37.969182,6893.7887016,50.563,-31.373,15.526,1.0
172.1,128.152727,37.969265,6889.222188000001,49.107,-31.699,14.607,1.0
172.2,128.152779,37.969347,6884.540764800001,47.246,-32.057,13.767,1.0
172.3,128.152832,37.96943,6879.744127200001,45.007,-32.458,13.01,1.0
172.4,128.152884,37.969513,6874.83258,42.416,-32.91,12.339,1.0
172.5,128.152935,37.969595,6869.8055136,39.497,-33.419,11.756,1.0
172.6,128.152986,37.969677,6864.6620136,36.268,-33.994,11.266,1.0
172.7,128.153036,37.96976,6859.401165600001,32.747,-34.637,10.877,1.0
172.8,128.153086,37.969842,6854.0220552,28.952,-35.352,10.596,1.0
172.9,128.153136,37.969924,6848.5231584,24.896,-36.137,10.429,1.0
173.0,128.153185,37.970006,6842.902646400001,20.595,-36.991,10.388,1.0
173.1,128.153234,37.970087,6837.1596048,16.059,-37.909,10.481,1.0
173.2,128.153282,37.970169,6831.292814400001,11.302,-38.881,10.719,1.0
173.3,128.15333,37.97025,6825.3037992,6.325,-39.893,11.111,1.0
173.4,128.153377,37.970331,6819.1953023999995,1.117,-40.93,11.671,1.0
173.5,128.153424,37.970412,6812.9700672,-4.348,-41.972,12.413,1.0
173.6,128.153471,37.970492,6806.6296176000005,-10.105,-42.999,13.357,1.0
173.7,128.153518,37.970573,6800.176696800001,-16.177,-43.988,14.514,1.0
173.8,128.153565,37.970653,6793.6119144,-22.591,-44.912,15.895,1.0
173.9,128.153611,37.970733,6786.9370992,-29.37,-45.742,17.508,1.0
174.0,128.153657,37.970813,6780.152860800001,-36.508,-46.45,19.338,1.0
174.1,128.153703,37.970893,6773.2601136,-43.977,-47.01,21.358,1.0
174.2,128.153749,37.970973,6766.2594672000005,-51.73,-47.403,23.526,1.0
174.3,128.153795,37.971052,6759.1512264,-59.706,-47.614,25.791,1.0
174.4,128.153841,37.971131,6751.935086400001,-67.836,-47.638,28.094,1.0
174.5,128.153887,37.97121,6744.6119616,-76.049,-47.477,30.376,1.0
174.6,128.153932,37.971289,6737.1821568000005,-84.276,-47.139,32.583,1.0
174.7,128.153978,37.971368,6729.6468912,-92.464,-46.636,34.668,1.0
174.8,128.154024,37.971446,6722.001897600001,-100.585,-45.974,36.596,1.0
174.9,128.154071,37.971524,6714.2407752,-108.602,-45.174,38.345,1.0
175.0,128.154118,37.971602,6706.3677912,-116.461,-44.274,39.902,1.0
175.1,128.154165,37.97168,6698.3866032,-124.127,-43.307,41.19,1.0
175.2,128.154213,37.971758,6690.301173600001,-131.349,-42.51,41.805,1.0
175.3,128.154261,37.971836,6682.112112,-138.09,-42.076,41.641,1.0
175.4,128.154309,37.971913,6673.8151512,-144.538,-41.983,40.936,1.0
175.5,128.154357,37.971991,6665.404500000001,-150.857,-42.18,39.872,1.0
175.6,128.154406,37.972068,6656.877110400001,-157.172,-42.632,38.554,1.0
175.7,128.154454,37.972145,6648.2217048,-163.544,-43.334,37.052,1.0
175.8,128.154502,37.972222,6639.427920000001,-169.995,-44.298,35.43,1.0
175.9,128.15455,37.972299,6630.484173600001,-176.529,-45.529,33.775,1.0
176.0,128.154597,37.972375,6621.380712,176.82,-46.976,32.196,1.0
176.1,128.154644,37.972451,6612.109305600001,170.025,-48.553,30.805,1.0
176.2,128.154691,37.972526,6602.666601600001,163.286,-50.191,29.686,1.0
176.3,128.154737,37.9726,6593.0608296,157.068,-51.832,28.893,1.0
176.4,128.154784,37.972674,6583.290465600001,151.145,-53.42,28.532,1.0
176.5,128.15483,37.972747,6573.3445368,145.106,-54.894,28.719,1.0
176.6,128.154877,37.972818,6563.2230432,138.958,-56.197,29.516,1.0
176.7,128.154924,37.972889,6552.933300000001,132.701,-57.304,30.892,1.0
176.8,128.154972,37.972959,6542.484146400001,126.412,-58.171,32.665,1.0
176.9,128.155019,37.973028,6531.8896032,120.726,-58.563,34.024,1.0
177.0,128.155068,37.973096,6521.1621672,116.045,-58.457,34.421,1.0
177.1,128.155117,37.973163,6510.3082392,112.192,-58.012,33.942,1.0
177.2,128.155166,37.973229,6499.3354392,108.852,-57.366,32.806,1.0
177.3,128.155216,37.973294,6488.251996800001,105.717,-56.63,31.227,1.0
177.4,128.155266,37.973359,6477.0649224,102.561,-55.879,29.346,1.0
177.5,128.155316,37.973424,6465.780312,99.21,-55.171,27.261,1.0
177.6,128.155367,37.973489,6454.4042616,95.473,-54.551,25.083,1.0
177.7,128.155418,37.973553,6442.9407336,91.21,-54.057,22.896,1.0
177.8,128.155469,37.973618,6431.3936904,86.364,-53.722,20.747,1.0
177.9,128.155519,37.973682,6419.765570400001,80.978,-53.57,18.658,1.0
178.0,128.155569,37.973747,6408.056983200001,75.114,-53.618,16.651,1.0
178.1,128.155619,37.973811,6396.2673192,68.828,-53.873,14.75,1.0
178.2,128.155667,37.973876,6384.392311200001,62.568,-54.369,13.004,1.0
178.3,128.155715,37.97394,6372.412756800001,57.381,-55.151,11.472,1.0
178.4,128.155762,37.974005,6360.304272,53.343,-56.152,10.126,1.0
178.5,128.155807,37.974069,6348.044911200001,50.502,-57.303,8.918,1.0
178.6,128.15585,37.974133,6335.627664000001,48.792,-58.566,7.838,1.0
178.7,128.155892,37.974196,6323.051006400001,48.127,-59.912,6.885,1.0
178.8,128.155933,37.974259,6310.312804800001,48.455,-61.311,6.032,1.0
178.9,128.155972,37.974322,6297.4115352,49.767,-62.73,5.224,1.0
179.0,128.156009,37.974384,6284.347197600001,52.091,-64.128,4.381,1.0
179.1,128.156044,37.974445,6271.120706400001,55.47,-65.461,3.395,1.0
179.2,128.156078,37.974506,6257.737548,59.894,-66.673,2.145,1.0
179.3,128.156109,37.974565,6244.204732800001,65.34,-67.698,0.52,1.0
179.4,128.156139,37.974625,6230.5298808,71.743,-68.47,358.467,1.0
179.5,128.156167,37.974683,6216.7215264,78.835,-68.983,356.063,1.0
179.6,128.156193,37.974742,6202.789728000001,85.983,-69.232,353.436,1.0
179.7,128.156217,37.9748,6188.753688000001,92.093,-69.206,350.766,1.0
179.8,128.15624,37.974857,6174.6326088000005,96.941,-68.978,348.236,1.0
179.9,128.156262,37.974915,6160.433500800001,100.471,-68.616,345.927,1.0
180.0,128.156283,37.974972,6146.159412,102.717,-68.179,343.842,1.0
180.1,128.156302,37.975029,6131.8121712,103.766,-67.718,341.955,1.0
180.2,128.156321,37.975086,6117.392997600001,103.725,-67.275,340.222,1.0
180.3,128.156338,37.975142,6102.902805600001,102.719,-66.883,338.598,1.0
180.4,128.156354,37.975199,6088.3425096,100.875,-66.567,337.04,1.0
180.5,128.156369,37.975255,6073.7118048,98.314,-66.345,335.514,1.0
180.6,128.156383,37.975311,6059.010996000001,95.152,-66.232,333.993,1.0
180.7,128.156396,37.975366,6044.2367304,91.994,-66.278,332.445,1.0
180.8,128.156407,37.975421,6029.3740728,90.194,-66.54,330.811,1.0
180.9,128.156416,37.975476,6014.4044304,89.86,-66.942,329.051,1.0
181.0,128.156423,37.97553,5999.312868,91.003,-67.413,327.13,1.0
181.1,128.156427,37.975583,5984.0999952,93.035,-67.847,325.065,1.0
181.2,128.15643,37.975635,5968.7822712,94.521,-68.145,322.947,1.0
181.3,128.156431,37.975686,5953.377984000001,95.312,-68.361,320.849,1.0
181.4,128.15643,37.975737,5937.9011544,95.374,-68.54,318.811,1.0
181.5,128.156429,37.975787,5922.353306400001,94.751,-68.717,316.818,1.0
181.6,128.156427,37.975837,5906.7341352,93.513,-68.917,314.842,1.0
181.7,128.156423,37.975886,5891.0418119999995,91.732,-69.163,312.857,1.0
181.8,128.156418,37.975935,5875.274508,89.48,-69.472,310.841,1.0
181.9,128.156412,37.975983,5859.4303944,86.829,-69.859,308.775,1.0
182.0,128.156405,37.97603,5843.506728,83.845,-70.336,306.645,1.0
182.1,128.156397,37.976076,5827.500765600001,80.591,-70.911,304.44,1.0
182.2,128.156388,37.976121,5811.4091544,77.123,-71.59,302.153,1.0
182.3,128.156379,37.976166,5795.2291512,73.483,-72.38,299.782,1.0
182.4,128.156368,37.976209,5778.956793599999,69.663,-73.302,297.345,1.0
182.5,128.156357,37.976251,5762.5902528,65.624,-74.377,294.882,1.0
182.6,128.156345,37.976293,5746.128309600001,61.266,-75.615,292.477,1.0
182.7,128.156333,37.976333,5729.5700496,56.431,-77.018,290.256,1.0
182.8,128.156321,37.976373,5712.9145584,50.9,-78.579,288.413,1.0
182.9,128.156308,37.976412,5696.161836,43.896,-80.212,287.711,1.0
183.0,128.156295,37.97645,5679.3225504,31.489,-81.283,292.088,1.0
183.1,128.156282,37.976489,5662.4040168,12.83,-81.134,302.31,1.0
183.2,128.156267,37.976528,5645.4077592,-6.421,-79.675,312.589,1.0
183.3,128.156251,37.976567,5628.340483200001,-22.264,-77.172,318.945,1.0
183.4,128.156233,37.976607,5611.210723200001,-34.489,-74.048,321.309,1.0
183.5,128.156213,37.976647,5594.0251848,-43.752,-70.845,321.344,1.0
183.6,128.156189,37.976688,5576.7732000000005,-49.092,-67.828,320.311,1.0
183.7,128.156165,37.976729,5559.440138400001,-50.875,-65.183,318.629,1.0
183.8,128.156138,37.976771,5542.0314864,-49.49,-63.028,316.52,1.0
183.9,128.15611,37.976812,5524.5451104,-44.596,-61.395,314.118,1.0
184.0,128.156081,37.976854,5506.9935072,-36.952,-60.116,311.74,1.0
184.1,128.156049,37.976897,5489.3934408000005,-27.842,-58.969,309.837,1.0
184.2,128.156016,37.976939,5471.7705144,-18.716,-57.893,308.547,1.0
184.3,128.155979,37.976982,5454.178068,-11.224,-56.887,307.795,1.0
184.4,128.15594,37.977027,5436.6423144,-6.09,-55.905,307.507,1.0
184.5,128.155896,37.977073,5419.2123264,-4.423,-54.911,307.504,1.0
184.6,128.155849,37.97712,5401.9383960000005,-5.825,-53.877,307.645,1.0
184.7,128.155797,37.97717,5384.833020000001,-9.547,-52.795,307.751,1.0
184.8,128.155741,37.977221,5367.9007704000005,-14.744,-51.689,307.668,1.0
184.9,128.15568,37.977273,5351.1352464,-19.851,-50.58,307.349,1.0
185.0,128.155616,37.977326,5334.4855464,-22.384,-49.471,306.836,1.0
185.1,128.155549,37.97738,5317.895282400001,-22.239,-48.386,306.131,1.0
185.2,128.15548,37.977434,5301.3217824,-19.868,-47.338,305.384,1.0
185.3,128.155409,37.977488,5284.769618400001,-15.893,-46.343,304.736,1.0
185.4,128.155336,37.977543,5268.2515920000005,-10.981,-45.406,304.271,1.0
185.5,128.155261,37.977598,5251.778676,-5.777,-44.521,304.029,1.0
185.6,128.155184,37.977653,5235.3581856,-0.873,-43.677,304.038,1.0
185.7,128.155106,37.97771,5218.994997600001,3.277,-42.862,304.309,1.0
185.8,128.155025,37.977767,5202.704047200001,5.727,-42.066,304.747,1.0
185.9,128.154942,37.977826,5186.5523904,4.713,-41.28,305.231,1.0
186.0,128.154857,37.977886,5170.6192752,0.797,-40.491,305.682,1.0
186.1,128.154767,37.977948,5154.9607848,-4.307,-39.676,306.031,1.0
186.2,128.154675,37.978012,5139.5211408000005,-7.781,-38.806,306.236,1.0
186.3,128.15458,37.978076,5124.2217048,-9.19,-37.89,306.235,1.0
186.4,128.154483,37.978141,5108.999688000001,-8.694,-36.966,306.111,1.0
186.5,128.154385,37.978206,5093.8526520000005,-6.668,-36.072,305.96,1.0
186.6,128.154285,37.978272,5078.7897408,-3.586,-35.224,305.856,1.0
186.7,128.154184,37.978339,5063.819184000001,0.048,-34.422,305.847,1.0
186.8,128.154081,37.978407,5048.9461632,3.766,-33.659,305.96,1.0
186.9,128.153976,37.978475,5034.1740312,7.153,-32.929,306.221,1.0
187.0,128.15387,37.978544,5019.5052264,9.916,-32.226,306.642,1.0
187.1,128.153763,37.978614,5004.940968,11.979,-31.546,307.181,1.0
187.2,128.153654,37.978685,4990.4839992,13.36,-30.887,307.802,1.0
187.3,128.153544,37.978757,4976.135844,14.155,-30.248,308.469,1.0
187.4,128.153434,37.97883,4961.9007696,14.5,-29.628,309.147,1.0
187.5,128.153322,37.978904,4947.781824,14.552,-29.023,309.81,1.0
187.6,128.153209,37.97898,4933.7832744,14.462,-28.43,310.442,1.0
187.7,128.153095,37.979056,4919.9084736,14.362,-27.849,311.037,1.0
187.8,128.15298,37.979133,4906.1607744,14.357,-27.277,311.595,1.0
187.9,128.152865,37.979212,4892.54292,14.516,-26.712,312.121,1.0
188.0,128.152748,37.979292,4879.057348800001,14.87,-26.154,312.625,1.0
188.1,128.152631,37.979373,4865.705889600001,15.42,-25.602,313.114,1.0
188.2,128.152513,37.979455,4852.489761600001,16.14,-25.055,313.599,1.0
188.3,128.152394,37.979538,4839.4098792,16.989,-24.514,314.087,1.0
188.4,128.152275,37.979622,4826.4668520000005,17.916,-23.979,314.585,1.0
188.5,128.152155,37.979708,4813.6615944,18.871,-23.451,315.098,1.0
188.6,128.152035,37.979795,4800.9934968,19.811,-22.93,315.626,1.0
188.7,128.151914,37.979883,4788.463778400001,20.705,-22.416,316.171,1.0
188.8,128.151793,37.979972,4776.0718296000005,21.531,-21.91,316.731,1.0
188.9,128.151672,37.980063,4763.81826,22.283,-21.412,317.303,1.0
189.0,128.15155,37.980154,4751.7033744,22.962,-20.921,317.885,1.0
189.1,128.151428,37.980247,4739.7271728000005,23.581,-20.437,318.472,1.0
189.2,128.151307,37.980342,4727.8905696,24.153,-19.96,319.064,1.0
189.3,128.151185,37.980437,4716.1929552,24.697,-19.49,319.657,1.0
189.4,128.151063,37.980534,4704.635548800001,25.228,-19.025,320.251,1.0
189.5,128.150941,37.980632,4693.2177408,25.759,-18.566,320.845,1.0
189.6,128.150819,37.980731,4681.9404456,26.3,-18.112,321.44,1.0
189.7,128.150697,37.980832,4670.802748800001,26.855,-17.665,322.034,1.0
189.8,128.150576,37.980934,4659.80526,27.428,-17.222,322.631,1.0
189.9,128.150455,37.981037,4648.9476744,28.015,-16.786,323.229,1.0
190.0,128.150334,37.981141,4638.2290776,28.613,-16.356,323.831,1.0
190.1,128.150213,37.981246,4627.6494696,29.216,-15.932,324.436,1.0
190.2,128.150093,37.981353,4617.2085456,29.82,-15.515,325.046,1.0
190.3,128.149974,37.981461,4606.9050864,30.419,-15.104,325.659,1.0
190.4,128.149855,37.98157,4596.7521984,30.177,-14.686,326.254,1.0
190.5,128.149737,37.981681,4586.8312632,27.241,-14.241,326.788,1.0
190.6,128.14962,37.981795,4577.2428648,22.209,-13.746,327.25,1.0
190.7,128.149504,37.98191,4568.0607648,16.797,-13.156,327.631,1.0
190.8,128.149388,37.982027,4559.2108968,13.763,-12.432,327.951,1.0
190.9,128.149273,37.982146,4550.5823136,13.258,-11.705,328.153,1.0
191.0,128.149158,37.982265,4542.0658968,14.993,-11.773,328.071,1.0
191.1,128.149043,37.982385,4533.6253752,18.378,-12.561,327.777,1.0
191.2,128.148929,37.982505,4525.233012000001,22.808,-13.647,327.414,1.0
191.3,128.148814,37.982626,4516.8574128,27.791,-14.877,327.037,1.0
191.4,128.1487,37.982747,4508.4799848,32.224,-16.162,326.579,1.0
191.5,128.148586,37.982869,4500.1507152,33.953,-17.443,325.983,1.0
191.6,128.148473,37.982993,4491.935136,33.203,-18.717,325.334,1.0
191.7,128.148361,37.983117,4483.8856728,30.354,-19.974,324.69,1.0
191.8,128.14825,37.983243,4475.9904384,25.789,-21.223,324.092,1.0
191.9,128.148139,37.983369,4468.2271824,19.894,-22.472,323.563,1.0
192.0,128.148029,37.983496,4460.5584144,13.927,-23.742,323.177,1.0
192.1,128.147919,37.983623,4452.8667864,10.227,-25.065,323.049,1.0
192.2,128.147809,37.98375,4445.017272,8.661,-26.396,323.085,1.0
192.3,128.147698,37.983876,4436.898924,9.069,-27.71,323.171,1.0
192.4,128.147588,37.984002,4428.4852248,11.264,-28.999,323.231,1.0
192.5,128.147478,37.984127,4419.7694688,15.074,-30.257,323.207,1.0
192.6,128.147368,37.984251,4410.7476936,20.348,-31.479,323.052,1.0
192.7,128.147258,37.984373,4401.4183752,26.956,-32.651,322.725,1.0
192.8,128.147147,37.984495,4391.7860856,34.781,-33.749,322.194,1.0
192.9,128.147036,37.984616,4381.87338,42.67,-34.701,321.389,1.0
193.0,128.146924,37.984735,4371.7689552,47.971,-35.432,320.326,1.0
193.1,128.146812,37.984854,4361.559984,50.701,-36.014,319.192,1.0
193.2,128.146701,37.984974,4351.308036,51.112,-36.509,318.096,1.0
193.3,128.14659,37.985093,4341.0125016,49.531,-36.98,317.079,1.0
193.4,128.14648,37.985211,4330.6633224,46.276,-37.478,316.164,1.0
193.5,128.146371,37.985329,4320.2516592,41.632,-38.035,315.373,1.0
193.6,128.146261,37.985446,4309.7711112,35.842,-38.67,314.729,1.0
193.7,128.146152,37.985562,4299.2168016,29.099,-39.387,314.26,1.0
193.8,128.146043,37.985678,4288.571052,22.422,-40.213,314.07,1.0
193.9,128.145934,37.985792,4277.7412032,18.117,-41.167,314.222,1.0
194.0,128.145826,37.985904,4266.618136800001,16.268,-42.183,314.522,1.0
194.1,128.145718,37.986015,4255.1152896,16.713,-43.239,314.836,1.0
194.2,128.14561,37.986123,4243.225956,19.247,-44.307,315.069,1.0
194.3,128.145504,37.98623,4230.9601944,23.665,-45.367,315.138,1.0
194.4,128.145397,37.986334,4218.3445224,28.818,-46.363,314.894,1.0
194.5,128.145291,37.986437,4205.4783048,32.067,-47.226,314.285,1.0
194.6,128.145185,37.986538,4192.4654784,33.25,-47.994,313.548,1.0
194.7,128.14508,37.986639,4179.3849864,32.536,-48.701,312.813,1.0
194.8,128.144975,37.986739,4166.243229600001,30.172,-49.39,312.143,1.0
194.9,128.14487,37.986838,4153.0331976,26.393,-50.091,311.586,1.0
195.0,128.144766,37.986936,4139.734164,22.262,-50.855,311.276,1.0
195.1,128.144662,37.987033,4126.254384,20.169,-51.721,311.283,1.0
195.2,128.14456,37.987127,4112.489920800001,20.288,-52.644,311.368,1.0
195.3,128.144458,37.987219,4098.3615264,22.509,-53.607,311.384,1.0
195.4,128.144358,37.987309,4083.8835264,25.74,-54.545,311.128,1.0
195.5,128.144258,37.987396,4069.1543712000002,27.367,-55.386,310.511,1.0
195.6,128.144159,37.987482,4054.2776928000003,27.146,-56.166,309.796,1.0
195.7,128.14406,37.987567,4039.3342632,25.204,-56.906,309.125,1.0
195.8,128.143962,37.987652,4024.3332264,21.756,-57.641,308.569,1.0
195.9,128.143864,37.987735,4009.253856,17.864,-58.419,308.307,1.0
196.0,128.143768,37.987817,3994.0083696,15.978,-59.282,308.434,1.0
196.1,128.143673,37.987896,3978.4977072,16.339,-60.194,308.645,1.0
196.2,128.14358,37.987973,3962.646888,18.858,-61.146,308.759,1.0
196.3,128.143488,37.988047,3946.4556072000005,23.381,-62.11,308.643,1.0
196.4,128.143398,37.988119,3929.9528208,28.798,-63.019,308.054,1.0
196.5,128.14331,37.988188,3913.2308832,32.351,-63.797,306.909,1.0
196.6,128.143221,37.988256,3896.3848920000005,33.722,-64.489,305.586,1.0
196.7,128.143134,37.988323,3879.4873896000004,33.049,-65.128,304.282,1.0
196.8,128.143047,37.988389,3862.54752,30.594,-65.76,303.091,1.0
196.9,128.14296,37.988455,3845.5607112000002,26.614,-66.417,302.088,1.0
197.0,128.142875,37.988519,3828.5242200000002,21.322,-67.116,301.347,1.0
197.1,128.14279,37.988583,3811.4225016,15.707,-67.888,301.131,1.0
197.2,128.142707,37.988644,3794.1775272,12.243,-68.755,301.593,1.0
197.3,128.142626,37.988704,3776.702124,11.298,-69.672,302.282,1.0
197.4,128.142548,37.98876,3758.9295408000003,12.817,-70.631,302.921,1.0
197.5,128.142473,37.988815,3740.8585584,16.672,-71.61,303.288,1.0
197.6,128.1424,37.988866,3722.5022832,22.741,-72.589,303.168,1.0
197.7,128.142331,37.988914,3703.8738215999997,30.92,-73.537,302.352,1.0
197.8,128.142262,37.98896,3685.0003008000003,40.132,-74.356,300.449,1.0
197.9,128.142196,37.989003,3665.9594448,47.301,-74.941,297.436,1.0
198.0,128.142129,37.989044,3646.8292824000005,51.811,-75.37,294.058,1.0
198.1,128.142063,37.989086,3627.6707736000003,53.727,-75.708,290.696,1.0
198.2,128.141998,37.989126,3608.4933671999997,53.384,-76.031,287.485,1.0
198.3,128.141933,37.989166,3589.295844,51.161,-76.393,284.495,1.0
198.4,128.141869,37.989204,3570.0778992,47.412,-76.829,281.778,1.0
198.5,128.141806,37.989242,3550.8383136,42.415,-77.36,279.402,1.0
198.6,128.141744,37.989278,3531.5764776,36.348,-77.995,277.464,1.0
198.7,128.141682,37.989313,3512.2920864000002,29.487,-78.798,275.886,1.0
198.8,128.141622,37.989348,3492.9726432,22.617,-79.869,275.134,1.0
198.9,128.141563,37.989381,3473.5794384,17.014,-81.073,275.612,1.0
199.0,128.141506,37.989413,3454.1551440000003,10.814,-82.226,276.271,1.0
199.1,128.141449,37.989445,3434.7125616000003,2.754,-83.347,278.203,1.0
199.2,128.141394,37.989475,3415.2538248,-8.167,-84.412,282.497,1.0
199.3,128.14134,37.989506,3395.781372,-23.046,-85.272,290.332,1.0
199.4,128.141287,37.989535,3376.2964224,-41.909,-85.749,301.794,1.0
199.5,128.141235,37.989564,3356.7989760000005,-63.701,-85.841,315.857,1.0
199.6,128.141183,37.989593,3337.287204,-85.419,-85.5,329.505,1.0
199.7,128.141133,37.98962,3317.7592776,-104.206,-84.742,339.823,1.0
199.8,128.141082,37.989648,3298.2115392000005,-119.276,-83.658,345.981,1.0
199.9,128.141032,37.989674,3278.6397216,-131.367,-82.353,348.691,1.0
