Time,Longitude,Latitude,Altitude,Roll (deg),Pitch (deg),Yaw (deg),Health
0.0,128.18225,37.950162,8268.015772800001,0.664,0.121,90.074,1.0
0.1,128.182567,37.950162,8267.8959864,3.618,1.386,90.311,1.0
0.2,128.182884,37.950162,8267.703048,8.649,2.984,90.647,1.0
0.3,128.183201,37.950162,8267.5027944,15.426,5.037,91.208,1.0
0.4,128.183519,37.950161,8267.3558808,23.618,6.989,92.023,1.0
0.5,128.183837,37.95016,8267.2894344,32.946,7.814,92.719,1.0
0.6,128.184154,37.950158,8267.3086368,43.431,8.211,93.508,1.0
0.7,128.184472,37.950155,8267.4101352,55.128,8.767,94.878,1.0
0.8,128.18479,37.95015,8267.5853952,66.599,9.143,96.492,1.0
0.9,128.185107,37.950142,8267.832892800001,75.156,9.261,98.147,1.0
1.0,128.185424,37.950131,8268.1352544,81.264,9.102,99.831,1.0
1.1,128.18574,37.950116,8268.4647432,85.446,8.728,101.503,1.0
1.2,128.186055,37.950098,8268.78966,87.943,8.124,103.058,1.0
1.3,128.18637,37.950074,8269.0862304,89.037,7.385,104.473,1.0
1.4,128.186683,37.950047,8269.338604800001,88.918,6.602,105.942,1.0
1.5,128.186994,37.950016,8269.5406872,87.699,5.886,107.356,1.0
1.6,128.187304,37.94998,8269.6940016,85.485,5.36,108.682,1.0
1.7,128.187613,37.94994,8269.813178400002,82.359,5.113,109.919,1.0
1.8,128.18792,37.949896,8269.9299168,78.158,5.051,111.082,1.0
1.9,128.188225,37.949847,8270.0786592,72.791,5.106,112.187,1.0
2.0,128.188529,37.949793,8270.297200800002,67.474,5.246,113.254,1.0
2.1,128.188831,37.949736,8270.6007816,63.862,5.485,114.282,1.0
2.2,128.189131,37.949675,8271.025368,60.219,5.959,115.225,1.0
2.3,128.189429,37.949611,8271.5727888,58.46,6.484,116.154,1.0
2.4,128.189726,37.949544,8272.241215200002,57.422,7.028,117.056,1.0
2.5,128.190021,37.949474,8273.0160168,57.273,7.581,117.913,1.0
2.6,128.190315,37.949401,8273.9221872,56.416,8.203,118.679,1.0
2.7,128.190608,37.949325,8274.9505824,56.405,8.79,119.432,1.0
2.8,128.190899,37.949246,8276.126500800001,55.552,9.354,120.171,1.0
2.9,128.191188,37.949164,8277.435312,55.554,9.881,120.912,1.0
3.0,128.191476,37.94908,8278.900790400001,54.866,10.472,121.589,1.0
3.1,128.191762,37.948992,8280.5104392,54.907,10.96,122.329,1.0
3.2,128.192046,37.948902,8282.282851200001,54.243,11.496,123.027,1.0
3.3,128.192328,37.948809,8284.2037008,54.438,12.011,123.735,1.0
3.4,128.192608,37.948713,8286.2961528,53.827,12.518,124.446,1.0
3.5,128.192887,37.948615,8288.5400904,54.013,12.965,125.204,1.0
3.6,128.193162,37.948514,8290.9498392,53.534,13.49,125.917,1.0
3.7,128.193436,37.948411,8293.5113784,53.886,13.99,126.66,1.0
3.8,128.193707,37.948305,8296.2509208,53.431,14.478,127.404,1.0
3.9,128.193977,37.948197,8299.149568800001,53.794,14.926,128.177,1.0
4.0,128.194243,37.948086,8302.2265248,53.489,15.448,128.893,1.0
4.1,128.194508,37.947972,8305.4653296,53.959,15.92,129.65,1.0
4.2,128.19477,37.947857,8308.8842712,53.672,16.41,130.394,1.0
4.3,128.19503,37.947738,8312.4662808,54.179,16.866,131.169,1.0
4.4,128.195287,37.947618,8316.2259888,53.93,17.341,131.935,1.0
4.5,128.195541,37.947495,8320.128648,55.549,17.732,132.78,1.0
4.6,128.195794,37.94737,8324.1532272,58.394,18.075,133.643,1.0
4.7,128.196044,37.947243,8328.3256344,60.373,18.397,134.493,1.0
4.8,128.19629,37.947113,8332.6745208,60.308,18.78,135.312,1.0
4.9,128.196533,37.94698,8337.2303664,58.38,19.221,136.135,1.0
5.0,128.196771,37.946845,8342.003229599999,54.815,19.724,136.979,1.0
5.1,128.197006,37.946707,8347.00134,50.931,20.293,137.849,1.0
5.2,128.197236,37.946567,8352.204276,49.281,20.815,138.81,1.0
5.3,128.197464,37.946425,8357.580338400001,49.326,21.428,139.705,1.0
5.4,128.19769,37.946282,8363.1350136,49.583,22.102,140.523,1.0
5.5,128.197911,37.946137,8368.9021344,49.141,22.807,141.287,1.0
5.6,128.19813,37.94599,8374.863717600001,49.488,23.466,142.085,1.0
5.7,128.198346,37.945841,8381.042013600001,49.103,24.125,142.879,1.0
5.8,128.198558,37.945691,8387.4181248,49.459,24.714,143.74,1.0
5.9,128.198767,37.945539,8394.0234456,48.203,25.452,144.461,1.0
6.0,128.198971,37.945386,8400.9015624,46.277,26.183,145.212,1.0
6.1,128.199171,37.945231,8408.0366256,45.28,26.863,146.057,1.0
6.2,128.199368,37.945075,8415.453324,43.853,27.632,146.848,1.0
6.3,128.19956,37.944918,8423.131540800001,43.358,28.384,147.708,1.0
6.4,128.199749,37.944759,8431.090478400001,42.41,29.232,148.495,1.0
6.5,128.199933,37.9446,8439.3106296,42.391,30.092,149.311,1.0
6.6,128.200113,37.94444,8447.8175976,41.776,30.976,150.127,1.0
6.7,128.20029,37.94428,8456.5894368,42.009,31.83,151.01,1.0
6.8,128.200462,37.944118,8465.6547984,40.744,32.835,151.718,1.0
6.9,128.200629,37.943957,8475.029532,37.924,33.911,152.359,1.0
7.0,128.200793,37.943795,8484.714552000001,34.688,34.981,153.056,1.0
7.1,128.200952,37.943633,8494.6839504,32.678,36.073,153.755,1.0
7.2,128.201108,37.943471,8504.965464,30.45,37.244,154.348,1.0
7.3,128.20126,37.94331,8515.5411096,29.34,38.42,154.963,1.0
7.4,128.201408,37.943149,8526.4352712,27.932,39.656,155.467,1.0
7.5,128.201553,37.942989,8537.6220408,27.53,40.878,156.045,1.0
7.6,128.201694,37.942829,8549.1221448,26.755,42.141,156.548,1.0
7.7,128.201832,37.942671,8560.9108944,26.926,43.401,157.094,1.0
7.8,128.201965,37.942514,8573.0081016,26.647,44.659,157.613,1.0
7.9,128.202096,37.942358,8585.379019200001,27.209,45.846,158.262,1.0
8.0,128.202222,37.942203,8598.033096000001,27.341,47.034,158.813,1.0
8.1,128.202345,37.94205,8610.9584448,28.261,48.153,159.452,1.0
8.2,128.202464,37.941898,8624.168781600001,28.692,49.24,160.082,1.0
8.3,128.202579,37.941748,8637.6293592,29.859,50.274,160.81,1.0
8.4,128.20269,37.941599,8651.348712,30.513,51.286,161.543,1.0
8.5,128.202798,37.941452,8665.307332800001,31.84,52.246,162.375,1.0
8.6,128.202901,37.941307,8679.514670400002,32.625,53.187,163.219,1.0
8.7,128.203001,37.941163,8693.942378400001,34.035,54.091,164.146,1.0
8.8,128.203098,37.941021,8708.599296,34.876,54.992,165.068,1.0
8.9,128.20319,37.94088,8723.455248,36.283,55.851,166.103,1.0
9.0,128.203278,37.940741,8738.5071864,37.1,56.708,167.153,1.0
9.1,128.203363,37.940604,8753.714877600001,38.453,57.537,168.3,1.0
9.2,128.203444,37.94047,8769.0972192,38.428,58.415,169.33,1.0
9.3,128.20352,37.940337,8784.669756000001,37.06,59.287,170.353,1.0
9.4,128.203593,37.940206,8800.427916,34.547,60.16,171.371,1.0
9.5,128.203662,37.940077,8816.367432000001,31.111,61.097,172.219,1.0
9.6,128.203728,37.939951,8832.4815984,27.751,62.044,173.074,1.0
9.7,128.203791,37.939827,8848.747555200001,25.752,62.971,174.071,1.0
9.8,128.203852,37.939706,8865.175056,24.063,63.944,174.917,1.0
9.9,128.203909,37.939587,8881.7433744,23.782,64.94,175.723,1.0
10.0,128.203965,37.93947,8898.458606400001,23.785,65.964,176.409,1.0
10.1,128.204018,37.939356,8915.3049024,25.102,66.973,177.171,1.0
10.2,128.204069,37.939245,8932.287444,26.572,67.966,177.959,1.0
10.3,128.204117,37.939136,8949.3839808,29.176,68.906,178.984,1.0
10.4,128.204163,37.93903,8966.5902456,31.711,69.825,180.055,1.0
10.5,128.204206,37.938926,8983.8788064,35.089,70.695,181.341,1.0
10.6,128.204247,37.938826,9001.260636,37.49,71.529,182.752,1.0
10.7,128.204285,37.938728,9018.7055592,38.888,72.345,184.303,1.0
10.8,128.20432,37.938632,9036.2010792,39.328,73.177,185.898,1.0
10.9,128.204352,37.93854,9053.7569496,38.953,73.999,187.614,1.0
11.0,128.204382,37.93845,9071.3896296,37.94,74.79,189.511,1.0
11.1,128.20441,37.938363,9089.0860128,37.138,75.57,191.576,1.0
11.2,128.204436,37.938279,9106.8305544,37.598,76.352,193.796,1.0
11.3,128.20446,37.938197,9124.6263024,38.381,77.163,196.011,1.0
11.4,128.204482,37.938118,9142.4604552,40.496,77.965,198.456,1.0
11.5,128.204502,37.938041,9160.322040000001,42.985,78.773,201.054,1.0
11.6,128.204521,37.937968,9178.1900256,46.855,79.534,204.144,1.0
11.7,128.204538,37.937896,9196.086662400001,50.444,80.265,207.522,1.0
11.8,128.204553,37.937828,9214.009512,53.785,80.959,211.297,1.0
11.9,128.204566,37.937763,9231.9497352,57.077,81.6,215.659,1.0
12.0,128.204578,37.937701,9249.9082464,60.418,82.209,220.594,1.0
12.1,128.204588,37.937641,9267.8765112,64.059,82.77,226.28,1.0
12.2,128.204597,37.937584,9285.8344128,68.827,83.274,232.874,1.0
12.3,128.204604,37.93753,9303.7664064,75.68,83.701,240.479,1.0
12.4,128.204611,37.937478,9321.6868176,83.621,84.011,248.93,1.0
12.5,128.204616,37.937429,9339.591379200001,93.048,84.153,257.963,1.0
12.6,128.204621,37.937382,9357.4779576,102.679,84.162,267.076,1.0
12.7,128.204624,37.937338,9375.338323200001,112.635,84.011,275.794,1.0
12.8,128.204626,37.937297,9393.1593696,121.654,83.719,283.704,1.0
12.9,128.204627,37.937258,9410.912140800001,130.162,83.299,290.63,1.0
13.0,128.204626,37.937221,9428.587797600001,137.127,82.819,296.782,1.0
13.1,128.204625,37.937188,9446.1775008,142.321,82.266,302.047,1.0
13.2,128.204622,37.937156,9463.6748496,145.6,81.63,306.303,1.0
13.3,128.204618,37.937127,9481.076491200001,147.333,80.94,309.799,1.0
13.4,128.204613,37.937101,9498.397360800001,148.283,80.218,312.694,1.0
13.5,128.204608,37.937076,9515.6627568,149.303,79.481,315.078,1.0
13.6,128.204601,37.937054,9532.8635352,149.872,78.761,317.371,1.0
13.7,128.204594,37.937035,9549.9789696,150.631,78.056,319.7,1.0
13.8,128.204586,37.937017,9567.004488,152.143,77.347,321.971,1.0
13.9,128.204577,37.937002,9583.9446624,153.783,76.646,324.186,1.0
14.0,128.204568,37.936988,9600.77328,156.089,75.938,326.333,1.0
14.1,128.204558,37.936977,9617.4997896,158.211,75.252,328.572,1.0
14.2,128.204548,37.936967,9634.1436984,160.146,74.57,330.645,1.0
14.3,128.204537,37.93696,9650.702568,162.321,73.879,332.47,1.0
14.4,128.204526,37.936955,9667.1614632,163.853,73.184,334.158,1.0
14.5,128.204514,37.936951,9683.5106304,164.701,72.484,335.716,1.0
14.6,128.204501,37.93695,9699.7333056,164.922,71.774,337.172,1.0
14.7,128.204489,37.93695,9715.8249168,164.625,71.059,338.571,1.0
14.8,128.204476,37.936953,9731.7836352,163.903,70.344,339.936,1.0
14.9,128.204463,37.936957,9747.6051936,162.867,69.635,341.294,1.0
15.0,128.204449,37.936963,9763.2944688,161.938,68.933,342.637,1.0
15.1,128.204436,37.936971,9778.8715776,161.614,68.24,343.924,1.0
15.2,128.204423,37.93698,9794.3285952,161.493,67.562,345.215,1.0
15.3,128.204409,37.936991,9809.654244,162.068,66.891,346.532,1.0
15.4,128.204396,37.937004,9824.854924800002,162.832,66.233,347.876,1.0
15.5,128.204383,37.937018,9839.941610400001,164.049,65.579,349.15,1.0
15.6,128.20437,37.937034,9854.9075952,165.292,64.935,350.414,1.0
15.7,128.204357,37.937052,9869.7370296,166.918,64.285,351.659,1.0
15.8,128.204345,37.937071,9884.4283896,168.334,63.642,352.83,1.0
15.9,128.204332,37.937092,9898.972836,169.864,63.009,353.902,1.0
16.0,128.204319,37.937114,9913.3627488,170.835,62.359,354.951,1.0
16.1,128.204307,37.937137,9927.5969088,171.351,61.688,355.887,1.0
16.2,128.204295,37.937162,9941.6923848,171.805,61.004,356.696,1.0
16.3,128.204283,37.937188,9955.6638072,171.622,60.325,357.454,1.0
16.4,128.204272,37.937216,9969.4965456,170.97,59.641,358.095,1.0
16.5,128.20426,37.937245,9983.174750400001,170.243,58.938,358.595,1.0
16.6,128.204249,37.937276,9996.700555200001,169.158,58.227,359.0,1.0
16.7,128.204238,37.937308,10010.09682,168.143,57.52,359.321,1.0
16.8,128.204228,37.937341,10023.365373600001,166.952,56.824,359.611,1.0
16.9,128.204218,37.937375,10036.4958528,166.004,56.13,359.884,1.0
17.0,128.204208,37.937411,10049.481552,165.02,55.438,0.172,1.0
17.1,128.204199,37.937447,10062.326738400001,164.392,54.75,0.483,1.0
17.2,128.20419,37.937485,10075.021353600001,163.757,54.06,0.802,1.0
17.3,128.204181,37.937524,10087.575456,163.428,53.392,1.096,1.0
17.4,128.204173,37.937565,10100.000628,163.097,52.817,1.366,1.0
17.5,128.204165,37.937606,10112.286811200001,163.307,52.217,1.637,1.0
17.6,128.204158,37.937648,10124.4276048,163.797,51.582,1.927,1.0
17.7,128.204151,37.937691,10136.4178272,164.254,50.938,2.225,1.0
17.8,128.204144,37.937735,10148.260831200001,164.919,50.358,2.48,1.0
17.9,128.204138,37.937779,10159.9520448,165.472,50.006,2.665,1.0
18.0,128.204132,37.937824,10171.5024408,166.186,49.788,2.8,1.0
18.1,128.204126,37.93787,10182.9208584,166.69,49.772,2.846,1.0
18.2,128.204121,37.937917,10194.2200992,167.298,49.78,2.861,1.0
18.3,128.204116,37.937965,10205.3971152,167.782,49.607,2.939,1.0
18.4,128.204111,37.938013,10216.448858400001,168.365,49.28,3.033,1.0
18.5,128.204106,37.938062,10227.368013600002,168.731,48.92,3.12,1.0
18.6,128.204102,37.938112,10238.1539712,169.171,48.414,3.214,1.0
18.7,128.204097,37.938162,10248.8061216,169.432,47.779,3.34,1.0
18.8,128.204093,37.938213,10259.3235504,169.787,47.036,3.483,1.0
18.9,128.20409,37.938265,10269.7114392,169.758,46.236,3.642,1.0
19.0,128.204086,37.938318,10279.9618632,169.523,45.425,3.799,1.0
19.1,128.204083,37.938371,10290.0611064,169.348,44.55,3.938,1.0
19.2,128.20408,37.938425,10300.0100832,169.029,43.632,4.094,1.0
19.3,128.204077,37.938479,10309.8246432,168.836,42.693,4.259,1.0
19.4,128.204075,37.938535,10319.4956424,168.341,41.76,4.436,1.0
19.5,128.204073,37.938591,10329.007536000001,167.737,40.861,4.625,1.0
19.6,128.204071,37.938648,10338.3652008,167.29,39.984,4.817,1.0
19.7,128.20407,37.938705,10347.5741232,166.749,39.134,5.006,1.0
19.8,128.204068,37.938763,10356.6519816,166.349,38.285,5.189,1.0
19.9,128.204067,37.938822,10365.59268,165.727,37.455,5.382,1.0
20.0,128.204067,37.938882,10374.3904272,165.039,36.659,5.576,1.0
20.1,128.204067,37.938943,10383.044308800001,164.549,35.856,5.782,1.0
20.2,128.204067,37.939004,10391.545485600001,164.076,35.049,6.027,1.0
20.3,128.204067,37.939065,10399.8951768,163.962,34.245,6.284,1.0
20.4,128.204068,37.939127,10408.100392800001,164.039,33.476,6.539,1.0
20.5,128.204069,37.939189,10416.165095999999,164.053,32.731,6.786,1.0
20.6,128.20407,37.939252,10424.1057456,164.189,31.998,7.018,1.0
20.7,128.204072,37.939316,10431.9174648,164.253,31.296,7.243,1.0
20.8,128.204074,37.93938,10439.599948800002,164.447,30.589,7.471,1.0
20.9,128.204076,37.939445,10447.1452728,164.543,29.881,7.692,1.0
21.0,128.204078,37.93951,10454.558313600002,164.72,29.19,7.892,1.0
21.1,128.204081,37.939576,10461.8290128,164.799,28.484,8.096,1.0
21.2,128.204084,37.939642,10468.959504000002,164.972,27.759,8.304,1.0
21.3,128.204087,37.939709,10475.951616,165.023,27.023,8.507,1.0
21.4,128.204091,37.939776,10482.816626400001,165.251,26.278,8.696,1.0
21.5,128.204094,37.939844,10489.5597168,165.518,25.543,8.881,1.0
21.6,128.204098,37.939912,10496.168695200002,165.637,24.826,9.052,1.0
21.7,128.204103,37.93998,10502.650572,165.891,24.105,9.201,1.0
21.8,128.204107,37.940049,10509.015100800001,166.254,23.404,9.324,1.0
21.9,128.204112,37.940118,10515.2613672,166.759,22.693,9.43,1.0
22.0,128.204117,37.940188,10521.3814464,167.278,21.978,9.527,1.0
22.1,128.204122,37.940258,10527.369547200002,167.622,21.274,9.617,1.0
22.2,128.204127,37.940329,10533.2335944,168.082,20.557,9.7,1.0
22.3,128.204133,37.940399,10538.9760264,168.519,19.837,9.765,1.0
22.4,128.204139,37.940471,10544.5941,168.753,19.137,9.814,1.0
22.5,128.204145,37.940543,10550.089644,168.952,18.424,9.849,1.0
22.6,128.204151,37.940615,10555.4553432,168.959,17.694,9.88,1.0
22.7,128.204157,37.940687,10560.6969888,169.054,16.946,9.895,1.0
22.8,128.204164,37.94076,10565.813666400001,169.142,16.183,9.906,1.0
22.9,128.204171,37.940834,10570.7980608,169.071,15.408,9.926,1.0
23.0,128.204178,37.940907,10575.6587064,169.095,14.631,9.932,1.0
23.1,128.204185,37.940981,10580.3980416,169.222,13.872,9.92,1.0
23.2,128.204192,37.941056,10585.0142376,169.455,13.1,9.898,1.0
23.3,128.2042,37.941131,10589.507904000002,169.689,12.333,9.871,1.0
23.4,128.204207,37.941206,10593.8723352,169.77,11.596,9.851,1.0
23.5,128.204215,37.941282,10598.1111888,169.948,10.868,9.816,1.0
23.6,128.204223,37.941358,10602.225684000001,170.233,10.119,9.773,1.0
23.7,128.204232,37.941434,10606.215820800002,170.629,9.35,9.726,1.0
23.8,128.20424,37.941511,10610.08038,171.032,8.579,9.683,1.0
23.9,128.204249,37.941588,10613.8135704,171.262,7.828,9.636,1.0
24.0,128.204258,37.941666,10617.4211832,171.588,7.087,9.578,1.0
24.1,128.204266,37.941744,10620.902304000001,171.954,6.324,9.526,1.0
24.2,128.204276,37.941822,10624.251446400001,172.232,5.543,9.479,1.0
24.3,128.204285,37.941901,10627.473792,172.606,4.752,9.422,1.0
24.4,128.204294,37.941981,10630.569340800002,173.074,3.97,9.357,1.0
24.5,128.204304,37.94206,10633.5353496,173.603,3.177,9.283,1.0
24.6,128.204314,37.942141,10636.3733424,174.174,2.401,9.201,1.0
24.7,128.204324,37.942221,10639.076613600002,174.682,1.627,9.11,1.0
24.8,128.204334,37.942302,10641.6503448,175.278,0.827,9.008,1.0
24.9,128.204344,37.942384,10644.0942312,175.937,0.019,8.9,1.0
25.0,128.204354,37.942466,10646.4027864,176.594,-0.713,8.782,1.0
25.1,128.204365,37.942548,10648.5808872,177.347,-1.446,8.656,1.0
25.2,128.204375,37.942631,10650.6282288,178.178,-2.174,8.523,1.0
25.3,128.204386,37.942714,10652.5426776,179.052,-2.885,8.381,1.0
25.4,128.204397,37.942798,10654.327586399999,-179.986,-3.551,8.228,1.0
25.5,128.204407,37.942882,10655.980821600002,-178.962,-4.22,8.064,1.0
25.6,128.204418,37.942966,10657.4999448,-177.91,-4.898,7.89,1.0
25.7,128.204429,37.943051,10658.8870896,-176.826,-5.587,7.703,1.0
25.8,128.204441,37.943136,10660.136464800002,-175.777,-6.29,7.505,1.0
25.9,128.204452,37.943222,10661.253252,-174.654,-7.013,7.289,1.0
26.0,128.204463,37.943308,10662.236536800001,-173.501,-7.777,7.054,1.0
26.1,128.204474,37.943394,10663.0768704,-172.454,-8.548,6.809,1.0
26.2,128.204485,37.943481,10663.7681568,-171.523,-9.323,6.555,1.0
26.3,128.204497,37.943568,10664.318320800001,-170.563,-10.103,6.284,1.0
26.4,128.204508,37.943655,10664.732544,-169.557,-10.897,5.994,1.0
26.5,128.204519,37.943743,10665.0044256,-168.59,-11.728,5.684,1.0
26.6,128.20453,37.943831,10665.1367088,-167.579,-12.557,5.359,1.0
26.7,128.204542,37.94392,10665.1309176,-166.562,-13.382,5.019,1.0
26.8,128.204553,37.944009,10664.9812608,-165.676,-14.185,4.68,1.0
26.9,128.204564,37.944098,10664.6920056,-164.708,-14.898,4.346,1.0
27.0,128.204575,37.944187,10664.2579704,-163.721,-15.605,4.001,1.0
27.1,128.204586,37.944277,10663.6754976,-162.727,-16.323,3.642,1.0
27.2,128.204597,37.944367,10662.9497688,-161.651,-17.049,3.265,1.0
27.3,128.204608,37.944458,10662.075602400002,-160.557,-17.795,2.869,1.0
27.4,128.204619,37.944549,10661.0572656,-159.368,-18.593,2.437,1.0
27.5,128.204629,37.94464,10659.887748000001,-158.232,-19.429,1.981,1.0
27.6,128.20464,37.944731,10658.5579056,-157.248,-20.262,1.521,1.0
27.7,128.20465,37.944823,10657.064995200002,-156.442,-21.092,1.06,1.0
27.8,128.20466,37.944914,10655.409321600002,-155.795,-21.928,0.594,1.0
27.9,128.204669,37.945006,10653.5841792,-155.301,-22.793,0.113,1.0
28.0,128.204679,37.945098,10651.5962736,-154.631,-23.641,359.62,1.0
28.1,128.204688,37.945191,10649.4520056,-153.874,-24.473,359.124,1.0
28.2,128.204697,37.945283,10647.1449744,-153.17,-25.306,358.623,1.0
28.3,128.204705,37.945376,10644.6727416,-152.507,-26.16,358.108,1.0
28.4,128.204714,37.945469,10642.035612000001,-151.803,-27.008,357.587,1.0
28.5,128.204722,37.945562,10639.240596,-150.958,-27.869,357.044,1.0
28.6,128.204729,37.945656,10636.282512000002,-150.23,-28.692,356.524,1.0
28.7,128.204737,37.945749,10633.1586168,-149.482,-29.409,356.064,1.0
28.8,128.204744,37.945843,10629.873177599999,-148.528,-30.102,355.604,1.0
28.9,128.20475,37.945936,10626.427413600002,-147.539,-30.772,355.151,1.0
29.0,128.204757,37.94603,10622.8262016,-146.629,-31.349,354.765,1.0
29.1,128.204763,37.946123,10619.0667984,-145.81,-31.816,354.464,1.0
29.2,128.204768,37.946217,10615.141584,-145.187,-32.11,354.299,1.0
29.3,128.204773,37.946311,10611.050558400002,-144.81,-32.346,354.196,1.0
29.4,128.204778,37.946404,10606.805304000001,-144.546,-32.554,354.127,1.0
29.5,128.204782,37.946498,10602.3988104,-144.407,-32.736,354.09,1.0
29.6,128.204786,37.946591,10597.832906399999,-144.139,-32.894,354.069,1.0
29.7,128.204789,37.946685,10593.101191200001,-143.964,-33.059,354.058,1.0
29.8,128.204792,37.946779,10588.2103704,-143.6,-33.311,353.968,1.0
29.9,128.204794,37.946872,10583.1616632,-143.32,-33.587,353.871,1.0
30.0,128.204797,37.946966,10577.959031999999,-142.773,-33.983,353.661,1.0
30.1,128.204798,37.94706,10572.5988192,-142.206,-34.497,353.346,1.0
30.2,128.2048,37.947153,10567.081939200001,-141.534,-35.097,352.929,1.0
30.3,128.2048,37.947247,10561.403210400002,-140.963,-35.786,352.441,1.0
30.4,128.204801,37.947341,10555.562328,-140.495,-36.567,351.873,1.0
30.5,128.204801,37.947434,10549.5617304,-140.009,-37.456,351.178,1.0
30.6,128.2048,37.947528,10543.3968456,-139.539,-38.428,350.368,1.0
30.7,128.204799,37.947621,10537.066454400001,-138.799,-39.446,349.478,1.0
30.8,128.204797,37.947715,10530.5598888,-138.302,-40.463,348.593,1.0
30.9,128.204794,37.947808,10523.873796,-137.859,-41.465,347.711,1.0
31.0,128.204791,37.947901,10517.011528800002,-137.161,-42.438,346.821,1.0
31.1,128.204787,37.947994,10509.9685152,-136.518,-43.369,345.97,1.0
31.2,128.204783,37.948086,10502.757252,-135.606,-44.169,345.24,1.0
31.3,128.204778,37.948179,10495.3832256,-134.7,-44.955,344.511,1.0
31.4,128.204772,37.948271,10487.831196,-133.832,-45.717,343.795,1.0
31.5,128.204765,37.948363,10480.111831200002,-132.688,-46.347,343.214,1.0
31.6,128.204758,37.948454,10472.236713600001,-131.504,-46.877,342.753,1.0
31.7,128.204751,37.948545,10464.1982232,-130.444,-47.386,342.311,1.0
31.8,128.204742,37.948636,10455.9844728,-129.543,-47.931,341.774,1.0
31.9,128.204733,37.948727,10447.600339200002,-128.559,-48.469,341.159,1.0
32.0,128.204723,37.948817,10439.047041599999,-127.867,-48.951,340.645,1.0
32.1,128.204712,37.948907,10430.3285424,-127.226,-49.481,340.016,1.0
32.2,128.204701,37.948996,10421.439964800002,-126.41,-49.961,339.424,1.0
32.3,128.204689,37.949085,10412.3806992,-125.696,-50.445,338.787,1.0
32.4,128.204676,37.949174,10403.164156800001,-124.66,-50.807,338.286,1.0
32.5,128.204662,37.949262,10393.78668,-123.488,-51.01,338.076,1.0
32.6,128.204647,37.94935,10384.244916,-122.389,-51.191,337.872,1.0
32.7,128.204632,37.949438,10374.542522400001,-121.743,-51.386,337.677,1.0
32.8,128.204616,37.949525,10364.6840712,-121.124,-51.666,337.292,1.0
32.9,128.204599,37.949611,10354.671391200001,-120.289,-51.939,336.893,1.0
33.0,128.204581,37.949697,10344.5084448,-119.618,-52.288,336.324,1.0
33.1,128.204563,37.949783,10334.196756000001,-119.091,-52.63,335.777,1.0
33.2,128.204543,37.949868,10323.732972,-118.787,-53.074,334.979,1.0
33.3,128.204523,37.949952,10313.1192264,-118.435,-53.588,333.946,1.0
33.4,128.204502,37.950036,10302.3469848,-117.614,-54.146,332.683,1.0
33.5,128.20448,37.95012,10291.4055792,-116.659,-54.768,331.128,1.0
33.6,128.204456,37.950203,10280.2956192,-115.207,-55.397,329.308,1.0
33.7,128.204432,37.950285,10269.0238104,-113.736,-56.024,327.374,1.0
33.8,128.204407,37.950366,10257.6093552,-112.062,-56.524,325.791,1.0
33.9,128.204381,37.950447,10246.047376800001,-110.941,-56.884,324.836,1.0
34.0,128.204354,37.950527,10234.328121600001,-110.014,-57.226,323.991,1.0
34.1,128.204326,37.950607,10222.459209600001,-108.531,-57.602,322.861,1.0
34.2,128.204297,37.950685,10210.429668,-106.903,-58.016,321.401,1.0
34.3,128.204267,37.950763,10198.252908,-104.791,-58.39,319.778,1.0
34.4,128.204236,37.95084,10185.9356352,-102.972,-58.752,318.177,1.0
34.5,128.204204,37.950916,10173.475716,-101.688,-59.103,316.627,1.0
34.6,128.20417,37.950992,10160.8749792,-101.369,-59.395,315.639,1.0
34.7,128.204136,37.951066,10148.136777599999,-101.213,-59.674,314.697,1.0
34.8,128.2041,37.951139,10135.2547104,-100.33,-59.961,313.343,1.0
34.9,128.204063,37.951211,10122.2232912,-99.738,-60.261,311.845,1.0
35.0,128.204025,37.951282,10109.055931200002,-99.102,-60.568,310.234,1.0
35.1,128.203985,37.951352,10095.746839200001,-98.015,-60.851,308.646,1.0
35.2,128.203945,37.951421,10082.291138400002,-97.489,-61.093,307.689,1.0
35.3,128.203903,37.951488,10068.6909624,-96.761,-61.296,307.012,1.0
35.4,128.203861,37.951555,10054.9505784,-96.151,-61.548,306.016,1.0
35.5,128.203817,37.951621,10041.0611472,-95.795,-61.83,304.821,1.0
35.6,128.203771,37.951685,10027.03608,-96.303,-62.105,304.14,1.0
35.7,128.203725,37.951748,10012.8784248,-96.743,-62.388,303.371,1.0
35.8,128.203678,37.95181,9998.585438400001,-96.184,-62.678,302.092,1.0
35.9,128.20363,37.951871,9984.1647408,-95.935,-62.993,300.761,1.0
36.0,128.203581,37.951931,9969.6138936,-95.345,-63.322,299.057,1.0
36.1,128.203531,37.951989,9954.9210096,-93.791,-63.621,296.905,1.0
36.2,128.203479,37.952046,9940.0876128,-92.269,-63.899,294.344,1.0
36.3,128.203427,37.952101,9925.1313816,-90.464,-64.146,291.501,1.0
36.4,128.203374,37.952155,9910.0474392,-87.49,-64.306,288.516,1.0
36.5,128.20332,37.952208,9894.8318232,-83.901,-64.378,285.517,1.0
36.6,128.203265,37.952259,9879.4952016,-80.844,-64.443,282.643,1.0
36.7,128.203209,37.952309,9864.041536800001,-78.547,-64.476,280.034,1.0
36.8,128.203152,37.952357,9848.464123200001,-76.47,-64.42,277.51,1.0
36.9,128.203093,37.952403,9832.7714952,-74.002,-64.274,275.097,1.0
37.0,128.203034,37.952447,9816.980112,-72.088,-64.11,272.77,1.0
37.1,128.202974,37.952489,9801.0902784,-70.718,-63.965,270.551,1.0
37.2,128.202912,37.95253,9785.094679200001,-69.916,-63.83,268.485,1.0
37.3,128.202849,37.952568,9769.0006296,-69.532,-63.679,266.454,1.0
37.4,128.202786,37.952604,9752.8191024,-69.384,-63.55,264.409,1.0
37.5,128.202721,37.952638,9736.552840800001,-69.423,-63.43,262.358,1.0
37.6,128.202656,37.95267,9720.2048928,-69.593,-63.306,260.311,1.0
37.7,128.20259,37.952699,9703.778001600002,-69.697,-63.227,258.222,1.0
37.8,128.202524,37.952727,9687.2727768,-69.276,-63.153,256.112,1.0
37.9,128.202456,37.952753,9670.684646400001,-67.774,-63.027,254.04,1.0
38.0,128.202389,37.952776,9654.015744,-65.837,-62.882,251.999,1.0
38.1,128.202321,37.952797,9637.2611928,-62.955,-62.696,250.029,1.0
38.2,128.202252,37.952816,9620.420688,-59.913,-62.478,248.147,1.0
38.3,128.202183,37.952833,9603.504288,-56.202,-62.216,246.358,1.0
38.4,128.202113,37.952847,9586.5153456,-53.002,-61.96,244.611,1.0
38.5,128.202043,37.95286,9569.4770256,-50.114,-61.65,242.959,1.0
38.6,128.201972,37.95287,9552.3917664,-47.066,-61.248,241.468,1.0
38.7,128.2019,37.952877,9535.2714552,-44.955,-60.806,240.06,1.0
38.8,128.201827,37.952883,9518.117006400002,-43.956,-60.299,238.798,1.0
38.9,128.201754,37.952886,9500.917142400001,-43.868,-59.767,237.609,1.0
39.0,128.20168,37.952886,9483.676435200001,-44.405,-59.255,236.389,1.0
39.1,128.201605,37.952884,9466.4171352,-45.458,-58.748,235.131,1.0
39.2,128.20153,37.95288,9449.134060800001,-46.892,-58.249,233.846,1.0
39.3,128.201455,37.952873,9431.824468800001,-48.478,-57.785,232.491,1.0
39.4,128.201379,37.952864,9414.495369600001,-49.631,-57.324,231.104,1.0
39.5,128.201303,37.952853,9397.1428008,-49.478,-56.879,229.663,1.0
39.6,128.201227,37.952839,9379.774077600001,-49.293,-56.453,228.183,1.0
39.7,128.201151,37.952823,9362.3928576,-49.14,-56.036,226.689,1.0
39.8,128.201075,37.952805,9345.0021888,-48.945,-55.644,225.159,1.0
39.9,128.201,37.952783,9327.6039,-48.674,-55.28,223.584,1.0
40.0,128.200924,37.95276,9310.1989056,-48.431,-54.908,222.021,1.0
40.1,128.200849,37.952734,9292.7902536,-48.168,-54.542,220.452,1.0
40.2,128.200774,37.952705,9275.379468000001,-47.857,-54.19,218.864,1.0
40.3,128.2007,37.952674,9257.963196,-47.601,-53.821,217.308,1.0
40.4,128.200626,37.95264,9240.541132800001,-47.386,-53.442,215.779,1.0
40.5,128.200553,37.952604,9223.109316,-46.711,-53.032,214.308,1.0
40.6,128.20048,37.952566,9205.6415328,-44.864,-52.589,212.921,1.0
40.7,128.200408,37.952524,9188.1612528,-43.132,-52.173,211.519,1.0
40.8,128.200337,37.952481,9170.7007848,-41.807,-51.719,210.177,1.0
40.9,128.200266,37.952434,9153.264396,-40.943,-51.224,208.907,1.0
41.0,128.200196,37.952386,9135.858182400001,-40.458,-50.719,207.664,1.0
41.1,128.200127,37.952334,9118.4803152,-40.248,-50.231,206.401,1.0
41.2,128.200059,37.952281,9101.1140304,-40.359,-49.75,205.155,1.0
41.3,128.199991,37.952224,9083.748355200001,-40.824,-49.258,203.958,1.0
41.4,128.199924,37.952165,9066.4061496,-41.469,-48.776,202.731,1.0
41.5,128.199859,37.952103,9049.1044824,-42.21,-48.3,201.455,1.0
41.6,128.199795,37.952039,9031.8424392,-43.1,-47.806,200.187,1.0
41.7,128.199732,37.951973,9014.623068,-44.031,-47.31,198.909,1.0
41.8,128.199671,37.951904,8997.4488072,-44.868,-46.838,197.586,1.0
41.9,128.199611,37.951833,8980.3169136,-44.992,-46.379,196.237,1.0
42.0,128.199553,37.95176,8963.205136800001,-43.714,-45.889,194.947,1.0
42.1,128.199497,37.951684,8946.104028,-42.436,-45.457,193.627,1.0
42.2,128.199442,37.951605,8929.0209024,-41.431,-45.027,192.341,1.0
42.3,128.199388,37.951524,8911.9609416,-40.854,-44.562,191.13,1.0
42.4,128.199337,37.951441,8894.928108,-40.686,-44.068,189.971,1.0
42.5,128.199287,37.951355,8877.9266688,-40.877,-43.555,188.837,1.0
42.6,128.19924,37.951266,8860.9602816,-41.369,-43.032,187.71,1.0
42.7,128.199194,37.951175,8844.033823200001,-42.092,-42.505,186.574,1.0
42.8,128.199151,37.951081,8827.155523200001,-42.93,-41.995,185.391,1.0
42.9,128.19911,37.950985,8810.330563200001,-43.804,-41.512,184.141,1.0
43.0,128.199071,37.950887,8793.568392000001,-44.799,-41.014,182.884,1.0
43.1,128.199035,37.950786,8776.8781536,-45.822,-40.513,181.597,1.0
43.2,128.199002,37.950683,8760.2409504,-46.826,-40.033,180.284,1.0
43.3,128.198971,37.950578,8743.6552584,-47.166,-39.539,178.978,1.0
43.4,128.198944,37.950471,8727.1171152,-45.937,-39.011,177.697,1.0
43.5,128.19892,37.950362,8710.6655352,-44.764,-38.527,176.354,1.0
43.6,128.198898,37.950251,8694.312710400001,-43.921,-38.032,175.027,1.0
43.7,128.19888,37.950137,8678.0470584,-43.442,-37.544,173.72,1.0
43.8,128.198866,37.950022,8661.8792472,-43.446,-37.019,172.468,1.0
43.9,128.198855,37.949904,8645.815068,-43.835,-36.482,171.225,1.0
44.0,128.198847,37.949785,8629.851472800001,-44.488,-35.97,169.944,1.0
44.1,128.198844,37.949663,8613.9921192,-45.424,-35.461,168.641,1.0
44.2,128.198844,37.94954,8598.2367024,-46.666,-34.93,167.349,1.0
44.3,128.198847,37.949415,8582.5800408,-48.096,-34.404,166.041,1.0
44.4,128.198855,37.949289,8567.015733600001,-48.954,-33.855,164.742,1.0
44.5,128.198866,37.949161,8551.5270168,-48.256,-33.253,163.486,1.0
44.6,128.198881,37.949032,8536.1349216,-47.067,-32.657,162.242,1.0
44.7,128.1989,37.948902,8520.8312184,-44.608,-32.013,161.084,1.0
44.8,128.198923,37.948771,8505.657360000001,-42.722,-31.393,159.947,1.0
44.9,128.19895,37.948638,8490.6285864,-41.599,-30.771,158.855,1.0
45.0,128.198981,37.948504,8475.750384,-41.2,-30.157,157.778,1.0
45.1,128.199016,37.948369,8461.027020000001,-41.466,-29.556,156.688,1.0
45.2,128.199055,37.948233,8446.460628,-42.402,-28.944,155.608,1.0
45.3,128.199098,37.948095,8432.0426736,-43.165,-28.308,154.542,1.0
45.4,128.199145,37.947957,8417.754564,-42.758,-27.591,153.555,1.0
45.5,128.199196,37.947818,8403.632570400001,-42.165,-26.868,152.572,1.0
45.6,128.199251,37.947679,8389.6587096,-40.481,-26.107,151.655,1.0
45.7,128.19931,37.947539,8375.8634616,-39.513,-25.396,150.724,1.0
45.8,128.199373,37.947398,8362.2681624,-39.329,-24.719,149.773,1.0
45.9,128.199439,37.947257,8348.869764000001,-39.142,-24.044,148.816,1.0
46.0,128.19951,37.947115,8335.6344336,-38.009,-23.318,147.936,1.0
46.1,128.199585,37.946973,8322.5926512,-37.078,-22.562,147.115,1.0
46.2,128.199663,37.94683,8309.73192,-35.393,-21.748,146.387,1.0
46.3,128.199745,37.946687,8297.0970456,-34.686,-20.968,145.625,1.0
46.4,128.199831,37.946543,8284.6996104,-35.048,-20.198,144.862,1.0
46.5,128.199922,37.946399,8272.541748,-36.375,-19.428,144.092,1.0
46.6,128.200016,37.946254,8260.6121808,-37.712,-18.648,143.316,1.0
46.7,128.200114,37.94611,8248.879514400001,-37.792,-17.872,142.511,1.0
46.8,128.200215,37.945965,8237.3730096,-37.76,-17.12,141.666,1.0
46.9,128.20032,37.945821,8226.073464000001,-36.776,-16.303,140.907,1.0
47.0,128.200429,37.945677,8215.024464,-36.615,-15.528,140.109,1.0
47.1,128.200541,37.945533,8204.233020000001,-36.602,-14.734,139.337,1.0
47.2,128.200657,37.945389,8193.6674328,-35.565,-13.92,138.597,1.0
47.3,128.200776,37.945246,8183.3685456,-35.317,-13.18,137.779,1.0
47.4,128.200899,37.945103,8173.3519032,-36.02,-12.45,136.948,1.0
47.5,128.201026,37.944961,8163.612019200001,-37.491,-11.763,136.065,1.0
47.6,128.201156,37.944819,8154.128472,-38.936,-11.06,135.205,1.0
47.7,128.201289,37.944678,8144.8656,-39.235,-10.287,134.421,1.0
47.8,128.201426,37.944538,8135.85114,-39.387,-9.524,133.627,1.0
47.9,128.201566,37.944398,8127.0649752,-38.372,-8.737,132.864,1.0
48.0,128.20171,37.94426,8118.550692000001,-38.08,-8.009,132.041,1.0
48.1,128.201857,37.944122,8110.3186536,-38.586,-7.323,131.182,1.0
48.2,128.202007,37.943985,8102.3545344,-39.081,-6.633,130.326,1.0
48.3,128.202161,37.94385,8094.6257208,-38.483,-5.887,129.528,1.0
48.4,128.202318,37.943715,8087.1748848,-38.604,-5.2,128.656,1.0
48.5,128.202477,37.943582,8080.009951200001,-39.618,-4.506,127.794,1.0
48.6,128.20264,37.94345,8073.124519200001,-41.393,-3.815,126.934,1.0
48.7,128.202807,37.94332,8066.5021295999995,-42.975,-3.105,126.08,1.0
48.8,128.202975,37.943191,8060.1068159999995,-43.124,-2.362,125.235,1.0
48.9,128.203147,37.943064,8053.9629624,-42.957,-1.658,124.358,1.0
49.0,128.203321,37.942939,8048.0510616,-41.5,-0.945,123.503,1.0
49.1,128.203498,37.942815,8042.4140904000005,-40.677,-0.334,122.566,1.0
49.2,128.203678,37.942693,8037.0618024,-40.74,0.257,121.626,1.0
49.3,128.203861,37.942573,8031.9917592,-41.744,0.887,120.73,1.0
49.4,128.204046,37.942455,8027.1978648,-43.514,1.535,119.834,1.0
49.5,128.204234,37.942339,8022.6721944,-45.815,2.151,118.893,1.0
49.6,128.204423,37.942226,8018.3931072,-47.684,2.741,117.914,1.0
49.7,128.204615,37.942114,8014.3225032,-47.934,3.324,116.915,1.0
49.8,128.20481,37.942005,8010.4820232,-47.759,3.854,115.883,1.0
49.9,128.205006,37.941898,8006.8503312,-46.283,4.415,114.89,1.0
50.0,128.205205,37.941793,8003.466136800001,-45.511,4.933,113.882,1.0
50.1,128.205405,37.941691,8000.338584000001,-45.651,5.476,112.92,1.0
50.2,128.205608,37.941591,7997.4673680000005,-46.577,6.011,111.959,1.0
50.3,128.205812,37.941494,7994.8372488,-47.42,6.556,111.005,1.0
50.4,128.206019,37.941399,7992.412260000001,-47.124,7.18,110.111,1.0
50.5,128.206227,37.941307,7990.228977600001,-47.473,7.75,109.177,1.0
50.6,128.206437,37.941217,7988.2904496,-48.491,8.277,108.203,1.0
50.7,128.206649,37.94113,7986.589056000001,-50.09,8.762,107.184,1.0
50.8,128.206862,37.941046,7985.1055944,-51.419,9.24,106.149,1.0
50.9,128.207076,37.940965,7983.8053176,-51.386,9.754,105.135,1.0
51.0,128.207291,37.940886,7982.7095616,-51.088,10.229,104.099,1.0
51.1,128.207508,37.94081,7981.7982096000005,-49.682,10.756,103.12,1.0
51.2,128.207726,37.940736,7981.1081424,-49.035,11.233,102.121,1.0
51.3,128.207945,37.940666,7980.6481992,-49.243,11.674,101.108,1.0
51.4,128.208165,37.940599,7980.412284000001,-50.28,12.099,100.08,1.0
51.5,128.208386,37.940534,7980.3888144,-52.075,12.525,99.041,1.0
51.6,128.208607,37.940473,7980.568951200001,-54.495,12.949,97.996,1.0
51.7,128.208829,37.940415,7980.933492000001,-56.571,13.349,96.931,1.0
51.8,128.209051,37.940359,7981.443422400001,-57.198,13.767,95.863,1.0
51.9,128.209274,37.940307,7982.120688000001,-58.101,14.078,94.727,1.0
52.0,128.209498,37.940258,7982.9582784,-58.672,14.363,93.587,1.0
52.1,128.209722,37.940212,7983.9299808000005,-57.937,14.677,92.471,1.0
52.2,128.209946,37.940169,7985.0629224,-57.735,14.937,91.339,1.0
52.3,128.21017,37.940129,7986.361370400001,-58.2,15.178,90.212,1.0
52.4,128.210395,37.940093,7987.817704800001,-59.337,15.43,89.094,1.0
52.5,128.210619,37.940059,7989.4218672,-61.081,15.707,87.987,1.0
52.6,128.210843,37.94003,7991.166847200001,-63.218,15.939,86.852,1.0
52.7,128.211068,37.940003,7993.033747200001,-64.897,16.131,85.688,1.0
52.8,128.211292,37.939979,7994.993306400001,-65.132,16.35,84.532,1.0
52.9,128.211516,37.939959,7997.0632032,-65.717,16.55,83.376,1.0
53.0,128.21174,37.939942,7999.244047200001,-66.681,16.727,82.22,1.0
53.1,128.211964,37.939928,8001.530352000001,-67.92,16.846,81.04,1.0
53.2,128.212187,37.939918,8003.9151071999995,-69.342,16.876,79.823,1.0
53.3,128.21241,37.939911,8006.3818536,-70.273,16.885,78.594,1.0
53.4,128.212633,37.939907,8008.906512,-69.781,16.921,77.37,1.0
53.5,128.212854,37.939906,8011.5012744000005,-68.984,16.951,76.159,1.0
53.6,128.213076,37.939909,8014.158216,-67.172,17.063,75.002,1.0
53.7,128.213296,37.939914,8016.901111200001,-66.14,17.205,73.881,1.0
53.8,128.213515,37.939923,8019.7342272000005,-65.939,17.343,72.77,1.0
53.9,128.213733,37.939934,8022.6569544,-66.565,17.499,71.67,1.0
54.0,128.21395,37.939949,8025.667464,-67.912,17.65,70.57,1.0
54.1,128.214166,37.939968,8028.75204,-69.226,17.829,69.478,1.0
54.2,128.21438,37.939988,8031.8887368000005,-69.418,17.999,68.375,1.0
54.3,128.214593,37.940012,8035.0915752,-70.1,18.115,67.258,1.0
54.4,128.214805,37.94004,8038.3636032,-71.322,18.211,66.146,1.0
54.5,128.215016,37.94007,8041.6926288,-72.93,18.24,65.005,1.0
54.6,128.215225,37.940103,8045.0628024,-74.867,18.231,63.839,1.0
54.7,128.215431,37.940139,8048.4613224,-77.033,18.191,62.656,1.0
54.8,128.215637,37.940178,8051.8720344,-78.616,18.091,61.451,1.0
54.9,128.21584,37.94022,8055.2778696000005,-78.713,17.974,60.241,1.0
55.0,128.216042,37.940264,8058.692544,-78.928,17.789,59.042,1.0
55.1,128.216242,37.940312,8062.117276800001,-79.392,17.57,57.862,1.0
55.2,128.21644,37.940362,8065.5392664,-79.532,17.364,56.69,1.0
55.3,128.216636,37.940415,8068.949064,-78.572,17.227,55.539,1.0
55.4,128.216831,37.940471,8072.3555088,-78.108,17.116,54.407,1.0
55.5,128.217023,37.940529,8075.7637824,-78.155,16.984,53.281,1.0
55.6,128.217212,37.94059,8079.170836800001,-78.752,16.863,52.164,1.0
55.7,128.2174,37.940654,8082.570576,-79.879,16.774,51.051,1.0
55.8,128.217585,37.94072,8085.9633048000005,-81.346,16.637,49.931,1.0
55.9,128.217768,37.940789,8089.345060800001,-83.065,16.446,48.808,1.0
56.0,128.217949,37.94086,8092.698165600001,-84.399,16.239,47.674,1.0
56.1,128.218128,37.940934,8096.013170400001,-84.524,16.061,46.538,1.0
56.2,128.218304,37.94101,8099.298000000001,-84.826,15.824,45.411,1.0
56.3,128.218479,37.941089,8102.543815200001,-85.434,15.583,44.288,1.0
56.4,128.218651,37.94117,8105.7454344,-86.27,15.301,43.161,1.0
56.5,128.21882,37.941253,8108.8998096000005,-87.303,14.978,42.039,1.0
56.6,128.218987,37.941338,8112.00054,-88.522,14.636,40.924,1.0
56.7,128.219152,37.941426,8115.0390912,-89.9,14.287,39.813,1.0
56.8,128.219314,37.941516,8118.0136344,-91.308,13.88,38.713,1.0
56.9,128.219475,37.941608,8120.919597600001,-92.713,13.419,37.629,1.0
57.0,128.219632,37.941702,8123.7453984,-94.11,12.925,36.553,1.0
57.1,128.219788,37.941798,8126.4840264,-94.97,12.453,35.483,1.0
57.2,128.219942,37.941897,8129.1354816,-94.484,11.996,34.424,1.0
57.3,128.220093,37.941997,8131.6970208,-93.565,11.553,33.379,1.0
57.4,128.220242,37.942099,8134.1695584,-91.604,11.152,32.349,1.0
57.5,128.220389,37.942202,8136.560104800001,-90.089,10.781,31.341,1.0
57.6,128.220533,37.942308,8138.875365600001,-89.137,10.437,30.36,1.0
57.7,128.220675,37.942415,8141.117474400001,-88.824,10.151,29.397,1.0
57.8,128.220815,37.942524,8143.287345600001,-89.051,9.865,28.443,1.0
57.9,128.220952,37.942634,8145.3828456,-89.77,9.574,27.491,1.0
58.0,128.221086,37.942746,8147.402755200001,-90.889,9.264,26.586,1.0
58.1,128.221218,37.94286,8149.341892800001,-92.322,8.937,25.761,1.0
58.2,128.221347,37.942976,8151.193248,-94.005,8.589,24.88,1.0
58.3,128.221473,37.943093,8152.950724800001,-95.842,8.221,23.955,1.0
58.4,128.221597,37.943211,8154.6088368,-97.642,7.764,23.011,1.0
58.5,128.221719,37.943331,8156.159354400001,-98.836,7.252,22.055,1.0
58.6,128.221838,37.943453,8157.5992295999995,-98.691,6.719,21.09,1.0
58.7,128.221955,37.943576,8158.926024,-98.043,6.16,20.133,1.0
58.8,128.222069,37.9437,8160.140652000001,-96.38,5.66,19.178,1.0
58.9,128.222181,37.943825,8161.2437232,-95.128,5.221,18.223,1.0
59.0,128.22229,37.943952,8162.239504800001,-94.35,4.821,17.273,1.0
59.1,128.222396,37.94408,8163.1310448,-94.018,4.428,16.333,1.0
59.2,128.222499,37.944209,8163.9195624,-94.15,4.064,15.4,1.0
59.3,128.222599,37.944339,8164.604448,-94.641,3.679,14.473,1.0
59.4,128.222697,37.94447,8165.185092000001,-95.447,3.275,13.555,1.0
59.5,128.222791,37.944602,8165.656617600001,-96.503,2.848,12.641,1.0
59.6,128.222883,37.944735,8166.0150624,-97.731,2.387,11.723,1.0
59.7,128.222972,37.944869,8166.25494,-99.057,1.884,10.807,1.0
59.8,128.223058,37.945004,8166.370764,-100.447,1.363,9.897,1.0
59.9,128.223141,37.94514,8166.356133600001,-101.869,0.843,8.988,1.0
60.0,128.223221,37.945276,8166.206781600001,-103.216,0.289,8.076,1.0
60.1,128.223299,37.945414,8165.9172216,-104.397,-0.326,7.169,1.0
60.2,128.223373,37.945552,8165.4819672,-105.44,-0.964,6.266,1.0
60.3,128.223445,37.945691,8164.897056000001,-106.297,-1.645,5.37,1.0
60.4,128.223514,37.94583,8164.1591352000005,-106.928,-2.399,4.49,1.0
60.5,128.22358,37.945971,8163.2642424000005,-107.375,-3.204,3.627,1.0
60.6,128.223644,37.946112,8162.2087200000005,-107.693,-4.04,2.773,1.0
60.7,128.223704,37.946253,8160.989215200001,-107.938,-4.888,1.922,1.0
60.8,128.223762,37.946395,8159.6023752,-108.149,-5.741,1.079,1.0
60.9,128.223817,37.946538,8158.0469808,-108.387,-6.584,0.229,1.0
61.0,128.223869,37.946681,8156.3205936,-108.72,-7.384,359.361,1.0
61.1,128.223918,37.946824,8154.4216896,-109.131,-8.158,358.483,1.0
61.2,128.223965,37.946968,8152.3478304,-109.56,-8.946,357.617,1.0
61.3,128.224008,37.947112,8150.097187200001,-110.005,-9.754,356.76,1.0
61.4,128.224049,37.947255,8147.6688456,-110.477,-10.579,355.906,1.0
61.5,128.224087,37.947399,8145.0606720000005,-110.995,-11.407,355.049,1.0
61.6,128.224122,37.947544,8142.2668752,-111.579,-12.222,354.19,1.0
61.7,128.224154,37.947688,8139.283492800001,-112.221,-13.021,353.332,1.0
61.8,128.224184,37.947832,8136.113877600001,-112.843,-13.854,352.479,1.0
61.9,128.22421,37.947976,8132.7537624,-113.473,-14.695,351.624,1.0
62.0,128.224234,37.94812,8129.1997944,-114.117,-15.532,350.767,1.0
62.1,128.224256,37.948263,8125.4519736,-114.722,-16.394,349.914,1.0
62.2,128.224275,37.948407,8121.5090808,-115.312,-17.258,349.058,1.0
62.3,128.224291,37.948549,8117.3656296,-115.854,-18.143,348.212,1.0
62.4,128.224304,37.948692,8113.0182672,-116.382,-19.022,347.364,1.0
62.5,128.224315,37.948834,8108.4703464,-116.847,-19.929,346.524,1.0
62.6,128.224323,37.948976,8103.718209600001,-117.257,-20.86,345.693,1.0
62.7,128.224329,37.949117,8098.7588088,-117.627,-21.813,344.873,1.0
62.8,128.224332,37.949257,8093.5912296,-117.986,-22.776,344.054,1.0
62.9,128.224332,37.949397,8088.213033600001,-118.35,-23.746,343.238,1.0
63.0,128.22433,37.949536,8082.6260496,-118.746,-24.713,342.412,1.0
63.1,128.224326,37.949674,8076.8287536,-119.224,-25.641,341.555,1.0
63.2,128.22432,37.949812,8070.8199264,-119.735,-26.559,340.688,1.0
63.3,128.224311,37.949948,8064.599263200001,-120.22,-27.503,339.833,1.0
63.4,128.224299,37.950084,8058.1646304,-120.697,-28.459,338.981,1.0
63.5,128.224286,37.950219,8051.5138944,-121.186,-29.406,338.119,1.0
63.6,128.22427,37.950352,8044.6464456,-121.64,-30.377,337.267,1.0
63.7,128.224252,37.950485,8037.5604552,-122.068,-31.366,336.422,1.0
63.8,128.224232,37.950616,8030.2543992,-122.479,-32.37,335.579,1.0
63.9,128.224209,37.950747,8022.7270584,-122.898,-33.373,334.728,1.0
64.0,128.224185,37.950876,8014.9759944,-123.356,-34.35,333.848,1.0
64.1,128.224159,37.951004,8006.9999880000005,-123.812,-35.328,332.961,1.0
64.2,128.22413,37.951131,7998.8011728,-124.223,-36.341,332.09,1.0
64.3,128.2241,37.951256,7990.37772,-124.623,-37.364,331.215,1.0
64.4,128.224067,37.95138,7981.7293248000005,-125.032,-38.379,330.321,1.0
64.5,128.224033,37.951503,7972.855682400001,-125.416,-39.419,329.436,1.0
64.6,128.223997,37.951624,7963.7558784,-125.803,-40.462,328.541,1.0
64.7,128.22396,37.951743,7954.4293032000005,-126.223,-41.482,327.61,1.0
64.8,128.223921,37.951861,7944.876261599999,-126.643,-42.502,326.666,1.0
64.9,128.22388,37.951978,7935.097058400001,-127.027,-43.553,325.738,1.0
65.0,128.223837,37.952092,7925.0916936,-127.398,-44.617,324.807,1.0
65.1,128.223793,37.952205,7914.858948,-127.79,-45.661,323.839,1.0
65.2,128.223748,37.952317,7904.3994312,-128.176,-46.705,322.855,1.0
65.3,128.223701,37.952426,7893.7143624,-128.529,-47.777,321.886,1.0
65.4,128.223653,37.952534,7882.803741600001,-128.861,-48.871,320.924,1.0
65.5,128.223604,37.95264,7871.669092800001,-128.669,-49.946,319.917,1.0
65.6,128.223553,37.952744,7860.319560000001,-127.254,-50.959,318.812,1.0
65.7,128.223502,37.952846,7848.7505712,-125.991,-51.98,317.712,1.0
65.8,128.223449,37.952946,7836.963650400001,-125.007,-52.988,316.587,1.0
65.9,128.223395,37.953044,7824.9603216000005,-124.344,-53.971,315.416,1.0
66.0,128.22334,37.95314,7812.742718400001,-124.013,-54.929,314.19,1.0
66.1,128.223284,37.953234,7800.313584000001,-124.004,-55.855,312.893,1.0
66.2,128.223228,37.953326,7787.6759664,-123.741,-56.711,311.474,1.0
66.3,128.22317,37.953415,7774.8387048,-122.392,-57.521,309.961,1.0
66.4,128.223111,37.953503,7761.799970400001,-121.319,-58.362,308.457,1.0
66.5,128.223052,37.953588,7748.5625064000005,-120.035,-59.193,306.906,1.0
66.6,128.222991,37.953671,7735.1369808,-117.791,-59.974,305.256,1.0
66.7,128.22293,37.953752,7721.522479200001,-116.042,-60.721,303.537,1.0
66.8,128.222869,37.95383,7707.719916,-114.87,-61.396,301.709,1.0
66.9,128.222806,37.953906,7693.732644,-114.199,-62.037,299.803,1.0
67.0,128.222743,37.95398,7679.562796800001,-113.353,-62.667,297.831,1.0
67.1,128.222679,37.954051,7665.215860800001,-111.501,-63.242,295.754,1.0
67.2,128.222614,37.95412,7650.692140800001,-110.043,-63.833,293.644,1.0
67.3,128.222549,37.954186,7635.9955992000005,-109.021,-64.405,291.462,1.0
67.4,128.222483,37.95425,7621.129284000001,-108.348,-64.98,289.217,1.0
67.5,128.222417,37.954311,7606.095938400001,-107.384,-65.5,286.854,1.0
67.6,128.222351,37.954369,7590.902268000001,-105.231,-65.973,284.386,1.0
67.7,128.222284,37.954425,7575.549796800001,-103.337,-66.477,281.882,1.0
67.8,128.222217,37.954479,7560.0400488000005,-101.804,-66.939,279.29,1.0
67.9,128.22215,37.954529,7544.377596,-100.56,-67.376,276.617,1.0
68.0,128.222083,37.954577,7528.565791200001,-99.477,-67.847,273.877,1.0
68.1,128.222015,37.954622,7512.606463200001,-98.498,-68.338,271.046,1.0
68.2,128.221948,37.954664,7496.5023552,-96.957,-68.814,268.1,1.0
68.3,128.221881,37.954704,7480.2574296,-94.017,-69.23,265.029,1.0
68.4,128.221814,37.954741,7463.8774776,-91.302,-69.616,261.87,1.0
68.5,128.221748,37.954775,7447.365547200001,-88.983,-69.909,258.634,1.0
68.6,128.221682,37.954807,7430.7252960000005,-86.432,-70.094,255.343,1.0
68.7,128.221616,37.954835,7413.961296,-82.747,-70.185,252.029,1.0
68.8,128.221551,37.954861,7397.0796432,-79.447,-70.29,248.692,1.0
68.9,128.221486,37.954884,7380.0775944,-76.75,-70.338,245.363,1.0
69.0,128.221422,37.954904,7362.956064000001,-74.687,-70.306,242.066,1.0
69.1,128.221358,37.954921,7345.730901600001,-72.475,-70.214,238.776,1.0
69.2,128.221295,37.954935,7328.3838192,-69.294,-70.024,235.578,1.0
69.3,128.221233,37.954947,7310.9123784,-66.598,-69.855,232.392,1.0
69.4,128.221171,37.954955,7293.3558984,-64.474,-69.661,229.196,1.0
69.5,128.221111,37.95496,7275.719865600001,-62.341,-69.392,226.071,1.0
69.6,128.221051,37.954963,7258.0061088,-59.412,-68.999,223.137,1.0
69.7,128.220992,37.954962,7240.2243816,-56.544,-68.561,220.324,1.0
69.8,128.220934,37.954959,7222.3813896,-52.852,-68.084,217.628,1.0
69.9,128.220877,37.954952,7204.4896296,-50.115,-67.581,215.034,1.0
70.0,128.220821,37.954942,7186.5567216,-48.567,-67.004,212.637,1.0
70.1,128.220767,37.954929,7168.5887616,-48.002,-66.38,210.365,1.0
70.2,128.220713,37.954913,7150.586664,-48.155,-65.736,208.148,1.0
70.3,128.220661,37.954893,7132.5287880000005,-48.743,-65.108,205.923,1.0
70.4,128.220611,37.95487,7114.4157432,-48.886,-64.477,203.693,1.0
70.5,128.220562,37.954844,7096.2548448,-47.53,-63.813,201.483,1.0
70.6,128.220515,37.954815,7078.049140800001,-45.668,-63.167,199.249,1.0
70.7,128.220469,37.954782,7059.832768800001,-42.529,-62.483,197.063,1.0
70.8,128.220426,37.954747,7041.6066432,-40.227,-61.759,195.013,1.0
70.9,128.220384,37.954708,7023.350952000001,-38.869,-61.009,193.106,1.0
71.0,128.220345,37.954665,7005.0815448,-38.276,-60.243,191.24,1.0
71.1,128.220307,37.954619,6986.8316448000005,-38.295,-59.465,189.348,1.0
71.2,128.220272,37.95457,6968.6253312,-38.263,-58.62,187.557,1.0
71.3,128.220239,37.954518,6950.4281616,-36.975,-57.744,185.852,1.0
71.4,128.220208,37.954462,6932.2572048,-36.171,-56.914,184.105,1.0
71.5,128.22018,37.954404,6914.1600096,-36.147,-56.047,182.446,1.0
71.6,128.220155,37.954343,6896.1192024,-36.649,-55.192,180.792,1.0
71.7,128.220132,37.954278,6878.1219816,-36.754,-54.352,179.133,1.0
71.8,128.220112,37.954211,6860.1698712,-35.583,-53.447,177.61,1.0
71.9,128.220094,37.954141,6842.2576896,-34.242,-52.54,176.171,1.0
72.0,128.220079,37.954068,6824.3689776,-31.816,-51.606,174.868,1.0
72.1,128.220068,37.953992,6806.5485408,-30.285,-50.681,173.597,1.0
72.2,128.220059,37.953913,6788.8161912000005,-29.739,-49.752,172.356,1.0
72.3,128.220053,37.953831,6771.172538400001,-30.001,-48.84,171.074,1.0
72.4,128.22005,37.953746,6753.6206304,-30.321,-47.893,169.853,1.0
72.5,128.22005,37.953659,6736.142179200001,-29.6,-46.882,168.774,1.0
72.6,128.220054,37.953568,6718.7600448,-28.919,-45.866,167.744,1.0
72.7,128.22006,37.953475,6701.462949600001,-27.252,-44.818,166.824,1.0
72.8,128.22007,37.953379,6684.2953944,-26.581,-43.797,165.878,1.0
72.9,128.220083,37.95328,6667.2762768,-26.924,-42.792,164.904,1.0
73.0,128.220099,37.953179,6650.4123024,-28.125,-41.803,163.872,1.0
73.1,128.220119,37.953074,6633.69768,-29.358,-40.775,162.912,1.0
73.2,128.220142,37.952968,6617.105587200001,-29.238,-39.713,162.014,1.0
73.3,128.220169,37.952859,6600.6701616,-28.924,-38.667,161.094,1.0
73.4,128.220199,37.952748,6584.3755536,-27.372,-37.602,160.238,1.0
73.5,128.220233,37.952634,6568.272969600001,-26.671,-36.59,159.298,1.0
73.6,128.22027,37.952518,6552.3819168,-26.909,-35.615,158.284,1.0
73.7,128.220311,37.9524,6536.7078816,-28.102,-34.646,157.245,1.0
73.8,128.220357,37.95228,6521.2511688,-29.255,-33.653,156.232,1.0
73.9,128.220405,37.952158,6505.9822128000005,-29.068,-32.612,155.298,1.0
74.0,128.220458,37.952034,6490.9372848,-29.745,-31.597,154.356,1.0
74.1,128.220515,37.951909,6476.120347200001,-30.391,-30.571,153.46,1.0
74.2,128.220575,37.951782,6461.498481600001,-29.635,-29.511,152.626,1.0
74.3,128.22064,37.951653,6447.1125312,-28.794,-28.472,151.779,1.0
74.4,128.220708,37.951523,6432.9435984,-26.783,-27.407,151.005,1.0
74.5,128.22078,37.951391,6419.0495952,-25.963,-26.371,150.204,1.0
74.6,128.220856,37.951258,6405.4509431999995,-26.453,-25.336,149.419,1.0
74.7,128.220936,37.951124,6392.152824000001,-28.005,-24.315,148.592,1.0
74.8,128.221021,37.950988,6379.142436,-29.459,-23.294,147.74,1.0
74.9,128.221109,37.950851,6366.3780216000005,-29.492,-22.224,146.958,1.0
75.0,128.221201,37.950714,6353.899509600001,-29.424,-21.169,146.163,1.0
75.1,128.221297,37.950575,6341.6834304,-28.055,-20.087,145.431,1.0
75.2,128.221396,37.950436,6329.7913536,-27.686,-19.069,144.599,1.0
75.3,128.2215,37.950296,6318.2415672,-28.441,-18.086,143.711,1.0
75.4,128.221608,37.950156,6307.0185264,-29.373,-17.066,142.892,1.0
75.5,128.221719,37.950015,6296.080473600001,-28.835,-16.041,142.067,1.0
75.6,128.221834,37.949874,6285.488064,-29.262,-15.079,141.131,1.0
75.7,128.221954,37.949732,6275.255623200001,-30.86,-14.119,140.192,1.0
75.8,128.222077,37.949591,6265.3737024,-33.448,-13.166,139.257,1.0
75.9,128.222204,37.94945,6255.824928000001,-35.652,-12.243,138.259,1.0
76.0,128.222334,37.949309,6246.5623608000005,-36.097,-11.285,137.285,1.0
76.1,128.222469,37.94917,6237.6173952,-36.315,-10.327,136.332,1.0
76.2,128.222607,37.94903,6228.959856,-34.949,-9.37,135.411,1.0
76.3,128.222749,37.948891,6220.6354632,-33.535,-8.464,134.45,1.0
76.4,128.222894,37.948753,6212.618613600001,-31.11,-7.482,133.623,1.0
76.5,128.223043,37.948616,6204.9745344,-30.156,-6.523,132.786,1.0
76.6,128.223195,37.948479,6197.7068832,-29.758,-5.534,132.004,1.0
76.7,128.22335,37.948343,6190.7696352,-28.543,-4.465,131.36,1.0
76.8,128.223509,37.948208,6184.22436,-28.809,-3.428,130.67,1.0
76.9,128.223671,37.948074,6178.0847736000005,-30.477,-2.414,129.935,1.0
77.0,128.223835,37.947942,6172.32954,-32.235,-1.421,129.153,1.0
77.1,128.224003,37.94781,6166.9034904,-32.566,-0.42,128.374,1.0
77.2,128.224174,37.94768,6161.858440800001,-33.975,0.544,127.548,1.0
77.3,128.224347,37.947551,6157.1864663999995,-35.367,1.5,126.708,1.0
77.4,128.224524,37.947423,6152.8387992,-35.149,2.442,125.829,1.0
77.5,128.224703,37.947298,6148.8495768,-34.929,3.358,124.918,1.0
77.6,128.224885,37.947174,6145.187709600001,-33.592,4.351,124.126,1.0
77.7,128.225069,37.947051,6141.897088799999,-32.524,5.323,123.324,1.0
77.8,128.225256,37.946931,6138.9469296,-30.485,6.323,122.57,1.0
77.9,128.225444,37.946812,6136.396668,-30.088,7.31,121.817,1.0
78.0,128.225635,37.946695,6134.259715200001,-31.251,8.276,121.04,1.0
78.1,128.225827,37.94658,6132.5141256,-32.709,9.233,120.238,1.0
78.2,128.226022,37.946467,6131.103206400001,-32.976,10.226,119.467,1.0
78.3,128.226217,37.946356,6130.074506400001,-34.394,11.162,118.609,1.0
78.4,128.226415,37.946248,6129.42894,-36.838,12.023,117.642,1.0
78.5,128.226614,37.946142,6129.138770400001,-39.179,12.87,116.653,1.0
78.6,128.226814,37.946039,6129.149438400001,-39.928,13.733,115.68,1.0
78.7,128.227017,37.945938,6129.4899000000005,-40.575,14.596,114.722,1.0
78.8,128.22722,37.94584,6130.1266272,-39.762,15.468,113.778,1.0
78.9,128.227425,37.945744,6131.096196,-38.929,16.263,112.761,1.0
79.0,128.227631,37.945651,6132.3617256,-37.059,17.11,111.81,1.0
79.1,128.227838,37.94556,6133.9722888,-36.667,17.955,110.866,1.0
79.2,128.228046,37.945473,6135.940992000001,-37.688,18.762,109.882,1.0
79.3,128.228254,37.945388,6138.2568624,-39.957,19.543,108.858,1.0
79.4,128.228462,37.945307,6140.9013072,-43.247,20.302,107.789,1.0
79.5,128.228672,37.945228,6143.8468944,-47.268,21.032,106.67,1.0
79.6,128.228881,37.945153,6147.054914400001,-50.683,21.685,105.451,1.0
79.7,128.229091,37.945081,6150.472332,-52.083,22.297,104.18,1.0
79.8,128.229301,37.945013,6154.11774,-52.867,22.816,102.848,1.0
79.9,128.229512,37.944947,6157.9606584,-51.99,23.346,101.541,1.0
80.0,128.229722,37.944885,6162.0297384000005,-50.999,23.875,100.27,1.0
80.1,128.229933,37.944826,6166.3060824,-48.89,24.486,99.092,1.0
80.2,128.230144,37.94477,6170.8335816,-47.955,25.04,97.885,1.0
80.3,128.230355,37.944718,6175.6161984,-48.365,25.595,96.684,1.0
80.4,128.230565,37.944669,6180.6487512,-50.004,26.146,95.469,1.0
80.5,128.230775,37.944623,6185.9214864000005,-52.676,26.676,94.228,1.0
80.6,128.230984,37.944581,6191.391732,-55.292,27.218,92.968,1.0
80.7,128.231193,37.944542,6197.0210832,-56.503,27.808,91.737,1.0
80.8,128.231401,37.944507,6202.836972,-58.27,28.293,90.443,1.0
80.9,128.231608,37.944475,6208.8345216,-60.523,28.652,89.069,1.0
81.0,128.231815,37.944447,6214.9951392,-63.182,28.922,87.636,1.0
81.1,128.232021,37.944423,6221.2886496,-65.304,29.142,86.164,1.0
81.2,128.232226,37.944402,6227.6790864,-65.721,29.361,84.684,1.0
81.3,128.232431,37.944384,6234.190833600001,-66.536,29.488,83.184,1.0
81.4,128.232634,37.94437,6240.813528000001,-67.101,29.62,81.706,1.0
81.5,128.232837,37.944359,6247.5240048000005,-66.31,29.773,80.33,1.0
81.6,128.233039,37.944351,6254.344514400001,-66.239,29.85,79.073,1.0
81.7,128.233239,37.944348,6261.277800000001,-67.128,29.966,77.71,1.0
81.8,128.233438,37.944348,6268.3153272,-68.883,30.095,76.281,1.0
81.9,128.233636,37.944351,6275.4445992,-71.386,30.232,74.823,1.0
82.0,128.233832,37.944358,6282.650376,-74.431,30.34,73.339,1.0
82.1,128.234027,37.944368,6289.9161984,-77.72,30.32,71.808,1.0
82.2,128.234221,37.944382,6297.2210352,-81.13,30.183,70.248,1.0
82.3,128.234413,37.9444,6304.538978400001,-83.827,29.991,68.679,1.0
82.4,128.234604,37.944421,6311.8529592,-84.756,29.8,67.119,1.0
82.5,128.234794,37.944445,6319.167854400001,-85.732,29.472,65.573,1.0
82.6,128.234983,37.944473,6326.4669,-86.962,29.087,64.044,1.0
82.7,128.235169,37.944504,6333.735160800001,-88.517,28.698,62.528,1.0
82.8,128.235354,37.944539,6340.9665408,-90.386,28.32,61.03,1.0
82.9,128.235537,37.944577,6348.152505600001,-92.411,27.878,59.548,1.0
83.0,128.235719,37.944619,6355.279644,-93.808,27.38,58.081,1.0
83.1,128.235899,37.944664,6362.343079200001,-93.635,26.871,56.631,1.0
83.2,128.236077,37.944712,6369.3406776,-93.784,26.317,55.215,1.0
83.3,128.236253,37.944763,6376.2684768,-94.422,25.758,53.826,1.0
83.4,128.236428,37.944818,6383.1203808,-95.583,25.214,52.454,1.0
83.5,128.2366,37.944876,6389.8817592000005,-97.242,24.69,51.084,1.0
83.6,128.23677,37.944937,6396.5398104000005,-99.238,24.124,49.722,1.0
83.7,128.236938,37.945001,6403.087219200001,-101.51,23.533,48.376,1.0
83.8,128.237104,37.945069,6409.5133176,-103.859,22.841,47.063,1.0
83.9,128.237267,37.945139,6415.8062184,-105.592,22.097,45.772,1.0
84.0,128.237429,37.945212,6421.9650071999995,-105.788,21.335,44.495,1.0
84.1,128.237589,37.945288,6427.9750536,-106.18,20.519,43.258,1.0
84.2,128.237746,37.945366,6433.8262992,-106.95,19.71,42.04,1.0
84.3,128.237901,37.945448,6439.5114288,-108.108,18.922,40.827,1.0
84.4,128.238054,37.945532,6445.0246512,-109.529,18.098,39.638,1.0
84.5,128.238204,37.945619,6450.3525552,-111.213,17.262,38.456,1.0
84.6,128.238351,37.945708,6455.485692,-113.01,16.359,37.305,1.0
84.7,128.238496,37.9458,6460.4152224,-114.869,15.386,36.192,1.0
84.8,128.238638,37.945894,6465.136269600001,-116.769,14.361,35.122,1.0
84.9,128.238778,37.945991,6469.643652000001,-118.064,13.305,34.082,1.0
85.0,128.238916,37.946089,6473.9471232000005,-117.935,12.254,33.046,1.0
85.1,128.239052,37.94619,6478.024432800001,-117.997,11.175,32.045,1.0
85.2,128.239185,37.946293,6481.8652176000005,-118.419,10.114,31.051,1.0
85.3,128.239316,37.946398,6485.4655152000005,-119.258,9.103,30.04,1.0
85.4,128.239443,37.946505,6488.822887200001,-120.395,8.089,29.034,1.0
85.5,128.239569,37.946614,6491.9364192,-121.701,7.026,28.066,1.0
85.6,128.239692,37.946725,6494.799100800001,-123.176,5.93,27.123,1.0
85.7,128.239812,37.946838,6497.4039216,-124.811,4.821,26.19,1.0
85.8,128.23993,37.946952,6499.7490528,-126.456,3.646,25.313,1.0
85.9,128.240045,37.947068,6501.830532,-127.523,2.438,24.469,1.0
86.0,128.240158,37.947185,6503.6581128,-127.272,1.255,23.61,1.0
86.1,128.240269,37.947304,6505.2211272,-126.678,0.113,22.747,1.0
86.2,128.240378,37.947423,6506.5308528,-125.019,-0.974,21.866,1.0
86.3,128.240485,37.947544,6507.5802792,-123.887,-2.02,20.967,1.0
86.4,128.240588,37.947667,6508.3712352,-123.324,-3.037,20.064,1.0
86.5,128.240689,37.94779,6508.9070736,-123.27,-4.058,19.182,1.0
86.6,128.240788,37.947914,6509.1893184,-123.7,-5.083,18.313,1.0
86.7,128.240884,37.948039,6509.218274400001,-124.563,-6.118,17.455,1.0
86.8,128.240977,37.948166,6508.989674400001,-125.828,-7.144,16.604,1.0
86.9,128.241068,37.948293,6508.5013848,-126.868,-8.125,15.735,1.0
87.0,128.241157,37.948421,6507.7643784,-126.767,-9.083,14.857,1.0
87.1,128.241244,37.94855,6506.7710352,-126.874,-10.106,14.026,1.0
87.2,128.241327,37.948679,6505.5149544000005,-127.272,-11.164,13.227,1.0
87.3,128.241409,37.948809,6503.993392800001,-127.961,-12.241,12.451,1.0
87.4,128.241487,37.94894,6502.2048264000005,-128.913,-13.335,11.686,1.0
87.5,128.241564,37.949071,6500.145292800001,-130.075,-14.451,10.941,1.0
87.6,128.241637,37.949202,6497.8129632,-130.832,-15.573,10.204,1.0
87.7,128.241709,37.949334,6495.224296800001,-130.387,-16.687,9.448,1.0
87.8,128.241778,37.949466,6492.3661872,-129.665,-17.784,8.681,1.0
87.9,128.241844,37.949598,6489.246559200001,-128.041,-18.796,7.85,1.0
88.0,128.241909,37.94973,6485.8648032,-126.938,-19.79,7.005,1.0
88.1,128.24197,37.949862,6482.218176,-126.404,-20.774,6.156,1.0
88.2,128.242029,37.949995,6478.3072872,-126.449,-21.729,5.284,1.0
88.3,128.242085,37.950127,6474.13488,-126.94,-22.708,4.426,1.0
88.4,128.242138,37.950259,6469.695772800001,-127.823,-23.709,3.582,1.0
88.5,128.242189,37.950391,6464.9930136,-128.462,-24.718,2.734,1.0
88.6,128.242238,37.950523,6460.0436712,-128.027,-25.72,1.859,1.0
88.7,128.242284,37.950655,6454.837687200001,-127.93,-26.755,1.005,1.0
88.8,128.242327,37.950786,6449.373232800001,-128.237,-27.804,0.155,1.0
88.9,128.242367,37.950917,6443.6512224,-128.932,-28.848,359.291,1.0
89.0,128.242406,37.951047,6437.6740944,-129.403,-29.86,358.384,1.0
89.1,128.242441,37.951177,6431.450688000001,-128.761,-30.865,357.465,1.0
89.2,128.242475,37.951306,6424.9694208,-128.433,-31.901,356.576,1.0
89.3,128.242505,37.951434,6418.230292800001,-128.492,-32.951,355.695,1.0
89.4,128.242534,37.951562,6411.2308656000005,-128.923,-34.008,354.813,1.0
89.5,128.242559,37.951689,6403.9787592,-129.678,-35.077,353.924,1.0
89.6,128.242582,37.951815,6396.4736688,-130.694,-36.168,353.037,1.0
89.7,128.242603,37.95194,6388.7122416,-131.357,-37.251,352.126,1.0
89.8,128.242622,37.952064,6380.7027072,-130.855,-38.293,351.158,1.0
89.9,128.242638,37.952187,6372.444456000001,-130.579,-39.378,350.223,1.0
90.0,128.242652,37.952309,6363.939012,-130.038,-40.464,349.275,1.0
90.1,128.242664,37.95243,6355.1930808,-128.469,-41.512,348.275,1.0
90.2,128.242674,37.95255,6346.198128000001,-127.38,-42.554,347.266,1.0
90.3,128.242681,37.952668,6336.961773600001,-126.851,-43.582,346.224,1.0
90.4,128.242686,37.952786,6327.4864560000005,-126.86,-44.595,345.145,1.0
90.5,128.242688,37.952901,6317.775832800001,-126.767,-45.58,344.011,1.0
90.6,128.242688,37.953016,6307.8356952,-125.733,-46.505,342.791,1.0
90.7,128.242687,37.953129,6297.657813600001,-125.223,-47.406,341.534,1.0
90.8,128.242682,37.95324,6287.252856000001,-124.625,-48.291,340.235,1.0
90.9,128.242676,37.953351,6276.627528000001,-123.097,-49.12,338.852,1.0
91.0,128.242668,37.953459,6265.7662848,-122.101,-49.966,337.48,1.0
91.1,128.242657,37.953566,6254.666688000001,-121.69,-50.799,336.078,1.0
91.2,128.242644,37.953672,6243.339405600001,-121.772,-51.642,334.648,1.0
91.3,128.242628,37.953775,6231.7996776,-121.661,-52.46,333.138,1.0
91.4,128.242611,37.953877,6220.0590864000005,-120.407,-53.279,331.579,1.0
91.5,128.242591,37.953977,6208.113060000001,-119.564,-54.12,330.004,1.0
91.6,128.24257,37.954075,6195.960684000001,-118.589,-54.898,328.335,1.0
91.7,128.242546,37.954171,6183.6114072,-116.566,-55.622,326.581,1.0
91.8,128.242521,37.954266,6171.0667536,-115.019,-56.386,324.834,1.0
91.9,128.242493,37.954358,6158.3215416,-114.027,-57.157,323.059,1.0
92.0,128.242463,37.954448,6145.374856800001,-113.554,-57.923,321.238,1.0
92.1,128.242432,37.954536,6132.2370624,-113.537,-58.664,319.337,1.0
92.2,128.242398,37.954621,6118.9081584000005,-113.894,-59.363,317.34,1.0
92.3,128.242362,37.954705,6105.3902784,-113.824,-60.038,315.261,1.0
92.4,128.242325,37.954786,6091.6922616,-112.325,-60.705,313.11,1.0
92.5,128.242287,37.954865,6077.8134984,-110.348,-61.417,310.939,1.0
92.6,128.242246,37.954941,6063.7625232,-107.14,-62.093,308.681,1.0
92.7,128.242204,37.955015,6049.5448224,-104.447,-62.755,306.359,1.0
92.8,128.242161,37.955087,6035.1643584,-102.392,-63.371,303.947,1.0
92.9,128.242115,37.955156,6020.624484000001,-100.982,-63.914,301.428,1.0
93.0,128.242068,37.955222,6005.927637600001,-99.518,-64.334,298.791,1.0
93.1,128.24202,37.955286,5991.079610400001,-96.965,-64.669,296.068,1.0
93.2,128.24197,37.955347,5976.0834504,-94.952,-65.005,293.309,1.0
93.3,128.241919,37.955406,5960.9449488,-93.562,-65.279,290.494,1.0
93.4,128.241866,37.955461,5945.6677632,-92.656,-65.52,287.628,1.0
93.5,128.241812,37.955514,5930.239092000001,-91.41,-65.725,284.719,1.0
93.6,128.241756,37.955564,5914.6558872000005,-88.805,-65.88,281.775,1.0
93.7,128.241699,37.955611,5898.948933600001,-85.826,-66.033,278.775,1.0
93.8,128.241642,37.955656,5883.119145600001,-81.647,-66.149,275.738,1.0
93.9,128.241583,37.955697,5867.172619200001,-78.178,-66.242,272.681,1.0
94.0,128.241522,37.955735,5851.1261184,-75.631,-66.242,269.621,1.0
94.1,128.241461,37.955769,5834.961964800001,-74.003,-66.144,266.603,1.0
94.2,128.241398,37.955801,5818.6758912000005,-73.015,-66.039,263.575,1.0
94.3,128.241334,37.955829,5802.309655200001,-72.522,-65.908,260.487,1.0
94.4,128.241269,37.955853,5785.8419208,-71.766,-65.705,257.419,1.0
94.5,128.241203,37.955874,5769.2611056000005,-69.595,-65.454,254.382,1.0
94.6,128.241137,37.955892,5752.6156728000005,-67.019,-65.194,251.311,1.0
94.7,128.24107,37.955906,5735.8830672,-63.397,-64.817,248.369,1.0
94.8,128.241003,37.955917,5719.068775199999,-60.594,-64.404,245.527,1.0
94.9,128.240935,37.955924,5702.212725599999,-57.881,-63.926,242.76,1.0
95.0,128.240867,37.955927,5685.300897600001,-54.259,-63.374,240.112,1.0
95.1,128.240798,37.955927,5668.3354248000005,-51.018,-62.755,237.63,1.0
95.2,128.240728,37.955924,5651.291313600001,-47.24,-62.063,235.351,1.0
95.3,128.240657,37.955916,5634.2048352,-45.001,-61.295,233.269,1.0
95.4,128.240586,37.955904,5617.094887200001,-44.112,-60.488,231.277,1.0
95.5,128.240514,37.955889,5599.9754904,-44.228,-59.727,229.291,1.0
95.6,128.240441,37.955869,5582.863713600001,-45.247,-59.0,227.349,1.0
95.7,128.240368,37.955845,5565.7391352,-46.098,-58.206,225.367,1.0
95.8,128.240295,37.955818,5548.5825528,-45.468,-57.385,223.363,1.0
95.9,128.240222,37.955787,5531.425360800001,-45.476,-56.559,221.371,1.0
96.0,128.240149,37.955752,5514.2715216,-46.063,-55.743,219.388,1.0
96.1,128.240077,37.955712,5497.1237784,-46.229,-54.919,217.421,1.0
96.2,128.240005,37.955669,5479.968110400001,-44.746,-54.075,215.491,1.0
96.3,128.239933,37.955622,5462.8255488,-42.896,-53.254,213.572,1.0
96.4,128.239863,37.955572,5445.688778400001,-39.785,-52.4,211.761,1.0
96.5,128.239793,37.955517,5428.603519200001,-37.856,-51.512,210.078,1.0
96.6,128.239723,37.955458,5411.5920216,-37.104,-50.598,208.476,1.0
96.7,128.239655,37.955395,5394.662210400001,-37.25,-49.701,206.842,1.0
96.8,128.239588,37.955328,5377.816524000001,-37.42,-48.764,205.268,1.0
96.9,128.239521,37.955257,5361.02814,-36.429,-47.75,203.851,1.0
97.0,128.239456,37.955182,5344.3394256,-35.43,-46.739,202.462,1.0
97.1,128.239392,37.955104,5327.7497711999995,-33.273,-45.703,201.143,1.0
97.2,128.23933,37.955022,5311.289352000001,-32.428,-44.67,199.895,1.0
97.3,128.239268,37.954936,5294.965788,-31.912,-43.62,198.717,1.0
97.4,128.239208,37.954846,5278.7583528,-30.337,-42.537,197.61,1.0
97.5,128.23915,37.954753,5262.715509600001,-30.12,-41.454,196.535,1.0
97.6,128.239093,37.954655,5246.8524984,-31.16,-40.377,195.467,1.0
97.7,128.239038,37.954554,5231.1738912,-32.187,-39.297,194.379,1.0
97.8,128.238984,37.954449,5215.6501224,-31.702,-38.211,193.275,1.0
97.9,128.238932,37.954341,5200.3186824,-32.184,-37.166,192.131,1.0
98.0,128.238883,37.954229,5185.1841432,-32.679,-36.119,191.006,1.0
98.1,128.238835,37.954114,5170.214500800001,-31.882,-35.01,189.993,1.0
98.2,128.23879,37.953995,5155.454865600001,-31.134,-33.911,188.989,1.0
98.3,128.238747,37.953873,5140.8814632,-29.212,-32.785,188.063,1.0
98.4,128.238706,37.953748,5126.5427568000005,-27.615,-31.673,187.15,1.0
98.5,128.238667,37.953619,5112.4201536,-25.137,-30.535,186.314,1.0
98.6,128.23863,37.953488,5098.5840624,-24.472,-29.386,185.523,1.0
98.7,128.238596,37.953353,5085.0588672,-25.523,-28.225,184.759,1.0
98.8,128.238564,37.953214,5071.8421296,-27.846,-27.086,183.93,1.0
98.9,128.238534,37.953073,5058.9173904,-30.073,-25.956,183.044,1.0
99.0,128.238507,37.952929,5046.2361864,-30.66,-24.806,182.174,1.0
99.1,128.238483,37.952782,5033.8424088,-30.991,-23.712,181.213,1.0
99.2,128.238461,37.952633,5021.7052728,-29.946,-22.578,180.333,1.0
99.3,128.238443,37.952481,5009.890615200001,-30.114,-21.483,179.415,1.0
99.4,128.238428,37.952326,4998.4170288000005,-31.529,-20.395,178.492,1.0
99.5,128.238416,37.952169,4987.2680544,-32.877,-19.289,177.582,1.0
99.6,128.238407,37.952009,4976.3955336,-32.492,-18.165,176.678,1.0
99.7,128.238401,37.951848,4965.8467104,-31.957,-17.088,175.717,1.0
99.8,128.238399,37.951685,4955.5929336,-30.026,-15.995,174.799,1.0
99.9,128.2384,37.951519,4945.704307200001,-29.554,-14.929,173.865,1.0
100.0,128.238404,37.951352,4936.2021672,-30.502,-13.889,172.892,1.0
100.1,128.238413,37.951183,4927.0840752,-32.702,-12.86,171.884,1.0
100.2,128.238425,37.951012,4918.342716,-35.912,-11.845,170.836,1.0
100.3,128.23844,37.95084,4909.9473048,-38.783,-10.809,169.798,1.0
100.4,128.23846,37.950666,4901.840234400001,-39.538,-9.77,168.746,1.0
100.5,128.238484,37.950492,4894.0635672,-39.832,-8.782,167.636,1.0
100.6,128.238512,37.950317,4886.585604,-38.351,-7.775,166.559,1.0
100.7,128.238543,37.950141,4879.4535888,-36.844,-6.815,165.479,1.0
100.8,128.238579,37.949965,4872.6406992,-34.065,-5.823,164.469,1.0
100.9,128.238618,37.949788,4866.2206968,-33.002,-4.84,163.478,1.0
101.0,128.238662,37.94961,4860.214003200001,-33.66,-3.853,162.493,1.0
101.1,128.23871,37.949432,4854.6169608,-35.834,-2.85,161.514,1.0
101.2,128.238761,37.949253,4849.4021376,-38.003,-1.844,160.511,1.0
101.3,128.238817,37.949075,4844.5100976,-38.467,-0.812,159.522,1.0
101.4,128.238877,37.948896,4839.9804648,-38.807,0.155,158.466,1.0
101.5,128.23894,37.948718,4835.775444000001,-37.773,1.188,157.499,1.0
101.6,128.239008,37.94854,4831.959348,-38.115,2.173,156.497,1.0
101.7,128.23908,37.948363,4828.5437592,-39.809,3.137,155.474,1.0
101.8,128.239156,37.948186,4825.5027696,-41.413,4.093,154.421,1.0
101.9,128.239236,37.948009,4822.780905600001,-41.162,5.013,153.307,1.0
102.0,128.23932,37.947834,4820.4156576000005,-40.91,5.89,152.157,1.0
102.1,128.239407,37.947659,4818.372888,-39.384,6.835,151.094,1.0
102.2,128.239499,37.947486,4816.7163,-39.416,7.748,150.015,1.0
102.3,128.239595,37.947314,4815.4562568,-40.969,8.641,148.917,1.0
102.4,128.239694,37.947143,4814.564107200001,-42.746,9.597,147.873,1.0
102.5,128.239797,37.946973,4813.985292,-42.89,10.574,146.831,1.0
102.6,128.239904,37.946806,4813.7545584,-43.004,11.484,145.722,1.0
102.7,128.240014,37.946639,4813.8353304,-41.705,12.404,144.626,1.0
102.8,128.240128,37.946475,4814.287044000001,-41.937,13.292,143.525,1.0
102.9,128.240246,37.946313,4815.117624,-43.646,14.17,142.415,1.0
103.0,128.240367,37.946153,4816.314573600001,-46.474,14.988,141.225,1.0
103.1,128.240492,37.945995,4817.837964,-48.988,15.745,139.94,1.0
103.2,128.240619,37.94584,4819.622568,-49.602,16.495,138.62,1.0
103.3,128.24075,37.945687,4821.696732,-50.018,17.178,137.262,1.0
103.4,128.240884,37.945536,4824.0278424,-48.938,17.892,135.946,1.0
103.5,128.241021,37.945389,4826.6533896,-48.096,18.585,134.643,1.0
103.6,128.241161,37.945244,4829.5508184,-46.197,19.332,133.407,1.0
103.7,128.241304,37.945101,4832.774688,-46.027,20.044,132.155,1.0
103.8,128.24145,37.944962,4836.331704,-47.601,20.762,130.903,1.0
103.9,128.241598,37.944826,4840.2069312,-50.62,21.467,129.62,1.0
104.0,128.24175,37.944693,4844.3592216,-53.634,22.154,128.292,1.0
104.1,128.241904,37.944563,4848.725176800001,-54.935,22.815,126.915,1.0
104.2,128.24206,37.944436,4853.324304,-56.117,23.419,125.508,1.0
104.3,128.242218,37.944312,4858.1291712,-55.838,24.048,124.133,1.0
104.4,128.242379,37.944192,4863.1690392,-55.62,24.595,122.722,1.0
104.5,128.242542,37.944075,4868.408856,-54.282,25.172,121.333,1.0
104.6,128.242707,37.943962,4873.884588,-54.524,25.739,119.947,1.0
104.7,128.242874,37.943852,4879.6090368000005,-56.324,26.326,118.587,1.0
104.8,128.243043,37.943747,4885.566048000001,-59.284,26.839,117.157,1.0
104.9,128.243214,37.943645,4891.7233128,-63.113,27.265,115.645,1.0
105.0,128.243386,37.943548,4898.056447200001,-67.504,27.577,114.059,1.0
105.1,128.243561,37.943454,4904.5249128000005,-71.183,27.789,112.414,1.0
105.2,128.243737,37.943364,4911.0835992,-72.696,27.936,110.735,1.0
105.3,128.243915,37.943278,4917.7395168,-74.564,27.944,109.024,1.0
105.4,128.244094,37.943196,4924.4774256,-75.955,27.933,107.329,1.0
105.5,128.244275,37.943118,4931.2741608,-75.525,27.911,105.641,1.0
105.6,128.244458,37.943044,4938.1419144,-75.908,27.867,103.976,1.0
105.7,128.244642,37.942974,4945.0803816,-77.217,27.844,102.336,1.0
105.8,128.244828,37.942908,4952.0852952000005,-79.226,27.743,100.687,1.0
105.9,128.245015,37.942847,4959.1273944,-81.899,27.61,99.024,1.0
106.0,128.245202,37.942791,4966.1829048,-85.08,27.441,97.35,1.0
106.1,128.245391,37.942738,4973.2362816,-88.458,27.119,95.666,1.0
106.2,128.245581,37.94269,4980.2579592,-91.117,26.756,93.984,1.0
106.3,128.245772,37.942646,4987.2372696,-91.781,26.39,92.313,1.0
106.4,128.245964,37.942605,4994.1732984,-92.689,25.878,90.683,1.0
106.5,128.246157,37.942569,5001.0453192,-94.062,25.306,89.077,1.0
106.6,128.246351,37.942538,5007.838396800001,-95.061,24.754,87.481,1.0
106.7,128.246545,37.94251,5014.55436,-94.533,24.283,85.896,1.0
106.8,128.24674,37.942486,5021.19138,-94.636,23.734,84.348,1.0
106.9,128.246935,37.942466,5027.7390936,-95.559,23.178,82.821,1.0
107.0,128.24713,37.942451,5034.185004,-97.279,22.643,81.299,1.0
107.1,128.247325,37.94244,5040.5157,-99.648,22.108,79.782,1.0
107.2,128.24752,37.942433,5046.7192944,-102.362,21.467,78.291,1.0
107.3,128.247715,37.94243,5052.7839,-104.492,20.768,76.824,1.0
107.4,128.24791,37.942431,5058.713174400001,-104.857,20.041,75.378,1.0
107.5,128.248105,37.942435,5064.4918776,-104.776,19.258,73.975,1.0
107.6,128.2483,37.942443,5070.123972,-103.36,18.514,72.58,1.0
107.7,128.248495,37.942455,5075.5990944,-102.806,17.764,71.21,1.0
107.8,128.248688,37.942471,5080.910844,-103.251,17.047,69.845,1.0
107.9,128.248881,37.942491,5086.057392000001,-104.632,16.371,68.477,1.0
108.0,128.249074,37.942515,5091.0295944,-106.815,15.734,67.099,1.0
108.1,128.249265,37.942543,5095.816478400001,-109.461,15.027,65.743,1.0
108.2,128.249455,37.942574,5100.399756000001,-112.323,14.19,64.426,1.0
108.3,128.249645,37.942609,5104.7678448,-114.62,13.328,63.117,1.0
108.4,128.249833,37.942648,5108.929888799999,-115.151,12.43,61.823,1.0
108.5,128.250021,37.942689,5112.8636376,-115.053,11.426,60.591,1.0
108.6,128.250207,37.942733,5116.5849408,-113.589,10.47,59.364,1.0
108.7,128.250393,37.942781,5120.079168,-112.845,9.543,58.158,1.0
108.8,128.250577,37.942833,5123.3426616,-112.125,8.659,56.945,1.0
108.9,128.25076,37.942887,5126.395233600001,-110.443,7.869,55.684,1.0
109.0,128.250941,37.942945,5129.2286544,-109.627,7.042,54.45,1.0
109.1,128.25112,37.943006,5131.8404856,-109.841,6.255,53.215,1.0
109.2,128.251297,37.94307,5134.226460000001,-111.028,5.53,51.952,1.0
109.3,128.251471,37.943137,5136.3856632,-112.191,4.828,50.668,1.0
109.4,128.251644,37.943207,5138.3342496000005,-112.094,4.111,49.38,1.0
109.5,128.251815,37.94328,5140.054236,-112.5,3.284,48.145,1.0
109.6,128.251983,37.943356,5141.5340400000005,-113.536,2.423,46.927,1.0
109.7,128.252149,37.943435,5142.7681752,-115.136,1.555,45.715,1.0
109.8,128.252312,37.943516,5143.7496312,-117.068,0.6,44.537,1.0
109.9,128.252472,37.9436,5144.4680448,-119.234,-0.441,43.392,1.0
110.0,128.25263,37.943687,5144.917929599999,-120.843,-1.537,42.266,1.0
110.1,128.252786,37.943775,5145.117268800001,-120.904,-2.645,41.143,1.0
110.2,128.252939,37.943866,5145.0435072,-120.548,-3.778,40.05,1.0
110.3,128.25309,37.943959,5144.7140184,-118.967,-4.868,38.952,1.0
110.4,128.253239,37.944054,5144.116000800001,-117.34,-5.927,37.851,1.0
110.5,128.253385,37.94415,5143.272619200001,-114.879,-6.895,36.707,1.0
110.6,128.253527,37.944249,5142.1716816,-113.453,-7.805,35.546,1.0
110.7,128.253667,37.94435,5140.8153216,-113.127,-8.641,34.349,1.0
110.8,128.253803,37.944453,5139.2065872,-113.678,-9.485,33.15,1.0
110.9,128.253936,37.944558,5137.347612,-114.281,-10.327,31.936,1.0
111.0,128.254066,37.944665,5135.258208,-113.89,-11.142,30.697,1.0
111.1,128.254193,37.944773,5132.9228304,-114.179,-12.005,29.475,1.0
111.2,128.254316,37.944883,5130.3332496,-115.157,-12.894,28.261,1.0
111.3,128.254435,37.944995,5127.4818456,-116.696,-13.818,27.062,1.0
111.4,128.254552,37.945108,5124.3673992,-118.008,-14.743,25.851,1.0
111.5,128.254665,37.945222,5121.0136848,-118.063,-15.647,24.605,1.0
111.6,128.254774,37.945338,5117.4045479999995,-117.788,-16.608,23.387,1.0
111.7,128.254881,37.945454,5113.5585816,-116.365,-17.556,22.161,1.0
111.8,128.254984,37.945571,5109.4559736,-115.6,-18.502,20.944,1.0
111.9,128.255083,37.945689,5105.0887992,-115.58,-19.403,19.715,1.0
112.0,128.255178,37.945809,5100.4613256,-116.167,-20.314,18.48,1.0
112.1,128.255269,37.945929,5095.578124800001,-116.607,-21.197,17.211,1.0
112.2,128.255358,37.94605,5090.4583992,-115.823,-22.087,15.93,1.0
112.3,128.255442,37.946172,5085.0930048,-114.859,-23.0,14.653,1.0
112.4,128.255523,37.946294,5079.493524,-112.945,-23.843,13.343,1.0
112.5,128.255601,37.946417,5073.652032,-111.865,-24.631,12.009,1.0
112.6,128.255674,37.94654,5067.5764536,-111.567,-25.409,10.657,1.0
112.7,128.255743,37.946664,5061.2667888,-111.901,-26.225,9.306,1.0
112.8,128.255807,37.946788,5054.7190752,-112.816,-27.053,7.942,1.0
112.9,128.255868,37.946912,5047.935446400001,-114.205,-27.887,6.554,1.0
113.0,128.255925,37.947036,5040.910416,-115.847,-28.805,5.183,1.0
113.1,128.255977,37.947161,5033.636973600001,-117.658,-29.8,3.831,1.0
113.2,128.256026,37.947285,5026.1218248000005,-118.901,-30.827,2.46,1.0
113.3,128.256072,37.947408,5018.3747232000005,-118.629,-31.834,1.053,1.0
113.4,128.256114,37.947532,5010.381648,-117.828,-32.892,359.676,1.0
113.5,128.256152,37.947655,5002.157534399999,-115.729,-33.921,358.277,1.0
113.6,128.256187,37.947777,4993.693848,-114.194,-34.927,356.871,1.0
113.7,128.256218,37.947899,4985.0003424,-113.34,-35.875,355.424,1.0
113.8,128.256246,37.94802,4976.0815896,-113.062,-36.824,353.96,1.0
113.9,128.256269,37.94814,4966.9421616,-112.64,-37.732,352.449,1.0
114.0,128.256289,37.94826,4957.591507200001,-111.131,-38.552,350.872,1.0
114.1,128.256305,37.948378,4948.0183488,-110.283,-39.335,349.273,1.0
114.2,128.256316,37.948496,4938.226039200001,-110.066,-40.117,347.655,1.0
114.3,128.256324,37.948612,4928.21214,-110.423,-40.878,346.001,1.0
114.4,128.256328,37.948727,4917.9766512,-110.471,-41.661,344.322,1.0
114.5,128.256328,37.948841,4907.5271928,-109.216,-42.43,342.606,1.0
114.6,128.256325,37.948954,4896.8780904000005,-107.77,-43.181,340.846,1.0
114.7,128.256319,37.949065,4886.0427552,-105.296,-43.831,339.016,1.0
114.8,128.256308,37.949175,4875.013872,-103.533,-44.503,337.189,1.0
114.9,128.256293,37.949284,4863.783211200001,-102.575,-45.157,335.345,1.0
115.0,128.256275,37.949391,4852.3632696,-101.672,-45.733,333.439,1.0
115.1,128.256253,37.949496,4840.774164,-99.789,-46.196,331.459,1.0
115.2,128.256227,37.9496,4829.0079696,-98.615,-46.696,329.478,1.0
115.3,128.256197,37.949701,4817.071392000001,-98.188,-47.204,327.473,1.0
115.4,128.256163,37.949801,4804.958335200001,-98.437,-47.692,325.429,1.0
115.5,128.256126,37.949899,4792.6602648,-98.519,-48.122,323.344,1.0
115.6,128.256085,37.949995,4780.1948592,-97.247,-48.525,321.208,1.0
115.7,128.25604,37.950089,4767.553584,-96.5,-48.949,319.064,1.0
115.8,128.255992,37.950181,4754.7708816,-95.453,-49.406,316.875,1.0
115.9,128.255941,37.95027,4741.8522384,-93.167,-49.786,314.635,1.0
116.0,128.255886,37.950357,4728.807408,-91.593,-50.133,312.377,1.0
116.1,128.255828,37.950441,4715.6275512,-90.69,-50.494,310.11,1.0
116.2,128.255767,37.950523,4702.3074864,-90.446,-50.827,307.822,1.0
116.3,128.255702,37.950601,4688.8493472,-90.037,-51.06,305.498,1.0
116.4,128.255634,37.950678,4675.2461232000005,-88.243,-51.242,303.158,1.0
116.5,128.255563,37.950751,4661.524636800001,-86.894,-51.506,300.789,1.0
116.6,128.255489,37.950822,4647.6739152,-86.19,-51.752,298.409,1.0
116.7,128.255411,37.950889,4633.7149896,-85.299,-51.914,295.995,1.0
116.8,128.255332,37.950954,4619.6606616,-83.026,-52.011,293.552,1.0
116.9,128.25525,37.951015,4605.5200752,-80.703,-52.025,291.126,1.0
117.0,128.255165,37.951074,4591.2782952,-77.353,-51.923,288.758,1.0
117.1,128.255077,37.951129,4576.9447704,-75.01,-51.788,286.447,1.0
117.2,128.254987,37.951182,4562.5463232,-72.848,-51.594,284.163,1.0
117.3,128.254893,37.951231,4548.074724,-69.722,-51.328,281.917,1.0
117.4,128.254797,37.951277,4533.573864,-67.751,-51.019,279.699,1.0
117.5,128.254699,37.951319,4519.0538016,-66.826,-50.721,277.479,1.0
117.6,128.254597,37.951357,4504.5209376,-66.885,-50.393,275.265,1.0
117.7,128.254493,37.951392,4489.9530216,-67.834,-50.011,273.096,1.0
117.8,128.254387,37.951424,4475.3503584,-69.269,-49.665,270.903,1.0
117.9,128.254278,37.951451,4460.722092000001,-70.056,-49.37,268.644,1.0
118.0,128.254168,37.951475,4446.0249408,-69.119,-49.038,266.405,1.0
118.1,128.254056,37.951496,4431.2878608,-67.685,-48.733,264.163,1.0
118.2,128.253942,37.951513,4416.5242632,-64.746,-48.392,261.942,1.0
118.3,128.253827,37.951526,4401.7368912,-62.696,-48.034,259.782,1.0
118.4,128.25371,37.951535,4386.9525672,-61.586,-47.653,257.654,1.0
118.5,128.253591,37.95154,4372.1874456000005,-61.377,-47.217,255.555,1.0
118.6,128.253471,37.951541,4357.416228,-60.903,-46.788,253.455,1.0
118.7,128.253349,37.951538,4342.6315992,-58.961,-46.317,251.381,1.0
118.8,128.253227,37.951531,4327.8789744000005,-57.887,-45.858,249.307,1.0
118.9,128.253104,37.95152,4313.192796,-57.782,-45.368,247.255,1.0
119.0,128.25298,37.951504,4298.5514232000005,-57.661,-44.807,245.271,1.0
119.1,128.252855,37.951485,4283.9063928000005,-56.26,-44.147,243.414,1.0
119.2,128.25273,37.951461,4269.307692,-54.839,-43.462,241.611,1.0
119.3,128.252604,37.951434,4254.7629408,-52.228,-42.706,239.89,1.0
119.4,128.252478,37.951403,4240.292256,-50.736,-41.991,238.19,1.0
119.5,128.252351,37.951367,4225.9111824,-50.414,-41.287,236.508,1.0
119.6,128.252224,37.951327,4211.628864,-51.153,-40.561,234.843,1.0
119.7,128.252096,37.951282,4197.4389,-52.609,-39.879,233.124,1.0
119.8,128.251969,37.951233,4183.3397664,-54.642,-39.222,231.368,1.0
119.9,128.251842,37.951179,4169.3153088,-56.014,-38.597,229.564,1.0
120.0,128.251716,37.951122,4155.349068,-55.468,-37.916,227.789,1.0
120.1,128.251591,37.95106,4141.4895072,-54.467,-37.246,226.012,1.0
120.2,128.251467,37.950995,4127.7070608,-51.835,-36.555,224.294,1.0
120.3,128.251344,37.950926,4114.0477536,-50.21,-35.907,222.591,1.0
120.4,128.251222,37.950852,4100.543589600001,-49.919,-35.173,220.988,1.0
120.5,128.251102,37.950774,4087.1896920000004,-50.616,-34.434,219.4,1.0
120.6,128.250983,37.950692,4073.9769168000003,-51.017,-33.702,217.798,1.0
120.7,128.250866,37.950606,4060.8820992,-49.82,-32.891,216.26,1.0
120.8,128.250751,37.950516,4047.9405960000004,-49.513,-32.135,214.713,1.0
120.9,128.250637,37.950422,4035.1633800000004,-49.04,-31.401,213.156,1.0
121.0,128.250526,37.950325,4022.5285056000002,-47.139,-30.594,211.666,1.0
121.1,128.250417,37.950224,4010.0755968,-46.517,-29.783,210.225,1.0
121.2,128.25031,37.950119,3997.8302568000004,-47.019,-29.01,208.757,1.0
121.3,128.250205,37.95001,3985.8028488000004,-48.487,-28.255,207.249,1.0
121.4,128.250104,37.949897,3973.9638072000002,-49.728,-27.481,205.758,1.0
121.5,128.250004,37.949781,3962.2619256000003,-49.263,-26.645,204.338,1.0
121.6,128.249908,37.949662,3950.7447528000002,-48.632,-25.811,202.936,1.0
121.7,128.249815,37.94954,3939.3982680000004,-46.447,-24.957,201.565,1.0
121.8,128.249724,37.949414,3928.2706296,-45.506,-24.165,200.179,1.0
121.9,128.249637,37.949284,3917.3810399999998,-46.075,-23.311,198.87,1.0
122.0,128.249553,37.949151,3906.732852,-47.725,-22.469,197.537,1.0
122.1,128.249473,37.949015,3896.3126544,-49.038,-21.645,196.154,1.0
122.2,128.249396,37.948877,3886.07808,-48.54,-20.773,194.797,1.0
122.3,128.249323,37.948735,3876.0602184000004,-47.824,-19.954,193.427,1.0
122.4,128.249253,37.948591,3866.2371239999998,-45.603,-19.113,192.095,1.0
122.5,128.249187,37.948444,3856.6764624000007,-44.874,-18.271,190.791,1.0
122.6,128.249125,37.948294,3847.3968264,-45.503,-17.469,189.455,1.0
122.7,128.249068,37.948141,3838.3966920000003,-47.411,-16.648,188.12,1.0
122.8,128.249014,37.947987,3829.653504,-49.235,-15.766,186.824,1.0
122.9,128.248965,37.94783,3821.113008,-49.144,-14.871,185.535,1.0
123.0,128.24892,37.947671,3812.8184856,-48.826,-14.019,184.223,1.0
123.1,128.248879,37.94751,3804.7440288,-46.939,-13.127,182.958,1.0
123.2,128.248843,37.947347,3796.9374912000003,-45.29,-12.239,181.727,1.0
123.3,128.24881,37.947182,3789.3775368,-42.529,-11.282,180.583,1.0
123.4,128.248782,37.947016,3782.1403656,-41.535,-10.357,179.429,1.0
123.5,128.248759,37.946848,3775.2482280000004,-42.242,-9.459,178.242,1.0
123.6,128.248741,37.946678,3768.6959424,-44.405,-8.577,177.016,1.0
123.7,128.248727,37.946507,3762.4716215999997,-47.664,-7.741,175.723,1.0
123.8,128.248718,37.946334,3756.5392992,-50.54,-6.93,174.386,1.0
123.9,128.248713,37.946161,3750.8377104,-51.314,-6.116,173.035,1.0
124.0,128.248714,37.945987,3745.3967256000005,-51.818,-5.319,171.693,1.0
124.1,128.248719,37.945813,3740.1855600000004,-50.553,-4.494,170.386,1.0
124.2,128.24873,37.945637,3735.2670024000004,-50.441,-3.768,169.023,1.0
124.3,128.248746,37.945461,3730.65294,-51.511,-3.118,167.606,1.0
124.4,128.248768,37.945285,3726.3314856,-53.743,-2.461,166.181,1.0
124.5,128.248795,37.945109,3722.2715496,-55.713,-1.767,164.771,1.0
124.6,128.248827,37.944933,3718.4240592,-55.519,-1.128,163.31,1.0
124.7,128.248864,37.944757,3714.8350392,-56.275,-0.597,161.788,1.0
124.8,128.248907,37.944582,3711.4919928,-57.0,-0.02,160.302,1.0
124.9,128.248955,37.944407,3708.3510288,-56.088,0.664,158.891,1.0
125.0,128.249008,37.944233,3705.4667064,-56.424,1.299,157.469,1.0
125.1,128.249068,37.944059,3702.8481696,-57.925,1.87,156.014,1.0
125.2,128.249132,37.943887,3700.4682912000003,-59.172,2.4,154.519,1.0
125.3,128.249202,37.943715,3698.2798272,-58.62,2.983,153.046,1.0
125.4,128.249277,37.943545,3696.3294120000005,-59.271,3.514,151.555,1.0
125.5,128.249358,37.943377,3694.6203984000003,-61.015,3.961,150.016,1.0
125.6,128.249444,37.94321,3693.1338888,-63.682,4.339,148.43,1.0
125.7,128.249535,37.943046,3691.8336120000004,-65.897,4.694,146.825,1.0
125.8,128.249631,37.942883,3690.6759816000003,-65.994,5.045,145.226,1.0
125.9,128.249733,37.942722,3689.6786760000005,-65.891,5.387,143.64,1.0
126.0,128.249839,37.942563,3688.822188,-64.189,5.81,142.099,1.0
126.1,128.24995,37.942406,3688.157724,-63.778,6.123,140.543,1.0
126.2,128.250066,37.942253,3687.6904656,-64.813,6.43,138.989,1.0
126.3,128.250187,37.942101,3687.4066967999997,-67.086,6.728,137.416,1.0
126.4,128.250314,37.941953,3687.2866056000003,-70.292,6.974,135.817,1.0
126.5,128.250445,37.941808,3687.2933112,-72.977,7.172,134.191,1.0
126.6,128.250581,37.941665,3687.3829224,-73.449,7.33,132.537,1.0
126.7,128.25072,37.941526,3687.564888,-73.552,7.421,130.881,1.0
126.8,128.250864,37.941389,3687.8257968,-71.982,7.555,129.259,1.0
126.9,128.251013,37.941256,3688.2025296,-71.719,7.637,127.652,1.0
127.0,128.251166,37.941126,3688.6871616000003,-71.74,7.786,126.068,1.0
127.1,128.251322,37.940999,3689.2525656000003,-70.479,8.062,124.509,1.0
127.2,128.251483,37.940877,3689.9368416,-70.731,8.327,122.963,1.0
127.3,128.251647,37.940758,3690.7457808,-72.298,8.512,121.401,1.0
127.4,128.251815,37.940642,3691.65378,-73.927,8.731,119.844,1.0
127.5,128.251986,37.940531,3692.632188,-73.902,8.987,118.29,1.0
127.6,128.252161,37.940423,3693.7038648,-74.876,9.087,116.7,1.0
127.7,128.252339,37.940319,3694.855704,-76.993,9.169,115.101,1.0
127.8,128.252521,37.94022,3696.0727704,-79.974,9.208,113.49,1.0
127.9,128.252705,37.940125,3697.3318992,-83.406,9.077,111.842,1.0
128.0,128.252893,37.940035,3698.5928568000004,-86.069,8.853,110.163,1.0
128.1,128.253083,37.939948,3699.825468,-86.496,8.606,108.47,1.0
128.2,128.253275,37.939865,3701.027904,-86.498,8.349,106.796,1.0
128.3,128.253469,37.939786,3702.1980312,-84.704,8.087,105.141,1.0
128.4,128.253666,37.939712,3703.3553568,-84.054,7.792,103.517,1.0
128.5,128.253865,37.939643,3704.5017096,-84.743,7.568,101.918,1.0
128.6,128.254066,37.939578,3705.6325176,-86.607,7.415,100.328,1.0
128.7,128.25427,37.939518,3706.7325408,-89.262,7.216,98.723,1.0
128.8,128.254475,37.939463,3707.7789192000005,-92.349,6.87,97.094,1.0
128.9,128.254681,37.939412,3708.7423920000006,-94.604,6.381,95.45,1.0
129.0,128.254889,37.939366,3709.6086336,-94.74,5.894,93.804,1.0
129.1,128.255098,37.939324,3710.373072,-94.473,5.405,92.189,1.0
129.2,128.255308,37.939285,3711.042108,-92.473,4.915,90.594,1.0
129.3,128.25552,37.939252,3711.6206184000002,-91.658,4.435,89.023,1.0
129.4,128.255732,37.939224,3712.1098224,-92.208,4.069,87.455,1.0
129.5,128.255945,37.9392,3712.5094152,-93.765,3.687,85.887,1.0
129.6,128.256159,37.939182,3712.803852,-95.021,3.265,84.302,1.0
129.7,128.256373,37.939167,3712.9870368,-94.581,2.895,82.692,1.0
129.8,128.256587,37.939157,3713.0595792,-94.986,2.439,81.106,1.0
129.9,128.256801,37.939152,3713.0144688000005,-96.267,1.927,79.543,1.0
130.0,128.257014,37.939152,3712.8370752,-98.384,1.428,77.971,1.0
130.1,128.257227,37.939156,3712.5149016,-99.985,0.885,76.395,1.0
130.2,128.25744,37.939165,3712.0491672,-99.539,0.263,74.817,1.0
130.3,128.257652,37.939177,3711.4279848000006,-98.824,-0.374,73.252,1.0
130.4,128.257862,37.939194,3710.6632416,-96.708,-0.908,71.691,1.0
130.5,128.258072,37.939215,3709.7613384,-94.739,-1.432,70.16,1.0
130.6,128.258281,37.93924,3708.7384296,-91.847,-1.805,68.616,1.0
130.7,128.258488,37.93927,3707.613108,-90.621,-2.105,67.077,1.0
130.8,128.258692,37.939304,3706.3957368,-90.879,-2.415,65.535,1.0
130.9,128.258895,37.939342,3705.0838776,-92.385,-2.75,63.985,1.0
131.0,128.259095,37.939385,3703.6656432,-94.85,-3.141,62.43,1.0
131.1,128.259293,37.939432,3702.1227456,-97.978,-3.619,60.869,1.0
131.2,128.259488,37.939483,3700.4323248,-100.539,-4.174,59.31,1.0
131.3,128.259681,37.939538,3698.589504,-101.148,-4.756,57.742,1.0
131.4,128.259871,37.939596,3696.5769096000004,-102.245,-5.423,56.206,1.0
131.5,128.260058,37.939658,3694.3853976,-102.865,-6.149,54.69,1.0
131.6,128.260243,37.939723,3692.0253312,-101.761,-6.869,53.167,1.0
131.7,128.260425,37.939791,3689.4875664,-101.455,-7.613,51.665,1.0
131.8,128.260604,37.939863,3686.7711888000003,-101.139,-8.275,50.148,1.0
131.9,128.260779,37.939938,3683.8932672,-99.41,-8.9,48.625,1.0
132.0,128.260952,37.940017,3680.8559352000007,-98.695,-9.545,47.111,1.0
132.1,128.26112,37.940098,3677.6585832,-99.095,-10.144,45.589,1.0
132.2,128.261284,37.940183,3674.2987728000003,-99.544,-10.662,44.048,1.0
132.3,128.261446,37.94027,3670.7877816,-98.553,-11.18,42.503,1.0
132.4,128.261604,37.94036,3667.1222568000003,-97.58,-11.692,40.964,1.0
132.5,128.261758,37.940453,3663.30738,-95.539,-12.111,39.431,1.0
132.6,128.261909,37.940549,3659.3510760000004,-94.621,-12.58,37.921,1.0
132.7,128.262055,37.940648,3655.265232,-94.893,-13.042,36.39,1.0
132.8,128.262198,37.94075,3651.0443616000002,-96.167,-13.511,34.845,1.0
132.9,128.262336,37.940855,3646.679016,-98.257,-13.988,33.284,1.0
133.0,128.262469,37.940962,3642.157308,-100.897,-14.509,31.714,1.0
133.1,128.262598,37.941071,3637.4685696,-102.87,-15.144,30.142,1.0
133.2,128.262723,37.941182,3632.6146296,-102.963,-15.829,28.56,1.0
133.3,128.262844,37.941295,3627.5784192000006,-103.493,-16.582,26.999,1.0
133.4,128.26296,37.94141,3622.3535376,-104.552,-17.345,25.44,1.0
133.5,128.263072,37.941526,3616.9338888,-105.937,-18.2,23.897,1.0
133.6,128.263178,37.941644,3611.311548,-107.608,-19.128,22.358,1.0
133.7,128.26328,37.941764,3605.4737136000003,-109.546,-20.093,20.817,1.0
133.8,128.263377,37.941884,3599.4173376,-110.868,-21.022,19.238,1.0
133.9,128.263471,37.942006,3593.1594888000004,-110.278,-21.955,17.647,1.0
134.0,128.263559,37.942128,3586.6800504000003,-109.95,-23.001,16.111,1.0
134.1,128.263643,37.942251,3579.9710976,-110.096,-24.067,14.591,1.0
134.2,128.263722,37.942375,3573.0359832,-109.898,-25.079,13.036,1.0
134.3,128.263796,37.942499,3565.8920808,-108.278,-25.949,11.418,1.0
134.4,128.263866,37.942624,3558.5384760000006,-107.36,-26.794,9.792,1.0
134.5,128.263931,37.942749,3550.9782168000006,-107.129,-27.644,8.165,1.0
134.6,128.263991,37.942874,3543.2091695999998,-107.46,-28.539,6.542,1.0
134.7,128.264046,37.942999,3535.2292008000004,-107.505,-29.398,4.888,1.0
134.8,128.264096,37.943124,3527.0617800000005,-106.145,-30.145,3.169,1.0
134.9,128.264142,37.943249,3518.7023352000006,-105.441,-30.909,1.455,1.0
135.0,128.264183,37.943374,3510.1520856,-105.358,-31.727,359.751,1.0
135.1,128.264218,37.943498,3501.4046304000003,-105.903,-32.538,358.028,1.0
135.2,128.264248,37.943622,3492.4566168000006,-106.984,-33.335,356.28,1.0
135.3,128.264274,37.943745,3483.3132264,-108.387,-34.196,354.517,1.0
135.4,128.264295,37.943867,3473.9692776,-110.035,-35.106,352.74,1.0
135.5,128.264311,37.943989,3464.4189792,-111.758,-36.132,350.978,1.0
135.6,128.264322,37.944108,3454.6507488000007,-112.749,-37.182,349.192,1.0
135.7,128.26433,37.944227,3444.6737304000003,-111.968,-38.149,347.341,1.0
135.8,128.264334,37.944345,3434.4873144000003,-111.483,-39.162,345.499,1.0
135.9,128.264333,37.94446,3424.0875384,-111.329,-40.242,343.675,1.0
136.0,128.264327,37.944574,3413.473488,-111.578,-41.315,341.818,1.0
136.1,128.264318,37.944686,3402.6405912,-112.242,-42.331,339.896,1.0
136.2,128.264304,37.944796,3391.5864096000005,-113.167,-43.358,337.947,1.0
136.3,128.264286,37.944904,3380.3213064,-114.203,-44.472,335.995,1.0
136.4,128.264265,37.94501,3368.8452816,-114.496,-45.622,334.009,1.0
136.5,128.26424,37.945113,3357.1738800000003,-112.961,-46.752,331.964,1.0
136.6,128.264212,37.945214,3345.2994816,-111.013,-47.85,329.878,1.0
136.7,128.264181,37.945313,3333.2376312,-107.747,-48.795,327.687,1.0
136.8,128.264147,37.94541,3320.9898528000003,-104.55,-49.599,325.421,1.0
136.9,128.264109,37.945504,3308.5759584,-100.372,-50.25,323.083,1.0
137.0,128.264068,37.945595,3296.0032632,-97.486,-50.762,320.699,1.0
137.1,128.264022,37.945683,3283.2848736000005,-95.807,-51.191,318.274,1.0
137.2,128.263973,37.945769,3270.4335912,-95.076,-51.62,315.802,1.0
137.3,128.26392,37.945851,3257.4552072,-95.128,-52.057,313.276,1.0
137.4,128.263864,37.945931,3244.3503312,-95.879,-52.514,310.827,1.0
137.5,128.263805,37.946007,3231.1165248,-97.305,-52.965,308.558,1.0
137.6,128.263742,37.94608,3217.7504352000005,-98.861,-53.463,306.019,1.0
137.7,128.263677,37.946149,3204.2490144000003,-100.366,-54.097,303.323,1.0
137.8,128.263609,37.946215,3190.6083000000003,-102.037,-54.767,300.726,1.0
137.9,128.263539,37.946278,3176.8313399999997,-104.962,-55.3,299.622,1.0
138.0,128.263468,37.946337,3162.9147816,-108.726,-55.807,299.612,1.0
138.1,128.263396,37.946393,3148.8546624000005,-112.787,-56.345,299.87,1.0
138.2,128.263323,37.946446,3134.6491536,-117.065,-56.932,300.15,1.0
138.3,128.263249,37.946497,3120.2958168000005,-120.68,-57.862,299.27,1.0
138.4,128.263175,37.946545,3105.7919088,-124.724,-58.742,298.481,1.0
138.5,128.263101,37.94659,3091.155108,-130.47,-58.952,299.396,1.0
138.6,128.263027,37.946634,3076.3899864,-137.261,-58.628,301.354,1.0
138.7,128.262954,37.946677,3061.5108695999998,-143.261,-58.51,302.592,1.0
138.8,128.262881,37.946718,3046.5183672,-148.077,-59.442,302.236,1.0
138.9,128.262808,37.946759,3031.4103456000003,-150.973,-61.094,300.694,1.0
139.0,128.262735,37.9468,3016.1852808,-152.233,-62.705,299.146,1.0
139.1,128.262663,37.946839,3000.8239704000002,-153.589,-64.152,297.86,1.0
139.2,128.262591,37.946878,2985.3410448,-154.486,-64.769,297.695,1.0
139.3,128.262519,37.946917,2969.7252264,-156.146,-64.95,298.209,1.0
139.4,128.262448,37.946955,2953.9969368,-157.083,-64.692,299.001,1.0
139.5,128.262377,37.946992,2938.1430695999998,-159.017,-65.099,299.179,1.0
139.6,128.262308,37.947027,2922.1456416,-161.078,-66.875,298.123,1.0
139.7,128.262242,37.94706,2905.9927656,-163.114,-69.366,296.138,1.0
139.8,128.262178,37.947091,2889.6710304000003,-164.587,-72.086,293.789,1.0
139.9,128.262116,37.947121,2873.183484,-164.082,-74.877,291.292,1.0
140.0,128.262057,37.947148,2856.5212872,-163.542,-77.395,288.86,1.0
140.1,128.262002,37.947174,2839.702728,-162.205,-78.905,286.947,1.0
140.2,128.26195,37.947197,2822.7250632,-162.144,-80.473,285.097,1.0
140.3,128.261903,37.947218,2805.5946936,-160.863,-82.49,281.956,1.0
140.4,128.261859,37.947237,2788.3216776000004,-155.758,-84.574,276.394,1.0
140.5,128.26182,37.947254,2770.9115016,-146.102,-86.553,266.135,1.0
140.6,128.261784,37.947269,2753.3736144000004,-116.108,-88.096,236.621,1.0
140.7,128.261754,37.947282,2735.7205128,-54.743,-88.203,174.174,1.0
140.8,128.261728,37.947292,2717.9668272,-24.41,-86.878,142.402,1.0
140.9,128.261707,37.9473,2700.096708,-13.94,-85.235,131.626,1.0
141.0,128.261691,37.947307,2682.092172,-9.244,-83.574,126.255,1.0
141.1,128.26168,37.947311,2663.9852232000003,-6.198,-81.898,123.51,1.0
141.2,128.261674,37.947313,2645.8356024,-4.283,-80.225,121.4,1.0
141.3,128.261672,37.947313,2627.6491008000003,-1.624,-78.558,119.554,1.0
141.4,128.261677,37.947311,2609.4488831999997,-0.562,-76.904,117.552,1.0
141.5,128.261686,37.947307,2591.2514088000003,-1.352,-75.309,115.659,1.0
141.6,128.261702,37.9473,2573.0786232,-3.451,-73.769,113.655,1.0
141.7,128.261723,37.947292,2554.9332696,-5.975,-72.135,111.936,1.0
141.8,128.261749,37.947283,2536.81992,-7.293,-70.472,110.539,1.0
141.9,128.261781,37.947272,2518.7821608,-9.562,-68.837,108.999,1.0
142.0,128.261819,37.947261,2500.8327936,-11.728,-67.219,107.502,1.0
142.1,128.261862,37.947249,2482.9416432000003,-12.409,-65.601,106.245,1.0
142.2,128.261911,37.947237,2465.141628,-13.041,-64.006,105.046,1.0
142.3,128.261965,37.947225,2447.4339672,-12.302,-62.407,104.035,1.0
142.4,128.262025,37.947213,2429.8588944000003,-11.755,-60.826,103.085,1.0
142.5,128.262089,37.9472,2412.3777,-9.028,-59.235,102.399,1.0
142.6,128.262157,37.947188,2394.9483216000003,-5.589,-57.667,101.91,1.0
142.7,128.26223,37.947174,2377.6143456,-3.273,-56.162,101.537,1.0
142.8,128.262306,37.947161,2360.3638848,-0.693,-54.698,101.353,1.0
142.9,128.262388,37.947147,2343.2420496,-0.75,-53.29,101.287,1.0
143.0,128.262475,37.947132,2326.32504,-1.832,-51.897,101.259,1.0
143.1,128.262568,37.947116,2309.6152944,-1.977,-50.464,101.226,1.0
143.2,128.262666,37.947099,2293.156704,-2.892,-49.01,101.208,1.0
143.3,128.262769,37.947082,2276.9331144000002,-2.806,-47.523,101.197,1.0
143.4,128.262877,37.947065,2260.9978656,-3.34,-46.025,101.141,1.0
143.5,128.26299,37.947047,2245.3183440000003,-2.852,-44.512,101.091,1.0
143.6,128.263108,37.947028,2229.9411840000002,-2.987,-43.003,100.985,1.0
143.7,128.26323,37.947009,2214.827676,-2.248,-41.485,100.938,1.0
143.8,128.263357,37.94699,2200.0482288000003,-2.281,-39.962,100.883,1.0
143.9,128.263488,37.94697,2185.5479784,-1.465,-38.439,100.874,1.0
144.0,128.263623,37.946949,2171.3778264000002,-1.468,-36.926,100.857,1.0
144.1,128.263763,37.946928,2157.5167416,-0.656,-35.397,100.884,1.0
144.2,128.263907,37.946907,2144.0147112,-0.699,-33.876,100.903,1.0
144.3,128.264055,37.946884,2130.8360736,0.08,-32.347,100.948,1.0
144.4,128.264207,37.946861,2118.0478848,0.0,-30.82,100.972,1.0
144.5,128.264362,37.946838,2105.6022912000003,0.688,-29.292,101.04,1.0
144.6,128.264521,37.946814,2093.566044,0.574,-27.768,101.049,1.0
144.7,128.264683,37.946789,2081.876964,1.24,-26.252,101.079,1.0
144.8,128.264849,37.946764,2070.6014976,0.877,-24.744,101.16,1.0
144.9,128.265018,37.946738,2059.7039832,1.321,-23.22,101.265,1.0
145.0,128.26519,37.946712,2049.267936,-0.237,-21.702,101.286,1.0
145.1,128.265364,37.946685,2039.300976,-2.367,-20.171,101.299,1.0
145.2,128.265542,37.946658,2029.7192832,-3.083,-18.632,101.275,1.0
145.3,128.265722,37.946631,2020.5844272000002,-4.07,-17.109,101.176,1.0
145.4,128.265904,37.946603,2011.8519072000001,-3.742,-15.577,101.068,1.0
145.5,128.266089,37.946576,2003.5817688,-3.877,-14.062,100.933,1.0
145.6,128.266276,37.946548,1995.7133568000002,-2.9,-12.556,100.818,1.0
145.7,128.266465,37.94652,1988.3103744000002,-2.612,-11.066,100.71,1.0
145.8,128.266657,37.946493,1981.3258824,-1.446,-9.557,100.669,1.0
145.9,128.26685,37.946464,1974.825108,-1.078,-8.055,100.616,1.0
146.0,128.267044,37.946436,1968.7492248,0.065,-6.552,100.621,1.0
146.1,128.267241,37.946408,1963.1616312000003,0.275,-5.062,100.641,1.0
146.2,128.267439,37.946379,1958.0028912000002,1.179,-3.575,100.734,1.0
146.3,128.267637,37.94635,1953.3388416,1.184,-2.087,100.813,1.0
146.4,128.267837,37.946321,1949.109132,1.967,-0.595,100.912,1.0
146.5,128.268038,37.946291,1945.4006304,0.707,0.891,100.936,1.0
146.6,128.268239,37.946262,1942.2081552,-1.184,2.386,100.956,1.0
146.7,128.268441,37.946232,1939.4463624,-1.804,3.899,100.962,1.0
146.8,128.268643,37.946202,1937.176212,-2.788,5.412,100.902,1.0
146.9,128.268845,37.946173,1935.3349152000003,-2.562,6.925,100.844,1.0
147.0,128.269047,37.946143,1933.9840416,-2.835,8.419,100.761,1.0
147.1,128.269249,37.946114,1933.0620216000002,-2.037,9.909,100.697,1.0
147.2,128.269451,37.946085,1932.6276816,-1.882,11.386,100.621,1.0
147.3,128.269652,37.946056,1932.6237192,-0.849,12.858,100.604,1.0
147.4,128.269853,37.946027,1933.1080464000001,-0.564,14.318,100.57,1.0
147.5,128.270053,37.945999,1934.0126928,0.496,15.791,100.588,1.0
147.6,128.270253,37.94597,1935.4245264,-0.409,17.247,100.556,1.0
147.7,128.270451,37.945942,1937.3569584000002,-3.053,18.708,100.48,1.0
147.8,128.270649,37.945914,1939.7749368000002,-5.856,20.192,100.35,1.0
147.9,128.270846,37.945886,1942.5973848,-7.051,21.693,100.166,1.0
148.0,128.271041,37.945859,1945.876728,-8.269,23.181,99.884,1.0
148.1,128.271236,37.945833,1949.5550544,-8.064,24.665,99.585,1.0
148.2,128.271429,37.945808,1953.6838752,-8.15,26.133,99.253,1.0
148.3,128.271621,37.945783,1958.2068024000002,-7.104,27.603,98.961,1.0
148.4,128.271811,37.945759,1963.1729088,-6.612,29.06,98.667,1.0
148.5,128.272,37.945735,1968.5261112,-5.251,30.523,98.456,1.0
148.6,128.272186,37.945713,1974.3127392000001,-4.634,31.978,98.246,1.0
148.7,128.272371,37.945691,1980.4800624000002,-3.294,33.435,98.092,1.0
148.8,128.272553,37.945669,1987.0908696000001,-3.938,34.884,97.921,1.0
148.9,128.272732,37.945648,1994.1445512,-6.338,36.342,97.718,1.0
149.0,128.272909,37.945628,2001.607884,-8.998,37.819,97.467,1.0
149.1,128.273084,37.945609,2009.4104592,-10.218,39.305,97.143,1.0
149.2,128.273255,37.945591,2017.5885480000002,-11.548,40.769,96.673,1.0
149.3,128.273425,37.945573,2026.0918584000003,-11.614,42.231,96.209,1.0
149.4,128.273591,37.945557,2034.953004,-11.996,43.675,95.689,1.0
149.5,128.273755,37.945542,2044.1238264,-11.315,45.12,95.194,1.0
149.6,128.273915,37.945528,2053.6354152000004,-11.153,46.549,94.672,1.0
149.7,128.274073,37.945515,2063.4420504000004,-10.142,47.987,94.226,1.0
149.8,128.274227,37.945503,2073.572688,-9.802,49.409,93.724,1.0
149.9,128.274377,37.945491,2083.9822176000002,-8.772,50.833,93.239,1.0
150.0,128.274524,37.945481,2094.709044,-9.604,52.25,92.747,1.0
150.1,128.274668,37.945472,2105.7373176,-11.089,53.675,92.235,1.0
150.2,128.274807,37.945463,2117.0118696,-11.679,55.117,91.738,1.0
150.3,128.274943,37.945455,2128.5488544,-12.788,56.551,91.177,1.0
150.4,128.275076,37.945449,2140.3065144,-13.018,57.988,90.603,1.0
150.5,128.275204,37.945443,2152.3089288,-13.791,59.404,89.937,1.0
150.6,128.275329,37.945438,2164.5216552,-13.753,60.821,89.272,1.0
150.7,128.275449,37.945434,2176.9709064,-15.301,62.209,88.42,1.0
150.8,128.275565,37.945431,2189.635956,-17.336,63.597,87.467,1.0
150.9,128.275677,37.945429,2202.475656,-18.44,64.988,86.389,1.0
151.0,128.275786,37.945429,2215.5025032,-20.023,66.348,85.07,1.0
151.1,128.27589,37.945429,2228.6851032,-20.795,67.706,83.669,1.0
151.2,128.27599,37.94543,2242.0298568000003,-22.18,69.033,82.034,1.0
151.3,128.276086,37.945432,2255.513904,-22.904,70.36,80.334,1.0
151.4,128.276178,37.945435,2269.1357208000004,-24.41,71.652,78.33,1.0
151.5,128.276266,37.945439,2282.8648272,-25.44,72.947,76.206,1.0
151.6,128.276349,37.945444,2296.7262168,-28.301,74.196,73.696,1.0
151.7,128.276428,37.94545,2310.7076976000003,-32.044,75.419,70.798,1.0
151.8,128.276502,37.945457,2324.7778752000004,-35.373,76.642,67.553,1.0
151.9,128.276572,37.945464,2338.9318728000003,-39.759,77.797,63.564,1.0
152.0,128.276639,37.945473,2353.1526216,-44.1,78.89,58.806,1.0
152.1,128.2767,37.945482,2367.4373784,-49.873,79.855,52.938,1.0
152.2,128.276758,37.945493,2381.7724272,-56.027,80.693,45.942,1.0
152.3,128.276811,37.945504,2396.1464904,-63.893,81.338,37.65,1.0
152.4,128.27686,37.945516,2410.5528624000003,-72.202,81.801,28.326,1.0
152.5,128.276905,37.945528,2424.985752,-81.833,82.03,18.233,1.0
152.6,128.276946,37.945542,2439.4274808,-91.267,82.037,7.849,1.0
152.7,128.276981,37.945556,2453.8710384,-101.719,81.775,357.806,1.0
152.8,128.277012,37.945571,2468.3060616000002,-112.554,81.271,348.629,1.0
152.9,128.277039,37.945586,2482.7008512,-122.537,80.549,340.554,1.0
153.0,128.277062,37.945603,2497.0447392,-130.501,79.665,333.61,1.0
153.1,128.27708,37.94562,2511.3398592000003,-137.528,78.573,328.305,1.0
153.2,128.277094,37.945638,2525.5755432,-143.121,77.33,324.35,1.0
153.3,128.277104,37.945657,2539.7496576000003,-146.64,75.988,321.371,1.0
153.4,128.27711,37.945678,2553.8451336,-149.127,74.548,319.352,1.0
153.5,128.277112,37.945699,2567.8638,-150.49,73.098,317.674,1.0
153.6,128.277111,37.945721,2581.7818824,-151.795,71.632,316.322,1.0
153.7,128.277106,37.945744,2595.5999904,-152.412,70.173,315.094,1.0
153.8,128.277097,37.945768,2609.304408,-153.262,68.71,314.062,1.0
153.9,128.277084,37.945793,2622.9100704,-153.791,67.279,312.991,1.0
154.0,128.277068,37.945819,2636.376744,-154.768,65.847,312.015,1.0
154.1,128.277048,37.945846,2649.6968088,-155.51,64.429,310.978,1.0
154.2,128.277024,37.945874,2662.8611208,-157.495,63.032,309.95,1.0
154.3,128.276997,37.945903,2675.857488,-159.968,61.643,308.921,1.0
154.4,128.276966,37.945933,2688.703284,-161.807,60.247,307.953,1.0
154.5,128.276932,37.945964,2701.3783920000005,-163.696,58.831,307.154,1.0
154.6,128.276895,37.945995,2713.8977472,-165.025,57.423,306.344,1.0
154.7,128.276854,37.946028,2726.2208112000003,-166.424,55.999,305.652,1.0
154.8,128.276811,37.946062,2738.3488032000005,-167.131,54.56,305.01,1.0
154.9,128.276764,37.946096,2750.2832472,-167.903,53.118,304.479,1.0
155.0,128.276714,37.946132,2762.0418216,-168.018,51.682,303.992,1.0
155.1,128.276662,37.946168,2773.5989232,-168.2,50.235,303.624,1.0
155.2,128.276606,37.946205,2784.9627816,-167.83,48.787,303.273,1.0
155.3,128.276548,37.946243,2796.1205952,-167.806,47.347,302.914,1.0
155.4,128.276487,37.946282,2807.0821176,-167.387,45.917,302.516,1.0
155.5,128.276423,37.946322,2817.8266224,-167.258,44.483,302.16,1.0
155.6,128.276356,37.946362,2828.3605104,-166.775,43.055,301.768,1.0
155.7,128.276287,37.946403,2838.6761616000003,-166.704,41.637,301.367,1.0
155.8,128.276216,37.946444,2848.7808912,-166.325,40.232,300.923,1.0
155.9,128.276142,37.946486,2858.6558016,-166.294,38.853,300.508,1.0
156.0,128.276066,37.946529,2868.317352,-165.849,37.525,300.124,1.0
156.1,128.275987,37.946572,2877.7487784000004,-165.706,36.161,299.787,1.0
156.2,128.275906,37.946615,2886.9647112000002,-165.258,34.785,299.422,1.0
156.3,128.275822,37.946659,2895.9483864000003,-165.669,33.397,299.106,1.0
156.4,128.275737,37.946704,2904.6943176,-166.473,32.009,298.775,1.0
156.5,128.275649,37.946748,2913.2143920000003,-166.78,30.612,298.467,1.0
156.6,128.275558,37.946794,2921.483616,-167.801,29.201,298.218,1.0
156.7,128.275466,37.946839,2929.5022943999998,-169.085,27.793,297.959,1.0
156.8,128.275371,37.946885,2937.2862768,-169.776,26.383,297.715,1.0
156.9,128.275275,37.946932,2944.8123984000003,-170.532,24.961,297.531,1.0
157.0,128.275176,37.946978,2952.0925464,-170.753,23.538,297.337,1.0
157.1,128.275076,37.947026,2959.1026416000004,-171.534,22.105,297.23,1.0
157.2,128.274973,37.947073,2965.83354,-172.441,20.66,297.149,1.0
157.3,128.274869,37.947121,2972.3145024,-172.289,19.207,297.065,1.0
157.4,128.274764,37.947169,2978.5808856,-171.377,17.762,296.956,1.0
157.5,128.274657,37.947218,2984.6421384,-170.337,16.406,296.824,1.0
157.6,128.274549,37.947267,2990.4741816,-169.693,15.282,296.761,1.0
157.7,128.274439,37.947316,2996.0855496,-168.959,14.088,296.66,1.0
157.8,128.274328,37.947365,3001.4466768,-169.094,12.81,296.572,1.0
157.9,128.274215,37.947415,3006.5298264,-169.622,11.49,296.474,1.0
158.0,128.2741,37.947465,3011.3471904,-169.852,10.142,296.347,1.0
158.1,128.273984,37.947515,3015.8673744,-170.852,8.766,296.246,1.0
158.2,128.273867,37.947565,3020.0687376,-172.568,7.358,296.176,1.0
158.3,128.273749,37.947615,3023.9476224,-174.85,5.914,296.164,1.0
158.4,128.27363,37.947666,3027.5034192000003,-177.577,4.443,296.225,1.0
158.5,128.27351,37.947716,3030.742224,179.828,2.959,296.342,1.0
158.6,128.27339,37.947767,3033.6862872,178.087,1.478,296.492,1.0
158.7,128.273268,37.947818,3036.317016,176.534,0.023,296.723,1.0
158.8,128.273145,37.947869,3038.6493456000003,175.777,-1.396,296.99,1.0
158.9,128.273023,37.947921,3040.6665120000002,175.06,-2.768,297.302,1.0
159.0,128.272899,37.947973,3042.3913752000003,174.973,-3.739,297.578,1.0
159.1,128.272774,37.948026,3043.8068664,174.775,-4.717,297.884,1.0
159.2,128.27265,37.948079,3044.932188,175.062,-5.792,298.181,1.0
159.3,128.272525,37.948132,3045.7524048,174.57,-6.752,298.479,1.0
159.4,128.272399,37.948186,3046.2693456,173.726,-7.706,298.709,1.0
159.5,128.272274,37.948239,3046.5028224000002,173.324,-8.882,298.913,1.0
159.6,128.272148,37.948293,3046.4421672,172.75,-10.031,299.169,1.0
159.7,128.272023,37.948348,3046.1135928,173.156,-11.274,299.416,1.0
159.8,128.271897,37.948402,3045.5500176,174.271,-12.39,299.628,1.0
159.9,128.27177,37.948457,3044.749308,175.68,-13.45,299.814,1.0
160.0,128.271643,37.948512,3043.7324952,177.504,-14.634,299.936,1.0
160.1,128.271517,37.948567,3042.4870824000004,179.323,-15.706,299.964,1.0
160.2,128.271389,37.948623,3041.0237376,-178.516,-16.604,299.954,1.0
160.3,128.271262,37.948678,3039.3217344000004,-176.673,-17.248,299.936,1.0
160.4,128.271134,37.948734,3037.3658328000006,-175.428,-18.03,299.894,1.0
160.5,128.271006,37.94879,3035.1212856,-175.451,-19.115,299.842,1.0
160.6,128.270878,37.948845,3032.5691952,-176.672,-20.341,299.761,1.0
160.7,128.270751,37.9489,3029.7092568000003,-178.904,-21.848,299.654,1.0
160.8,128.270625,37.948955,3026.5460424,178.151,-23.499,299.645,1.0
160.9,128.270499,37.94901,3023.0938776000003,175.298,-25.275,299.726,1.0
161.0,128.270374,37.949064,3019.3719647999997,173.18,-27.089,299.89,1.0
161.1,128.270249,37.949118,3015.3653688000004,171.011,-28.801,300.164,1.0
161.2,128.270126,37.949172,3011.0987784000004,169.594,-29.946,300.397,1.0
161.3,128.270003,37.949226,3006.5618304000004,168.134,-30.807,300.668,1.0
161.4,128.269882,37.94928,3001.7850048,167.92,-31.143,300.791,1.0
161.5,128.26976,37.949334,2996.7923808,168.609,-31.391,300.85,1.0
161.6,128.269639,37.949388,2991.5958456000003,169.761,-32.068,301.043,1.0
161.7,128.269519,37.949442,2986.2036288,171.172,-33.129,301.326,1.0
161.8,128.269399,37.949496,2980.5946992,171.976,-34.286,301.65,1.0
161.9,128.26928,37.94955,2974.7736288,173.294,-35.611,301.924,1.0
162.0,128.269161,37.949603,2968.7044511999998,174.477,-37.083,302.152,1.0
162.1,128.269043,37.949657,2962.3795464000004,175.165,-38.473,302.288,1.0
162.2,128.268926,37.94971,2955.7425264,174.588,-39.946,302.506,1.0
162.3,128.26881,37.949763,2948.778456,172.822,-41.446,302.795,1.0
162.4,128.268696,37.949816,2941.5080616,170.602,-43.002,303.103,1.0
162.5,128.268583,37.949868,2933.9444496,168.9,-44.547,303.383,1.0
162.6,128.268472,37.94992,2926.0598832,166.279,-46.109,303.851,1.0
162.7,128.268363,37.949972,2917.8885,163.442,-47.603,304.403,1.0
162.8,128.268256,37.950023,2909.4531600000005,162.155,-48.659,304.865,1.0
162.9,128.26815,37.950074,2900.7773328000003,162.203,-49.692,305.391,1.0
163.0,128.268045,37.950125,2891.9024712000005,163.114,-50.753,305.93,1.0
163.1,128.267942,37.950176,2882.7840744,164.02,-51.967,306.507,1.0
163.2,128.26784,37.950226,2873.4041592000003,164.947,-53.034,306.996,1.0
163.3,128.267739,37.950276,2863.7950344,165.404,-54.109,307.391,1.0
163.4,128.267641,37.950326,2853.9332304000004,164.397,-55.369,307.948,1.0
163.5,128.267545,37.950375,2843.8056408,162.093,-56.65,308.714,1.0
163.6,128.267452,37.950423,2833.4265912,159.375,-57.983,309.575,1.0
163.7,128.267362,37.950471,2822.8140648,157.194,-59.412,310.538,1.0
163.8,128.267274,37.950518,2811.9561744,153.885,-60.811,311.899,1.0
163.9,128.267189,37.950565,2800.8568824000004,150.249,-62.149,313.456,1.0
164.0,128.267106,37.950612,2789.5344768,147.38,-63.41,315.107,1.0
164.1,128.267027,37.950657,2777.9880432,144.145,-64.612,317.186,1.0
164.2,128.266951,37.950703,2766.209352,142.048,-65.795,319.43,1.0
164.3,128.266876,37.950749,2754.1874304000003,140.612,-66.953,321.743,1.0
164.4,128.266804,37.950794,2741.9619024000003,139.861,-68.074,324.184,1.0
164.5,128.266734,37.950839,2729.5379496,138.981,-69.107,326.718,1.0
164.6,128.266667,37.950884,2716.8939311999998,136.641,-70.025,329.149,1.0
164.7,128.266604,37.950928,2704.0414296000004,133.594,-70.902,331.572,1.0
164.8,128.266543,37.950972,2690.9749584,131.532,-71.804,334.131,1.0
164.9,128.266485,37.951015,2677.7222544,129.84,-72.752,337.124,1.0
165.0,128.266429,37.951058,2664.2930712,127.969,-73.678,340.511,1.0
165.1,128.266376,37.9511,2650.6651584,124.948,-74.504,344.127,1.0
165.2,128.266328,37.951141,2636.8610712000004,120.914,-75.249,347.906,1.0
165.3,128.266283,37.951182,2622.8756280000002,116.897,-76.001,352.203,1.0
165.4,128.266241,37.951221,2608.7060856,112.074,-76.654,357.14,1.0
165.5,128.266203,37.95126,2594.3734752,107.083,-77.192,2.669,1.0
165.6,128.266168,37.951298,2579.8674336,100.657,-77.593,8.591,1.0
165.7,128.266138,37.951335,2565.221184,93.226,-77.843,14.891,1.0
165.8,128.266113,37.951371,2550.4319832,86.117,-77.954,21.481,1.0
165.9,128.266092,37.951406,2535.5022696,78.548,-77.844,28.135,1.0
166.0,128.266075,37.95144,2520.4414920000004,72.544,-77.562,34.706,1.0
166.1,128.266061,37.951473,2505.2365440000003,67.737,-77.182,40.831,1.0
166.2,128.26605,37.951506,2489.9304024000003,63.129,-76.715,46.327,1.0
166.3,128.266043,37.951537,2474.530992,57.394,-76.068,51.386,1.0
166.4,128.266041,37.951567,2459.0547720000004,51.669,-75.274,55.909,1.0
166.5,128.266044,37.951596,2443.5242976,46.804,-74.424,60.231,1.0
166.6,128.266052,37.951624,2427.962124,41.983,-73.464,64.098,1.0
166.7,128.266064,37.95165,2412.3691656,38.499,-72.4,67.498,1.0
166.8,128.266081,37.951676,2396.7682824,35.057,-71.256,70.457,1.0
166.9,128.266102,37.9517,2381.1366144,32.809,-70.091,73.209,1.0
167.0,128.266128,37.951723,2365.4662368000004,30.941,-68.895,75.664,1.0
167.1,128.266156,37.951746,2349.7699512,30.004,-67.695,77.973,1.0
167.2,128.266189,37.951768,2334.0703128,28.791,-66.493,79.996,1.0
167.3,128.266225,37.951788,2318.3472048000003,27.579,-65.297,81.789,1.0
167.4,128.266265,37.951808,2302.622268,25.93,-64.111,83.352,1.0
167.5,128.266308,37.951826,2286.897636,25.146,-62.948,84.877,1.0
167.6,128.266355,37.951843,2271.20196,24.412,-61.787,86.246,1.0
167.7,128.266406,37.951859,2255.5157328,24.291,-60.633,87.528,1.0
167.8,128.266461,37.951874,2239.8645576,23.427,-59.486,88.703,1.0
167.9,128.266519,37.951888,2224.2374616,23.035,-58.347,89.86,1.0
168.0,128.266582,37.9519,2208.6624864,21.903,-57.208,90.921,1.0
168.1,128.266648,37.951911,2193.1179912000002,21.325,-56.07,91.952,1.0
168.2,128.266718,37.95192,2177.6292744,20.046,-54.933,92.897,1.0
168.3,128.266791,37.951928,2162.208528,19.394,-53.782,93.831,1.0
168.4,128.266869,37.951935,2146.8874512,18.182,-52.616,94.646,1.0
168.5,128.26695,37.95194,2131.6398312,17.742,-51.443,95.406,1.0
168.6,128.267034,37.951944,2116.5095592000002,16.713,-50.262,96.082,1.0
168.7,128.267123,37.951947,2101.4600592,16.371,-49.091,96.774,1.0
168.8,128.267215,37.951948,2086.5416232000002,15.465,-47.91,97.382,1.0
168.9,128.26731,37.951948,2071.7350488,15.358,-46.718,97.966,1.0
169.0,128.267409,37.951947,2057.0726448,14.646,-45.526,98.48,1.0
169.1,128.267512,37.951944,2042.5342944000001,14.632,-44.334,99.021,1.0
169.2,128.267618,37.95194,2028.1806528000002,13.945,-43.135,99.521,1.0
169.3,128.267727,37.951934,2013.9836784000001,13.996,-41.932,100.029,1.0
169.4,128.26784,37.951927,1999.9823856000003,13.427,-40.729,100.459,1.0
169.5,128.267955,37.951919,1986.1405032,13.654,-39.522,100.852,1.0
169.6,128.268074,37.951909,1972.5202104000002,13.029,-38.322,101.267,1.0
169.7,128.268196,37.951898,1959.0855408,13.023,-37.129,101.739,1.0
169.8,128.26832,37.951885,1945.8870912000002,12.329,-35.937,102.16,1.0
169.9,128.268448,37.951871,1932.8873712,12.393,-34.743,102.583,1.0
170.0,128.268578,37.951856,1920.121128,11.768,-33.562,102.963,1.0
170.1,128.268712,37.95184,1907.5408128000001,11.908,-32.386,103.35,1.0
170.2,128.268848,37.951822,1895.2275024,11.341,-31.194,103.707,1.0
170.3,128.268987,37.951802,1883.1327336,11.562,-29.996,104.064,1.0
170.4,128.269129,37.951782,1871.302836,11.08,-28.807,104.379,1.0
170.5,128.269273,37.95176,1859.6951376000002,11.314,-27.62,104.726,1.0
170.6,128.269421,37.951736,1848.3571872,10.78,-26.443,105.062,1.0
170.7,128.26957,37.951712,1837.2463128000002,11.018,-25.261,105.411,1.0
170.8,128.269723,37.951686,1826.4420672,10.566,-24.059,105.709,1.0
170.9,128.269877,37.951659,1815.8975112,10.873,-22.851,106.026,1.0
171.0,128.270033,37.95163,1805.6656800000003,10.431,-21.651,106.31,1.0
171.1,128.270192,37.9516,1795.686528,10.706,-20.466,106.626,1.0
171.2,128.270353,37.951569,1786.0170528000003,10.192,-19.292,106.932,1.0
171.3,128.270515,37.951537,1776.6158016000002,10.461,-18.106,107.254,1.0
171.4,128.27068,37.951503,1767.5470872,10.026,-16.912,107.525,1.0
171.5,128.270847,37.951469,1758.7612272000001,10.365,-15.711,107.815,1.0
171.6,128.271015,37.951433,1750.3146096000003,9.937,-14.52,108.079,1.0
171.7,128.271185,37.951396,1742.1502368000001,10.259,-13.336,108.37,1.0
171.8,128.271357,37.951357,1734.325716,9.81,-12.162,108.637,1.0
171.9,128.271531,37.951317,1726.7883168,10.122,-10.986,108.934,1.0
172.0,128.271706,37.951276,1719.6017424000001,9.701,-9.805,109.187,1.0
172.1,128.271884,37.951234,1712.7120432000002,10.068,-8.616,109.461,1.0
172.2,128.272063,37.951191,1706.229252,8.551,-7.419,109.662,1.0
172.3,128.272243,37.951146,1700.2423704,6.514,-6.204,109.857,1.0
172.4,128.272425,37.9511,1694.6825136,5.809,-4.921,110.033,1.0
172.5,128.272608,37.951054,1689.6091176000002,4.833,-3.585,110.145,1.0
172.6,128.272792,37.951006,1684.9566504000002,5.065,-2.221,110.261,1.0
172.7,128.272978,37.950957,1680.786072,4.851,-0.834,110.333,1.0
172.8,128.273164,37.950908,1677.0367272,5.641,0.575,110.429,1.0
172.9,128.273351,37.950858,1673.7698808,5.697,1.994,110.552,1.0
173.0,128.273538,37.950807,1670.9251824,6.565,3.423,110.74,1.0
173.1,128.273727,37.950756,1668.5632872,6.662,4.859,110.915,1.0
173.2,128.273915,37.950703,1666.6241496,7.515,6.3,111.14,1.0
173.3,128.274104,37.95065,1665.16812,7.525,7.743,111.357,1.0
173.4,128.274293,37.950596,1664.1354576,8.258,9.189,111.623,1.0
173.5,128.274481,37.950542,1663.5855984,8.134,10.637,111.875,1.0
173.6,128.27467,37.950487,1663.4578872,8.74,12.086,112.17,1.0
173.7,128.274858,37.950431,1663.8114552,8.504,13.536,112.444,1.0
173.8,128.275045,37.950374,1664.5850376,9.02,14.988,112.757,1.0
173.9,128.275232,37.950317,1665.8578823999999,7.605,16.449,112.987,1.0
174.0,128.275417,37.95026,1667.623284,5.655,17.926,113.183,1.0
174.1,128.275602,37.950202,1669.8007752,4.97,19.427,113.335,1.0
174.2,128.275785,37.950144,1672.446744,3.863,20.928,113.459,1.0
174.3,128.275968,37.950086,1675.5023640000002,3.916,22.43,113.589,1.0
174.4,128.276149,37.950028,1679.0215848,3.487,23.926,113.683,1.0
174.5,128.276328,37.949971,1682.9471039999999,4.097,25.421,113.803,1.0
174.6,128.276506,37.949913,1687.3292136,4.1,26.909,113.899,1.0
174.7,128.276683,37.949855,1692.1087823999999,4.993,28.395,114.054,1.0
174.8,128.276858,37.949798,1697.3333592000001,5.177,29.875,114.186,1.0
174.9,128.27703,37.949741,1702.945032,6.168,31.356,114.356,1.0
175.0,128.277201,37.949684,1708.9873872,6.32,32.828,114.553,1.0
175.1,128.277369,37.949627,1715.400684,7.19,34.297,114.835,1.0
175.2,128.277535,37.949571,1722.2257656,7.24,35.761,115.119,1.0
175.3,128.277698,37.949515,1729.4117304000001,8.028,37.219,115.456,1.0
175.4,128.277858,37.949459,1737.0134424000003,6.94,38.681,115.712,1.0
175.5,128.278015,37.949403,1745.0205384,5.293,40.151,115.97,1.0
175.6,128.27817,37.949348,1753.3677912,4.799,41.636,116.226,1.0
175.7,128.278322,37.949294,1762.0859856000002,3.944,43.129,116.378,1.0
175.8,128.27847,37.949241,1771.1236104000002,4.183,44.626,116.512,1.0
175.9,128.278616,37.949188,1780.516632,3.932,46.115,116.611,1.0
176.0,128.278759,37.949136,1790.2190256,4.63,47.601,116.743,1.0
176.1,128.278898,37.949085,1800.2548704,4.72,49.081,116.874,1.0
176.2,128.279035,37.949035,1810.57296,5.64,50.561,117.066,1.0
176.3,128.279167,37.948985,1821.1888392000003,5.866,52.036,117.296,1.0
176.4,128.279296,37.948937,1832.0665416,6.853,53.505,117.596,1.0
176.5,128.279422,37.948889,1843.2411192,7.115,54.961,117.885,1.0
176.6,128.279544,37.948843,1854.668376,8.088,56.408,118.319,1.0
176.7,128.279662,37.948797,1866.3797064,7.321,57.858,118.659,1.0
176.8,128.279775,37.948753,1878.3549936000002,6.025,59.32,118.982,1.0
176.9,128.279886,37.948709,1890.547908,5.754,60.795,119.378,1.0
177.0,128.279992,37.948667,1902.9797856000002,5.084,62.271,119.678,1.0
177.1,128.280095,37.948625,1915.6094784000002,5.384,63.753,119.944,1.0
177.2,128.280193,37.948585,1928.4510072000003,5.216,65.231,120.159,1.0
177.3,128.280289,37.948547,1941.4778544,5.956,66.701,120.497,1.0
177.4,128.28038,37.948509,1954.7000784000002,6.15,68.168,120.763,1.0
177.5,128.280467,37.948473,1968.0871992000002,7.18,69.63,121.192,1.0
177.6,128.28055,37.948439,1981.6465320000002,7.683,71.083,121.745,1.0
177.7,128.280629,37.948405,1995.3497304,9.023,72.53,122.505,1.0
177.8,128.280704,37.948373,2009.2016712,9.8,73.974,123.303,1.0
177.9,128.280776,37.948342,2023.1764464,11.474,75.409,124.439,1.0
178.0,128.280842,37.948312,2037.2761896,12.667,76.838,125.716,1.0
178.1,128.280905,37.948284,2051.4783456,14.915,78.25,127.516,1.0
178.2,128.280964,37.948257,2065.7844384,15.791,79.669,129.36,1.0
178.3,128.281018,37.948232,2080.1810568,16.764,81.08,131.821,1.0
178.4,128.281068,37.948208,2094.6483888000002,19.762,82.467,135.53,1.0
178.5,128.281113,37.948185,2109.1812528,23.564,83.838,140.299,1.0
178.6,128.281155,37.948164,2123.7650184000004,30.531,85.165,147.343,1.0
178.7,128.281193,37.948144,2138.3923704,41.595,86.389,158.826,1.0
178.8,128.281227,37.948126,2153.0511168000003,63.458,87.299,180.419,1.0
178.9,128.281256,37.94811,2167.7308944,95.794,87.665,213.612,1.0
179.0,128.281281,37.948095,2182.4192064,126.554,87.238,246.294,1.0
179.1,128.281301,37.948082,2197.1050800000003,144.49,86.228,266.301,1.0
179.2,128.281318,37.948071,2211.7793712000002,154.273,84.948,277.152,1.0
179.3,128.281332,37.948062,2226.42684,159.95,83.581,283.966,1.0
179.4,128.281341,37.948054,2241.0484008,164.354,82.165,288.554,1.0
179.5,128.281347,37.948049,2255.6278992000002,167.33,80.731,291.925,1.0
179.6,128.28135,37.948045,2270.1632016000003,170.063,79.275,294.308,1.0
179.7,128.281348,37.948043,2284.6366296,172.153,77.82,296.353,1.0
179.8,128.281344,37.948043,2299.0430016,174.59,76.357,298.09,1.0
179.9,128.281335,37.948044,2313.3567144,176.275,74.886,299.573,1.0
180.0,128.281323,37.948048,2327.5850832,177.837,73.405,300.563,1.0
180.1,128.281308,37.948053,2341.7070768,178.575,71.923,301.355,1.0
180.2,128.28129,37.94806,2355.7272672000004,179.162,70.435,301.736,1.0
180.3,128.281267,37.948069,2369.6267568000003,178.888,68.948,301.927,1.0
180.4,128.281242,37.948079,2383.4082888000003,178.754,67.459,301.922,1.0
180.5,128.281213,37.948092,2397.026448,178.208,65.962,301.997,1.0
180.6,128.281182,37.948106,2410.48794,177.892,64.456,301.918,1.0
180.7,128.281147,37.948121,2423.7921552,177.219,62.961,301.908,1.0
180.8,128.281108,37.948138,2436.947628,177.062,61.469,301.899,1.0
180.9,128.281067,37.948157,2449.9235736,176.612,59.978,301.968,1.0
181.0,128.281023,37.948178,2462.7172488,176.647,58.477,302.009,1.0
181.1,128.280976,37.9482,2475.2981736,176.46,56.973,302.154,1.0
181.2,128.280927,37.948224,2487.7004856000003,176.82,55.475,302.319,1.0
181.3,128.280874,37.948249,2499.8958384000002,176.951,53.983,302.587,1.0
181.4,128.280819,37.948276,2511.9046536,177.514,52.493,302.836,1.0
181.5,128.280761,37.948304,2523.7019376,177.651,51.005,303.097,1.0
181.6,128.2807,37.948334,2535.3017112,178.084,49.512,303.29,1.0
181.7,128.280637,37.948365,2546.6777616000004,178.018,48.017,303.465,1.0
181.8,128.280571,37.948398,2557.8377088,178.113,46.513,303.509,1.0
181.9,128.280503,37.948432,2568.7623504000003,177.773,45.007,303.558,1.0
182.0,128.280432,37.948468,2579.4711936000003,177.831,43.503,303.6,1.0
182.1,128.280359,37.948505,2589.9456456000003,177.455,42.003,303.633,1.0
182.2,128.280284,37.948543,2600.198508,177.489,40.504,303.658,1.0
182.3,128.280206,37.948582,2610.2139312,177.236,39.041,303.766,1.0
182.4,128.280127,37.948623,2620.0034976,177.279,37.629,303.866,1.0
182.5,128.280045,37.948665,2629.5516624,177.046,36.215,304.027,1.0
182.6,128.279962,37.948708,2638.8660456000002,177.215,34.825,304.182,1.0
182.7,128.279876,37.948752,2647.9280544000003,176.976,33.383,304.338,1.0
182.8,128.279789,37.948797,2656.75872,177.015,31.913,304.43,1.0
182.9,128.2797,37.948844,2665.3415832,176.75,30.463,304.572,1.0
183.0,128.279609,37.948891,2673.6815208000003,176.855,29.053,304.7,1.0
183.1,128.279516,37.94894,2681.7535392000004,176.611,27.63,304.861,1.0
183.2,128.279422,37.948989,2689.5774504,176.699,26.236,304.998,1.0
183.3,128.279326,37.94904,2697.1288704000003,175.926,24.807,305.195,1.0
183.4,128.279229,37.949092,2704.4044464000003,174.809,23.378,305.403,1.0
183.5,128.279131,37.949144,2711.4380112,174.51,21.98,305.567,1.0
183.6,128.279031,37.949198,2718.2515104,174.342,20.548,305.765,1.0
183.7,128.278929,37.949252,2724.809892,173.346,19.135,306.018,1.0
183.8,128.278827,37.949308,2731.0820664000003,172.066,17.794,306.276,1.0
183.9,128.278723,37.949364,2737.0820544000003,171.312,16.464,306.539,1.0
184.0,128.278618,37.949422,2742.7930920000003,170.365,15.154,306.843,1.0
184.1,128.278513,37.94948,2748.2362104,169.877,14.107,307.105,1.0
184.2,128.278406,37.94954,2753.3967792,169.153,13.183,307.38,1.0
184.3,128.278298,37.9496,2758.2869904,168.885,12.081,307.682,1.0
184.4,128.278191,37.949661,2762.8836792,168.336,10.778,308.049,1.0
184.5,128.278082,37.949723,2767.2057432,168.181,9.414,308.414,1.0
184.6,128.277973,37.949786,2771.243124,167.651,8.234,308.737,1.0
184.7,128.277863,37.94985,2775.0208152,167.926,6.968,308.992,1.0
184.8,128.277752,37.949914,2778.5686872000006,168.887,5.781,309.226,1.0
184.9,128.277641,37.949979,2781.87912,169.623,4.659,309.468,1.0
185.0,128.27753,37.950045,2784.9295584,169.824,3.647,309.703,1.0
185.1,128.277418,37.950112,2787.7453008,170.712,2.458,309.909,1.0
185.2,128.277305,37.950179,2790.3519504,172.116,1.139,310.067,1.0
185.3,128.277192,37.950247,2792.7333528000004,173.547,0.023,310.131,1.0
185.4,128.277078,37.950316,2794.8751824,175.005,-0.994,310.168,1.0
185.5,128.276964,37.950385,2796.7957272000003,176.696,-2.18,310.157,1.0
185.6,128.276849,37.950454,2798.4614592000003,177.728,-3.354,310.103,1.0
185.7,128.276734,37.950524,2799.8233056000004,177.51,-4.677,310.108,1.0
185.8,128.276618,37.950595,2800.8510912,176.14,-6.085,310.161,1.0
185.9,128.276502,37.950665,2801.5451208000004,174.267,-7.574,310.218,1.0
186.0,128.276386,37.950737,2801.9264256,172.754,-9.074,310.243,1.0
186.1,128.27627,37.950809,2801.9724504,170.49,-10.553,310.37,1.0
186.2,128.276153,37.950881,2801.6853287999998,167.601,-11.716,310.514,1.0
186.3,128.276037,37.950954,2801.0620128,164.727,-12.917,310.793,1.0
186.4,128.275921,37.951027,2800.1427360000002,163.229,-14.245,311.157,1.0
186.5,128.275805,37.951101,2798.9652936,162.88,-15.656,311.599,1.0
186.6,128.275689,37.951175,2797.5342576000003,162.723,-16.875,312.053,1.0
186.7,128.275573,37.95125,2795.8374360000003,162.288,-17.454,312.35,1.0
186.8,128.275458,37.951324,2793.8976888,162.685,-17.866,312.556,1.0
186.9,128.275342,37.9514,2791.7037384,163.298,-18.708,312.895,1.0
187.0,128.275227,37.951476,2789.2629,164.185,-19.901,313.281,1.0
187.1,128.275112,37.951552,2786.5934616000004,165.151,-21.376,313.636,1.0
187.2,128.274997,37.951628,2783.6542752,165.194,-22.924,313.984,1.0
187.3,128.274882,37.951705,2780.4486936000003,165.597,-24.46,314.283,1.0
187.4,128.274768,37.951783,2777.005368,166.88,-26.034,314.606,1.0
187.5,128.274654,37.95186,2773.3111920000006,168.619,-27.568,314.912,1.0
187.6,128.27454,37.951938,2769.3164831999998,169.654,-29.009,315.204,1.0
187.7,128.274427,37.952015,2764.9828368000003,169.747,-30.453,315.476,1.0
187.8,128.274315,37.952093,2760.320616,169.823,-31.908,315.661,1.0
187.9,128.274203,37.952171,2755.3100088,169.083,-33.358,315.823,1.0
188.0,128.274092,37.952249,2749.9872864000004,169.201,-34.811,315.957,1.0
188.1,128.273982,37.952327,2744.3957304000005,169.506,-36.21,316.069,1.0
188.2,128.273873,37.952404,2738.5115664000004,168.664,-37.439,316.279,1.0
188.3,128.273765,37.952481,2732.2988280000004,167.064,-38.673,316.567,1.0
188.4,128.273659,37.952558,2725.7316072000003,164.921,-39.985,316.925,1.0
188.5,128.273554,37.952634,2718.8105136,163.273,-41.353,317.248,1.0
188.6,128.273451,37.952711,2711.5151256000004,161.296,-42.725,317.686,1.0
188.7,128.273349,37.952786,2703.8899440000005,160.713,-44.114,318.201,1.0
188.8,128.273249,37.952862,2695.9892232,161.167,-45.529,318.767,1.0
188.9,128.273151,37.952937,2687.8166208000002,162.124,-46.925,319.432,1.0
189.0,128.273054,37.953012,2679.3696984000003,163.306,-48.298,320.099,1.0
189.1,128.272958,37.953086,2670.6009072,162.862,-49.616,320.826,1.0
189.2,128.272865,37.95316,2661.4870824000004,161.587,-50.91,321.552,1.0
189.3,128.272773,37.953233,2652.0391968,160.617,-52.212,322.202,1.0
189.4,128.272683,37.953306,2642.2377432000003,158.969,-53.51,322.87,1.0
189.5,128.272595,37.953378,2632.1223456000002,157.769,-54.814,323.602,1.0
189.6,128.27251,37.95345,2621.6923944,155.189,-56.117,324.462,1.0
189.7,128.272428,37.95352,2610.9439272,151.882,-57.401,325.505,1.0
189.8,128.272348,37.953589,2599.907424,149.237,-58.652,326.801,1.0
189.9,128.272271,37.953658,2588.6264712,148.11,-59.894,328.211,1.0
190.0,128.272195,37.953727,2577.1291103999997,147.367,-61.106,329.736,1.0
190.1,128.272121,37.953795,2565.3915672,145.984,-62.23,331.446,1.0
190.2,128.272049,37.953862,2553.4400544,145.25,-63.322,333.194,1.0
190.3,128.27198,37.953929,2541.2328144000003,143.356,-64.357,335.02,1.0
190.4,128.271915,37.953994,2528.7399768,140.716,-65.372,336.873,1.0
190.5,128.271853,37.954058,2516.0151864,138.518,-66.389,338.905,1.0
190.6,128.271795,37.954121,2503.0520424,135.565,-67.402,341.124,1.0
190.7,128.27174,37.954182,2489.8734048,133.313,-68.408,343.571,1.0
190.8,128.271689,37.954243,2476.4570232,129.976,-69.318,346.42,1.0
190.9,128.271643,37.954302,2462.7934488,125.84,-70.17,349.573,1.0
191.0,128.2716,37.954359,2448.935412,122.081,-70.968,353.154,1.0
191.1,128.271562,37.954415,2434.8868752000003,117.456,-71.716,357.103,1.0
191.2,128.271528,37.95447,2420.6737464000003,114.053,-72.446,1.373,1.0
191.3,128.271497,37.954524,2406.3115704,110.871,-73.092,6.0,1.0
191.4,128.271469,37.954576,2391.7972992,106.055,-73.567,10.911,1.0
191.5,128.271446,37.954627,2377.126056,100.173,-73.882,15.995,1.0
191.6,128.271427,37.954676,2362.3027176,93.589,-74.107,21.184,1.0
191.7,128.271412,37.954724,2347.3602024,88.454,-74.274,26.571,1.0
191.8,128.2714,37.954771,2332.3030823999998,84.009,-74.261,32.043,1.0
191.9,128.271392,37.954816,2317.138368,79.157,-74.045,37.312,1.0
192.0,128.271386,37.95486,2301.8593536000003,74.924,-73.785,42.373,1.0
192.1,128.271385,37.954903,2286.4703064,70.192,-73.434,47.135,1.0
192.2,128.271386,37.954945,2270.9922576,66.457,-72.998,51.652,1.0
192.3,128.271392,37.954985,2255.4221592000004,62.071,-72.417,55.725,1.0
192.4,128.271403,37.955023,2239.7758608,57.173,-71.791,59.543,1.0
192.5,128.271418,37.955059,2224.0881096000003,53.054,-71.097,63.275,1.0
192.6,128.271439,37.955093,2208.3814608,48.669,-70.29,66.765,1.0
192.7,128.271463,37.955125,2192.6528664,45.566,-69.404,70.079,1.0
192.8,128.271491,37.955156,2176.8852576,42.958,-68.426,73.077,1.0
192.9,128.271523,37.955186,2161.0585176000004,41.385,-67.427,75.875,1.0
193.0,128.271558,37.955214,2145.2235480000004,39.901,-66.381,78.357,1.0
193.1,128.271597,37.95524,2129.3462112,39.128,-65.326,80.598,1.0
193.2,128.27164,37.955265,2113.439004,37.452,-64.301,82.697,1.0
193.3,128.271686,37.955288,2097.5214336,36.191,-63.285,84.742,1.0
193.4,128.271736,37.95531,2081.614836,34.14,-62.261,86.627,1.0
193.5,128.271789,37.95533,2065.7246976,32.657,-61.231,88.437,1.0
193.6,128.271845,37.955348,2049.8799744000003,30.591,-60.171,90.04,1.0
193.7,128.271905,37.955364,2034.06756,29.552,-59.099,91.541,1.0
193.8,128.271969,37.955378,2018.3191536000002,28.527,-58.019,92.915,1.0
193.9,128.272036,37.955391,2002.6173816,28.043,-56.942,94.26,1.0
194.0,128.272106,37.955402,1986.9860184000001,26.767,-55.86,95.492,1.0
194.1,128.27218,37.955411,1971.4015944,26.064,-54.78,96.697,1.0
194.2,128.272257,37.955418,1955.9159256,24.671,-53.676,97.779,1.0
194.3,128.272338,37.955423,1940.498532,23.978,-52.564,98.815,1.0
194.4,128.272422,37.955426,1925.1750168,22.599,-51.451,99.762,1.0
194.5,128.272509,37.955427,1909.9319688,21.962,-50.328,100.692,1.0
194.6,128.2726,37.955427,1894.8263856,20.727,-49.183,101.522,1.0
194.7,128.272694,37.955424,1879.8323592000002,20.33,-48.026,102.317,1.0
194.8,128.272791,37.95542,1864.9940856000003,19.348,-46.857,103.011,1.0
194.9,128.272891,37.955414,1850.2634064,19.126,-45.698,103.711,1.0
195.0,128.272995,37.955406,1835.6680584000003,18.214,-44.551,104.362,1.0
195.1,128.273102,37.955396,1821.1821336,18.078,-43.399,105.026,1.0
195.2,128.273213,37.955384,1806.8556192,17.274,-42.238,105.631,1.0
195.3,128.273326,37.95537,1792.690344,17.284,-41.052,106.24,1.0
195.4,128.273443,37.955354,1778.7277608,16.639,-39.858,106.771,1.0
195.5,128.273562,37.955336,1764.9212352000002,16.735,-38.673,107.324,1.0
195.6,128.273685,37.955317,1751.3110008,16.043,-37.5,107.853,1.0
195.7,128.27381,37.955295,1737.8549952,16.108,-36.331,108.402,1.0
195.8,128.273939,37.955272,1724.6321616000002,15.446,-35.142,108.897,1.0
195.9,128.27407,37.955246,1711.6147632,15.608,-33.936,109.389,1.0
196.0,128.274204,37.955219,1698.8524823999999,14.981,-32.735,109.845,1.0
196.1,128.27434,37.95519,1686.2935032,15.084,-31.546,110.34,1.0
196.2,128.274479,37.955159,1673.9948232000002,14.465,-30.355,110.769,1.0
196.3,128.27462,37.955127,1661.918952,14.693,-29.151,111.18,1.0
196.4,128.274763,37.955092,1650.1289832000002,14.056,-27.951,111.587,1.0
196.5,128.274909,37.955056,1638.5630424,14.172,-26.764,112.025,1.0
196.6,128.275058,37.955018,1627.2839184000002,13.535,-25.574,112.407,1.0
196.7,128.275208,37.954978,1616.2510728000002,13.71,-24.373,112.804,1.0
196.8,128.275361,37.954936,1605.5083968000001,13.09,-23.185,113.162,1.0
196.9,128.275517,37.954893,1595.0086464,13.283,-21.993,113.541,1.0
197.0,128.275674,37.954847,1584.8158296000001,12.655,-20.8,113.895,1.0
197.1,128.275835,37.9548,1574.8766064,12.852,-19.605,114.277,1.0
197.2,128.275997,37.954751,1565.2552896,12.273,-18.405,114.612,1.0
197.3,128.276162,37.9547,1555.9055496,12.551,-17.192,114.969,1.0
197.4,128.276328,37.954647,1546.8953568000002,12.012,-15.976,115.292,1.0
197.5,128.276497,37.954593,1538.1707616,12.331,-14.754,115.64,1.0
197.6,128.276667,37.954537,1529.7997344000003,11.819,-13.531,115.952,1.0
197.7,128.276839,37.954479,1521.727716,12.173,-12.304,116.285,1.0
197.8,128.277013,37.954419,1514.0708352000001,10.447,-11.068,116.539,1.0
197.9,128.277189,37.954358,1506.9321144,8.154,-9.817,116.796,1.0
198.0,128.277366,37.954295,1500.2417544,7.364,-8.501,117.034,1.0
198.1,128.277545,37.95423,1494.0631536,6.31,-7.129,117.193,1.0
198.2,128.277726,37.954164,1488.3316944,6.601,-5.711,117.36,1.0
198.3,128.277907,37.954097,1483.1138232000003,6.37,-4.265,117.492,1.0
198.4,128.27809,37.954028,1478.3452272,7.237,-2.795,117.666,1.0
198.5,128.278274,37.953959,1474.0932672000001,7.338,-1.313,117.834,1.0
198.6,128.278459,37.953888,1470.2942400000002,8.354,0.18,118.06,1.0
198.7,128.278644,37.953816,1467.0148968,8.461,1.678,118.285,1.0
198.8,128.27883,37.953743,1464.1906199999999,9.394,3.182,118.568,1.0
198.9,128.279016,37.953668,1461.9125448000002,8.115,4.696,118.783,1.0
199.0,128.279202,37.953593,1460.1767088,6.205,6.229,118.979,1.0
199.1,128.279388,37.953517,1458.8959392000002,5.687,7.789,119.137,1.0
199.2,128.279574,37.953441,1458.1394255999999,4.612,9.347,119.289,1.0
199.3,128.27976,37.953364,1457.8431600000001,4.794,10.91,119.455,1.0
199.4,128.279945,37.953286,1458.0729792,4.4,12.469,119.568,1.0
199.5,128.28013,37.953208,1458.7642656,5.118,14.029,119.714,1.0
199.6,128.280315,37.95313,1459.9816368000002,5.083,15.581,119.842,1.0
199.7,128.280498,37.953052,1461.6583415999999,6.014,17.134,120.028,1.0
199.8,128.280681,37.952973,1463.8547304,6.078,18.679,120.211,1.0
199.9,128.280862,37.952895,1466.5046616000002,7.042,20.224,120.443,1.0
