Time,Longitude,Latitude,Altitude,Roll (deg),Pitch (deg),Yaw (deg),Health
0.0,128.181881,37.92387,7000.2035256,0.39,0.167,359.998,1.0
0.1,128.181881,37.92414,7000.2733248,0.475,1.481,359.982,1.0
0.2,128.181881,37.92441,7000.4150568000005,-1.775,2.16,359.933,1.0
0.3,128.181881,37.92468,7000.6177488,-3.127,2.496,359.948,1.0
0.4,128.181881,37.92495,7000.8564072,-2.627,2.955,0.062,1.0
0.5,128.18188,37.92522,7001.155111200001,-1.313,3.075,0.148,1.0
0.6,128.18188,37.92549,7001.474236800001,1.125,1.77,0.222,1.0
0.7,128.18188,37.92576,7001.7464232,4.591,1.172,0.116,1.0
0.8,128.18188,37.926031,7001.996664,6.109,1.388,0.024,1.0
0.9,128.18188,37.926302,7002.187468800001,9.005,1.127,359.942,1.0
1.0,128.18188,37.926574,7002.3322488,10.242,-0.371,359.576,1.0
1.1,128.181881,37.926845,7002.4352712,10.666,-0.916,359.472,1.0
1.2,128.181881,37.927116,7002.4825152,10.85,-0.588,359.625,1.0
1.3,128.181881,37.927387,7002.496536000001,10.667,-0.247,359.763,1.0
1.4,128.181881,37.927658,7002.4962312,10.828,-0.233,359.835,1.0
1.5,128.181882,37.927929,7002.4175928,13.507,-1.115,359.648,1.0
1.6,128.181882,37.928199,7002.2715935999995,16.754,-1.074,359.678,1.0
1.7,128.181883,37.92847,7002.018,20.986,-1.02,359.749,1.0
1.8,128.181884,37.928742,7001.726916,23.087,-0.182,0.047,1.0
1.9,128.181885,37.929013,7001.4355272,24.604,0.384,0.272,1.0
2.0,128.181887,37.929284,7001.1895536,24.426,0.764,0.421,1.0
2.1,128.181889,37.929556,7001.033496000001,21.782,1.004,0.428,1.0
2.2,128.181893,37.929827,7000.9271208,19.717,0.98,0.453,1.0
2.3,128.181896,37.930098,7000.826232,19.915,1.064,0.524,1.0
2.4,128.181901,37.93037,7000.768320000001,19.875,1.24,0.579,1.0
2.5,128.181905,37.930641,7000.789960800001,18.163,1.451,0.675,1.0
2.6,128.181911,37.930913,7000.9560768,15.572,2.465,1.062,1.0
2.7,128.181917,37.931184,7001.2157664,16.353,2.442,1.212,1.0
2.8,128.181924,37.931455,7001.4992304,18.657,1.814,1.096,1.0
2.9,128.181931,37.931727,7001.829633600001,18.889,1.867,1.109,1.0
3.0,128.181939,37.931998,7002.1652184,20.155,1.928,1.241,1.0
3.1,128.181947,37.93227,7002.5385984,21.256,2.458,1.457,1.0
3.2,128.181956,37.932542,7003.0476144,20.165,4.014,2.033,1.0
3.3,128.181966,37.932813,7003.758408,18.149,4.781,2.291,1.0
3.4,128.181977,37.933084,7004.663359200001,18.131,5.466,2.539,1.0
3.5,128.181989,37.933354,7005.750276,17.166,5.026,2.443,1.0
3.6,128.182002,37.933625,7006.905468,17.271,3.008,1.897,1.0
3.7,128.182015,37.933896,7008.0679752,16.876,1.46,1.37,1.0
3.8,128.182028,37.934166,7009.2070128000005,15.851,2.043,1.547,1.0
3.9,128.182042,37.934437,7010.4021336000005,13.768,3.817,2.081,1.0
4.0,128.182056,37.934708,7011.701496000001,13.138,5.929,2.563,1.0
4.1,128.182071,37.934978,7013.178252000001,9.733,5.84,2.413,1.0
4.2,128.182086,37.935248,7014.8071032,3.797,3.464,1.925,1.0
4.3,128.182101,37.935518,7016.5033152000005,-2.388,1.811,1.782,1.0
4.4,128.182116,37.935788,7018.1775816,-5.024,2.226,1.796,1.0
4.5,128.182131,37.936057,7019.816796,-6.804,3.068,1.786,1.0
4.6,128.182146,37.936326,7021.4331504,-8.274,2.734,1.909,1.0
4.7,128.182161,37.936595,7023.0086616,-10.349,1.19,2.044,1.0
4.8,128.182176,37.936864,7024.5378432,-13.217,0.013,2.228,1.0
4.9,128.18219,37.937134,7025.9993592,-13.921,0.925,2.0,1.0
5.0,128.182204,37.937403,7027.4752008000005,-16.734,2.729,1.426,1.0
5.1,128.182217,37.937672,7028.9665872000005,-20.237,2.84,1.436,1.0
5.2,128.18223,37.93794,7030.4500488,-23.341,1.557,2.137,1.0
5.3,128.182244,37.938209,7031.8435944,-24.198,0.356,2.731,1.0
5.4,128.182256,37.938478,7033.186848,-27.789,0.605,2.402,1.0
5.5,128.182268,37.938747,7034.550218400001,-32.638,2.141,1.472,1.0
5.6,128.182279,37.939016,7035.960223200001,-36.403,3.668,0.409,1.0
5.7,128.182288,37.939284,7037.4948912,-42.306,4.741,359.401,1.0
5.8,128.182295,37.939553,7039.124656800001,-48.307,4.158,359.955,1.0
5.9,128.182301,37.939821,7040.761737600001,-52.202,2.834,1.462,1.0
6.0,128.182306,37.940089,7042.391808,-57.287,2.599,1.611,1.0
6.1,128.182309,37.940357,7043.984388000001,-60.544,3.377,0.288,1.0
6.2,128.182311,37.940625,7045.557460800001,-64.011,4.542,358.095,1.0
6.3,128.182311,37.940893,7047.1369343999995,-68.225,4.86,357.559,1.0
6.4,128.182309,37.941161,7048.693548,-70.413,4.107,359.378,1.0
6.5,128.182306,37.941429,7050.2093184000005,-75.695,3.366,0.823,1.0
6.6,128.182301,37.941696,7051.6693104000005,-84.142,3.251,0.345,1.0
6.7,128.182294,37.941963,7053.056150400001,-94.728,3.066,359.493,0.99899797035333
6.8,128.182285,37.94223,7054.3357008,-105.055,2.678,357.519,0.9982231038071783
6.9,128.182275,37.942496,7055.486016,-112.118,2.22,356.058,0.9982231038071783
7.0,128.182262,37.942762,7056.4775304,-119.038,2.548,356.989,0.9982231038071783
7.1,128.182248,37.943027,7057.3349328,-123.905,3.376,358.684,0.9982231038071783
7.2,128.182233,37.943292,7058.0545656,-130.058,3.391,359.021,0.9982231038071783
7.3,128.182218,37.943557,7058.6653848,-135.191,2.944,358.759,0.9982231038071783
7.4,128.182202,37.943821,7059.1067352,-142.875,1.663,357.92,0.9982231038071783
7.5,128.182185,37.944084,7059.2972352,-152.523,-0.777,356.454,0.9982231038071783
7.6,128.182166,37.944347,7059.1536744,-161.502,-3.442,355.199,0.9982231038071783
7.7,128.182147,37.94461,7058.656545600001,-165.679,-5.64,354.345,0.9982231038071783
7.8,128.182126,37.944873,7057.81926,-166.157,-7.615,353.686,0.9982231038071783
7.9,128.182105,37.945135,7056.648218400001,-164.627,-9.368,353.267,0.9982231038071783
8.0,128.182082,37.945396,7055.049237600001,-164.58,-11.028,353.087,0.9982231038071783
8.1,128.182058,37.945657,7052.920209600001,-167.213,-12.494,352.941,0.9982231038071783
8.2,128.182033,37.945916,7050.183715200001,-172.477,-13.883,352.893,0.9982231038071783
8.3,128.182007,37.946174,7046.8245144,-179.858,-15.296,353.13,0.9982231038071783
8.4,128.181982,37.94643,7042.857847200001,172.281,-16.731,353.456,0.9982231038071783
8.5,128.181957,37.946685,7038.360523200001,167.825,-18.167,353.845,0.9982231038071783
8.6,128.181932,37.94694,7033.410876,166.186,-19.537,354.425,0.9982231038071783
8.7,128.181908,37.947193,7028.0165256,165.461,-20.802,355.001,0.9982231038071783
8.8,128.181886,37.947445,7022.143944,165.258,-21.965,355.599,0.9982231038071783
8.9,128.181864,37.947696,7015.826964000001,166.257,-23.061,356.17,0.9982231038071783
9.0,128.181843,37.947945,7009.012550400001,166.263,-24.109,356.705,0.9982231038071783
9.1,128.181824,37.948193,7001.6860728,165.836,-25.141,357.268,0.9982231038071783
9.2,128.181806,37.948439,6993.8682576,165.944,-26.187,357.808,0.9982231038071783
9.3,128.181789,37.948684,6985.601472,166.767,-27.241,358.272,0.9982231038071783
9.4,128.181773,37.948927,6976.8488352,165.545,-28.273,358.76,0.9982231038071783
9.5,128.181758,37.949168,6967.6005936,164.009,-29.31,359.244,0.9982231038071783
9.6,128.181746,37.949407,6957.828400800001,161.682,-30.386,359.679,0.9982231038071783
9.7,128.181734,37.949645,6947.594436,160.806,-31.506,0.063,0.9982231038071783
9.8,128.181724,37.94988,6936.947772,160.974,-32.591,0.518,0.9982231038071783
9.9,128.181715,37.950114,6925.8594528,159.594,-33.615,1.055,0.9982231038071783
10.0,128.181708,37.950346,6914.335269600001,159.143,-34.65,1.51,0.9982231038071783
10.1,128.181702,37.950576,6902.3429136,158.659,-35.67,2.021,0.9982231038071783
10.2,128.181699,37.950803,6889.8741552,157.379,-36.653,2.71,0.9982231038071783
10.3,128.181697,37.951028,6876.9064392,154.838,-37.642,3.488,0.9982231038071783
10.4,128.181698,37.95125,6863.4973728,154.324,-38.716,4.131,0.9982231038071783
10.5,128.1817,37.95147,6849.6893232,155.015,-39.748,4.876,0.9982231038071783
10.6,128.181704,37.951687,6835.4429712,155.006,-40.762,5.617,0.9982231038071783
10.7,128.18171,37.951902,6820.7427720000005,153.941,-41.727,6.497,0.9982231038071783
10.8,128.181719,37.952114,6805.568304,151.248,-42.69,7.443,0.9982231038071783
10.9,128.18173,37.952322,6789.97626,149.706,-43.739,8.235,0.9982231038071783
11.0,128.181743,37.952529,6774.0035208,148.466,-44.778,9.058,0.9982231038071783
11.1,128.181758,37.952732,6757.6284456,146.033,-45.733,10.045,0.9982231038071783
11.2,128.181775,37.952933,6740.896754400001,145.548,-46.701,10.994,0.9982231038071783
11.3,128.181794,37.953131,6723.8154576,145.597,-47.592,12.065,0.9982231038071783
11.4,128.181816,37.953326,6706.3589520000005,144.348,-48.415,13.234,0.9982231038071783
11.5,128.18184,37.953519,6688.5528408,143.756,-49.296,14.279,0.9982231038071783
11.6,128.181866,37.953708,6670.3824936,141.463,-50.141,15.396,0.9982231038071783
11.7,128.181895,37.953894,6651.854311200001,138.952,-50.917,16.669,0.9982231038071783
11.8,128.181926,37.954077,6632.9588448,135.418,-51.647,18.067,0.9982231038071783
11.9,128.181961,37.954256,6613.7299272,132.72,-52.411,19.462,0.9982231038071783
12.0,128.181998,37.954431,6594.168777600001,128.672,-53.159,20.935,0.9982231038071783
12.1,128.182039,37.954604,6574.315324800001,126.464,-53.914,22.448,0.9982231038071783
12.2,128.182082,37.954773,6554.1957816,125.228,-54.53,24.141,0.9982231038071783
12.3,128.182128,37.95494,6533.8052712,122.485,-55.119,25.828,0.9982231038071783
12.4,128.182177,37.955103,6513.154156800001,120.135,-55.634,27.58,0.9982231038071783
12.5,128.18223,37.955263,6492.2345136,115.445,-55.931,29.548,0.9982231038071783
12.6,128.182286,37.955419,6471.064324800001,110.395,-56.325,31.471,0.9982231038071783
12.7,128.182347,37.955571,6449.678947200001,108.171,-56.784,33.427,0.9982231038071783
12.8,128.18241,37.955721,6428.0975832,108.001,-57.179,35.437,0.9982231038071783
12.9,128.182477,37.955867,6406.31688,108.763,-57.466,37.161,0.9982231038071783
13.0,128.182547,37.95601,6384.3334847999995,109.392,-57.73,38.604,0.9982231038071783
13.1,128.18262,37.95615,6362.1461784,108.595,-58.038,40.642,0.9982231038071783
13.2,128.182697,37.956285,6339.755265600001,105.766,-58.252,42.854,0.9982231038071783
13.3,128.182777,37.956416,6317.1823872,103.227,-58.581,45.039,0.9982231038071783
13.4,128.182861,37.956544,6294.426628800001,101.362,-58.894,47.231,0.9982231038071783
13.5,128.182947,37.956668,6271.4895144,100.556,-59.081,49.438,0.9982231038071783
13.6,128.183037,37.956788,6248.391160800001,99.296,-59.174,51.66,0.9982231038071783
13.7,128.183131,37.956903,6225.139492800001,95.259,-59.202,53.909,0.9982231038071783
13.8,128.183229,37.957014,6201.757065600001,89.852,-59.342,56.196,0.9982231038071783
13.9,128.18333,37.95712,6178.265520000001,85.323,-59.395,58.571,0.9982231038071783
14.0,128.183436,37.957222,6154.691068800001,80.57,-59.292,60.993,0.9982231038071783
14.1,128.183545,37.957319,6131.0452944,78.082,-59.176,63.439,0.9982231038071783
14.2,128.183658,37.957413,6107.3361216,76.225,-58.933,65.8,0.9982231038071783
14.3,128.183774,37.957504,6083.543128800001,75.206,-58.688,68.064,0.9982231038071783
14.4,128.183894,37.95759,6059.663268,74.515,-58.357,70.172,0.9982231038071783
14.5,128.184017,37.957673,6035.7462216,73.643,-57.933,72.195,0.9982231038071783
14.6,128.184144,37.957751,6011.794428,72.929,-57.524,74.2,0.9982231038071783
14.7,128.184274,37.957826,5987.820079200001,71.994,-57.135,76.19,0.9982231038071783
14.8,128.184407,37.957896,5963.800620000001,70.663,-56.763,78.155,0.9982231038071783
14.9,128.184544,37.957961,5939.742146400001,66.685,-56.33,80.026,0.9982231038071783
15.0,128.184685,37.958022,5915.717505600001,61.78,-55.919,81.96,0.9982231038071783
15.1,128.18483,37.958077,5891.7407184,59.509,-55.524,83.996,0.9982231038071783
15.2,128.184978,37.958129,5867.797764000001,58.019,-54.878,85.782,0.9982231038071783
15.3,128.185129,37.958177,5843.921865600001,55.265,-54.152,87.421,0.9982231038071783
15.4,128.185284,37.958221,5820.1047935999995,53.903,-53.589,89.2,0.9982231038071783
15.5,128.185441,37.958261,5796.356301600001,53.36,-52.97,90.848,0.9982231038071783
15.6,128.185602,37.958297,5772.7120512,51.798,-52.276,92.35,0.9982231038071783
15.7,128.185766,37.958327,5749.210447200001,49.001,-51.51,93.767,0.9982231038071783
15.8,128.185933,37.958354,5725.833506400001,47.979,-50.756,95.237,0.9982231038071783
15.9,128.186103,37.958377,5702.547700800001,48.257,-50.009,96.685,0.9982231038071783
16.0,128.186276,37.958396,5679.3435816,49.676,-49.222,97.973,0.9982231038071783
16.1,128.186452,37.958411,5656.2461424,49.899,-48.47,99.224,0.9982231038071783
16.2,128.186632,37.958421,5633.2898256,47.039,-47.737,100.483,0.9982231038071783
16.3,128.186815,37.958425,5610.531933600001,43.14,-47.012,101.821,0.9982231038071783
16.4,128.187001,37.958425,5587.974295200001,41.828,-46.266,103.242,0.9982231038071783
16.5,128.18719,37.958421,5565.579724800001,41.891,-45.459,104.58,0.9982231038071783
16.6,128.18738,37.958414,5543.3585856,42.474,-44.661,105.86,0.9982231038071783
16.7,128.187574,37.958402,5521.2996,43.252,-43.905,107.121,0.9982231038071783
16.8,128.187769,37.958386,5499.3969768,44.29,-43.142,108.301,0.9982231038071783
16.9,128.187967,37.958365,5477.680891200001,44.587,-42.324,109.387,0.9982231038071783
17.0,128.188167,37.958339,5456.1867,41.856,-41.51,110.455,0.9982231038071783
17.1,128.18837,37.958308,5434.978106400001,38.245,-40.671,111.546,0.9982231038071783
17.2,128.188575,37.958273,5414.0307264,37.312,-39.805,112.689,0.9982231038071783
17.3,128.188781,37.958233,5393.291220000001,37.643,-38.934,113.817,0.9982231038071783
17.4,128.18899,37.95819,5372.7681216,38.523,-38.075,114.89,0.9982231038071783
17.5,128.1892,37.958142,5352.4736232000005,38.694,-37.225,115.899,0.9982231038071783
17.6,128.189412,37.958089,5332.4662464,37.202,-36.376,116.903,0.9982231038071783
17.7,128.189625,37.958033,5312.6862504,37.328,-35.54,117.913,0.9982231038071783
17.8,128.18984,37.957972,5293.1668584,37.395,-34.609,118.766,0.9982231038071783
17.9,128.190056,37.957907,5273.9690304,35.694,-33.735,119.707,0.9982231038071783
18.0,128.190273,37.957838,5255.043084000001,35.616,-32.92,120.753,0.9982231038071783
18.1,128.190491,37.957765,5236.378960800001,36.489,-32.083,121.734,0.9982231038071783
18.2,128.19071,37.957687,5217.9650784000005,37.798,-31.252,122.644,0.9982231038071783
18.3,128.19093,37.957606,5199.8182008,39.221,-30.431,123.534,0.9982231038071783
18.4,128.19115,37.95752,5181.941376,40.526,-29.699,124.553,0.9982231038071783
18.5,128.191371,37.957429,5164.3480152,41.049,-28.959,125.558,0.9982231038071783
18.6,128.191592,37.957334,5147.09664,40.019,-28.172,126.537,0.9982231038071783
18.7,128.191813,37.957235,5130.144273600001,39.429,-27.35,127.481,0.9982231038071783
18.8,128.192034,37.95713,5113.5783936,36.165,-26.448,128.346,0.9982231038071783
18.9,128.192254,37.957021,5097.4837344,30.559,-25.441,129.122,0.9982231038071783
19.0,128.192474,37.956908,5081.8743168,24.649,-24.369,129.889,0.9982231038071783
19.1,128.192695,37.95679,5066.682475199999,22.64,-23.249,130.648,0.9982231038071783
19.2,128.192915,37.95667,5051.8353624,22.901,-22.06,131.238,0.9982231038071783
19.3,128.193136,37.956547,5037.336636,23.9,-20.913,131.772,0.9982231038071783
19.4,128.193358,37.956421,5023.2189096,24.219,-19.784,132.206,0.9982231038071783
19.5,128.19358,37.956291,5009.5623456,22.704,-18.684,132.674,0.9982231038071783
19.6,128.193802,37.956157,4996.3087272,22.84,-17.613,133.257,0.9982231038071783
19.7,128.194024,37.956021,4983.429708,23.884,-16.56,133.793,0.9982231038071783
19.8,128.194247,37.955882,4970.9591208,25.234,-15.537,134.345,0.9982231038071783
19.9,128.194469,37.955739,4958.909462400001,26.706,-14.532,134.932,0.9982231038071783
20.0,128.19469,37.955593,4947.26976,28.23,-13.577,135.569,0.9982231038071783
20.1,128.194912,37.955445,4936.0488528000005,29.802,-12.651,136.266,0.9982231038071783
20.2,128.195131,37.955293,4925.2552752,31.428,-11.735,137.028,0.9982231038071783
20.3,128.19535,37.955138,4914.8780544,33.113,-10.843,137.833,0.9982231038071783
20.4,128.195567,37.95498,4904.9168856,34.51,-9.987,138.662,0.9982231038071783
20.5,128.195783,37.954818,4895.383656,35.533,-9.119,139.485,0.9982231038071783
20.6,128.195996,37.954653,4886.242704,37.029,-8.265,140.36,0.9982231038071783
20.7,128.196208,37.954485,4877.488848,38.693,-7.491,141.333,0.9982231038071783
20.8,128.196418,37.954314,4869.1162968,40.547,-6.751,142.32,0.9982231038071783
20.9,128.196625,37.95414,4861.133889600001,41.713,-5.939,143.236,0.9982231038071783
21.0,128.196828,37.953962,4853.624836800001,39.976,-5.031,144.079,0.9982231038071783
21.1,128.197028,37.95378,4846.6504032,35.694,-4.069,144.893,0.9982231038071783
21.2,128.197224,37.953596,4840.2252192000005,31.172,-3.008,145.67,0.9982231038071783
21.3,128.197418,37.953409,4834.2785712,30.203,-1.978,146.552,0.9982231038071783
21.4,128.19761,37.953219,4828.729687200001,31.049,-0.937,147.412,0.9982231038071783
21.5,128.197799,37.953028,4823.58954,32.554,0.076,148.237,0.9982231038071783
21.6,128.197985,37.952834,4818.8715408,34.267,1.037,149.077,0.9982231038071783
21.7,128.198169,37.952638,4814.588796,35.159,1.935,149.826,0.9982231038071783
21.8,128.198349,37.95244,4810.7955600000005,34.314,2.809,150.574,0.9982231038071783
21.9,128.198526,37.95224,4807.4159376,35.554,3.718,151.566,0.9982231038071783
22.0,128.1987,37.952038,4804.3740336,38.81,4.595,152.572,0.9982231038071783
22.1,128.198871,37.951834,4801.7326368,41.404,5.435,153.531,0.9982231038071783
22.2,128.199038,37.951628,4799.512168800001,42.819,6.291,154.463,0.9982231038071783
22.3,128.199199,37.95142,4797.7842576,41.219,7.233,155.336,0.9982231038071783
22.4,128.199356,37.951209,4796.6037672,37.025,8.246,156.185,0.9982231038071783
22.5,128.199507,37.950997,4795.981365600001,32.428,9.316,157.053,0.9982231038071783
22.6,128.199655,37.950784,4795.8454248,31.41,10.345,158.043,0.9982231038071783
22.7,128.199799,37.950569,4796.1142584,32.378,11.441,158.93,0.9982231038071783
22.8,128.19994,37.950353,4796.79762,34.003,12.521,159.776,0.9982231038071783
22.9,128.200078,37.950136,4797.9098352,35.82,13.543,160.644,0.9982231038071783
23.0,128.200211,37.949918,4799.4637056,36.805,14.562,161.487,0.9982231038071783
23.1,128.200339,37.9497,4801.542136800001,34.845,15.689,162.18,0.9982231038071783
23.2,128.200463,37.94948,4804.2188904,30.239,16.895,162.814,0.9982231038071783
23.3,128.200581,37.94926,4807.4985384,25.057,18.098,163.553,0.9982231038071783
23.4,128.200696,37.94904,4811.2960416000005,23.623,19.332,164.342,0.9982231038071783
23.5,128.200808,37.94882,4815.5227032,24.34,20.629,165.011,0.9982231038071783
23.6,128.200917,37.9486,4820.1882768000005,25.814,21.902,165.638,0.9982231038071783
23.7,128.201022,37.94838,4825.310745600001,27.56,23.125,166.284,0.9982231038071783
23.8,128.201124,37.94816,4830.892852800001,29.411,24.288,167.006,0.9982231038071783
23.9,128.201222,37.947941,4836.944047200001,31.033,25.41,167.788,0.9982231038071783
24.0,128.201316,37.947722,4843.4722536,32.216,26.497,168.643,0.9982231038071783
24.1,128.201407,37.947503,4850.4283992,33.944,27.543,169.596,0.9982231038071783
24.2,128.201493,37.947286,4857.8121792,35.965,28.554,170.6,0.9982231038071783
24.3,128.201574,37.947068,4865.612316000001,38.11,29.51,171.696,0.9982231038071783
24.4,128.201651,37.946852,4873.823628,40.052,30.448,172.844,0.9982231038071783
24.5,128.201723,37.946637,4882.4607456,41.248,31.375,174.035,0.9982231038071783
24.6,128.20179,37.946422,4891.4953224,42.428,32.258,175.325,0.9982231038071783
24.7,128.201852,37.946209,4900.888344000001,44.343,33.101,176.687,0.9982231038071783
24.8,128.201909,37.945996,4910.6318856,46.629,33.923,178.082,0.9982231038071783
24.9,128.201961,37.945785,4920.7113168000005,49.112,34.745,179.5,0.9982231038071783
25.0,128.202008,37.945575,4931.1309048,50.774,35.605,180.901,0.9982231038071783
25.1,128.202048,37.945367,4941.9391128,49.498,36.485,182.333,0.9982231038071783
25.2,128.202082,37.945161,4953.183489600001,45.772,37.438,183.76,0.9982231038071783
25.3,128.202109,37.944958,4964.8670832,41.665,38.446,185.238,0.9982231038071783
25.4,128.20213,37.944757,4976.9319816,41.034,39.429,186.822,0.9982231038071783
25.5,128.202148,37.944558,4989.3111288,42.508,40.501,188.306,0.9982231038071783
25.6,128.202161,37.944361,5002.003610400001,44.792,41.569,189.752,0.9982231038071783
25.7,128.20217,37.944166,5015.0216184,46.483,42.622,191.161,0.9982231038071783
25.8,128.202173,37.943975,5028.4032528,45.428,43.716,192.489,0.9982231038071783
25.9,128.202171,37.943787,5042.170459200001,43.462,44.745,193.917,0.9982231038071783
26.0,128.202164,37.943603,5056.279956,44.051,45.685,195.514,0.9982231038071783
26.1,128.202154,37.943421,5070.6601152,46.103,46.667,197.096,0.9982231038071783
26.2,128.202139,37.943242,5085.2917344,48.753,47.619,198.705,0.9982231038071783
26.3,128.20212,37.943067,5100.1708512000005,50.75,48.503,200.243,0.9982231038071783
26.4,128.202097,37.942895,5115.319716,51.185,49.315,201.751,0.9982231038071783
26.5,128.20207,37.942726,5130.6935232000005,52.849,50.005,203.496,0.9982231038071783
26.6,128.202039,37.942561,5146.278556800001,55.265,50.64,205.239,0.9982231038071783
26.7,128.202004,37.942398,5162.0617104,58.121,51.277,207.139,0.9982231038071783
26.8,128.201965,37.942239,5178.0368880000005,60.332,51.914,209.055,0.9982231038071783
26.9,128.201921,37.942084,5194.22634,61.004,52.504,211.007,0.9982231038071783
27.0,128.201874,37.941932,5210.575812,62.783,52.956,213.115,0.9982231038071783
27.1,128.201823,37.941783,5227.0520808,65.315,53.375,215.252,0.9982231038071783
27.2,128.201768,37.941638,5243.6569752,68.582,53.673,217.327,0.9982231038071783
27.3,128.201711,37.941495,5260.331059200001,73.513,53.793,219.39,0.9982231038071783
27.4,128.20165,37.941355,5277.0490344,79.479,53.795,221.485,0.9982231038071783
27.5,128.201586,37.941218,5293.817911200001,84.289,53.737,223.45,0.9982231038071783
27.6,128.201517,37.941084,5310.6392136,86.557,53.635,225.523,0.9982231038071783
27.7,128.201444,37.940953,5327.4977016,87.631,53.429,227.64,0.9982231038071783
27.8,128.201366,37.940826,5344.3805736,86.386,53.297,229.661,0.9982231038071783
27.9,128.201284,37.940703,5361.2899632,83.889,53.262,231.582,0.9982231038071783
28.0,128.201197,37.940585,5378.235928800001,80.91,53.319,233.572,0.9982231038071783
28.1,128.201107,37.940471,5395.2187752,80.518,53.301,235.583,0.9982231038071783
28.2,128.201013,37.940359,5412.2260056000005,82.542,53.393,237.66,0.9982231038071783
28.3,128.200917,37.940251,5429.227749600001,85.699,53.459,239.691,0.9982231038071783
28.4,128.200819,37.940146,5446.2118152,89.964,53.379,241.822,0.9982231038071783
28.5,128.200718,37.940044,5463.169363200001,93.589,53.226,243.897,0.9982231038071783
28.6,128.200614,37.939946,5480.088811200001,97.01,52.931,245.888,0.9982231038071783
28.7,128.200507,37.93985,5496.9637584,100.82,52.505,247.795,0.9982231038071783
28.8,128.200397,37.939758,5513.778964800001,103.221,52.119,249.642,0.9982231038071783
28.9,128.200283,37.939671,5530.506693599999,102.933,51.818,251.42,0.9982231038071783
29.0,128.200166,37.939588,5547.144201600001,100.219,51.515,253.135,0.9982231038071783
29.1,128.200045,37.939509,5563.7000232,97.009,51.184,254.94,0.9982231038071783
29.2,128.199922,37.939435,5580.1863504,95.894,50.83,256.523,0.9982231038071783
29.3,128.199797,37.939363,5596.6007448,96.818,50.553,257.98,0.9982231038071783
29.4,128.19967,37.939293,5612.9474736,100.116,50.246,259.816,0.9982231038071783
29.5,128.199543,37.939225,5629.2180024,104.881,49.831,261.582,0.9982231038071783
29.6,128.199413,37.93916,5645.393738400001,109.883,49.359,263.145,0.9982231038071783
29.7,128.199282,37.939098,5661.4576128,113.993,48.795,264.641,0.9982231038071783
29.8,128.199149,37.939038,5677.4062728,117.484,48.147,266.051,0.9982231038071783
29.9,128.199014,37.938982,5693.2183824,118.206,47.569,267.459,0.9982231038071783
30.0,128.198876,37.938929,5708.873824800001,116.434,46.944,268.788,0.9982231038071783
30.1,128.198735,37.93888,5724.369552000001,114.189,46.273,270.08,0.9982231038071783
30.2,128.198593,37.938833,5739.729643199999,113.351,45.673,271.314,0.9982231038071783
30.3,128.19845,37.938789,5754.971472,113.584,45.163,272.375,0.9982231038071783
30.4,128.198305,37.938747,5770.1060112000005,115.092,44.621,273.36,0.9982231038071783
30.5,128.198159,37.938708,5785.1195448,117.706,44.052,274.293,0.9982231038071783
30.6,128.198013,37.93867,5800.002624000001,121.175,43.385,275.289,0.9982231038071783
30.7,128.197864,37.938634,5814.753724800001,124.989,42.73,276.076,0.9982231038071783
30.8,128.197715,37.9386,5829.3643128,127.907,42.256,276.49,0.9982231038071783
30.9,128.197564,37.938569,5843.7950688,127.586,42.068,276.348,0.9982231038071783
31.0,128.197411,37.938541,5858.027704800001,125.655,41.865,276.051,0.9982231038071783
31.1,128.197257,37.938515,5872.081728,124.107,41.242,276.443,0.9982231038071783
31.2,128.197101,37.938492,5885.9437272000005,121.89,40.585,277.145,0.9982231038071783
31.3,128.196944,37.938471,5899.6368672,120.977,39.906,278.107,0.9982231038071783
31.4,128.196786,37.938453,5913.156576,120.024,39.195,279.339,0.9982231038071783
31.5,128.196627,37.938437,5926.4821272,118.533,38.451,280.746,0.9982231038071783
31.6,128.196466,37.938425,5939.644000800001,118.558,37.772,282.06,0.9982231038071783
31.7,128.196305,37.938413,5952.6772488,119.418,37.473,282.42,0.9982231038071783
31.8,128.196144,37.938403,5965.5946728,120.836,37.594,281.762,0.9982231038071783
31.9,128.195981,37.938395,5978.3971872,123.237,37.659,281.245,0.9982231038071783
32.0,128.195818,37.938387,5991.077172,126.6,37.205,281.604,0.9982231038071783
32.1,128.195655,37.938381,6003.6340176,129.914,36.506,282.335,0.9982231038071783
32.2,128.19549,37.938376,6016.017127200001,130.962,35.563,283.324,0.9982231038071783
32.3,128.195324,37.938375,6028.1685888,129.624,34.765,284.036,0.9982231038071783
32.4,128.195157,37.938376,6040.0515216,126.386,34.21,284.495,0.9982231038071783
32.5,128.19499,37.93838,6051.685432800001,122.813,33.569,285.258,0.9982231038071783
32.6,128.194821,37.938387,6063.1154328,119.748,33.128,285.625,0.9982231038071783
32.7,128.194652,37.938397,6074.3296344,116.66,32.732,286.176,0.9982231038071783
32.8,128.194483,37.938409,6085.3691856000005,115.493,32.322,286.94,0.9982231038071783
32.9,128.194313,37.938422,6096.2767584,115.858,31.968,287.575,0.9982231038071783
33.0,128.194143,37.938437,6107.0800896,117.627,31.537,288.314,0.9982231038071783
33.1,128.193973,37.938452,6117.7761312,120.342,31.191,288.813,0.9982231038071783
33.2,128.193802,37.938468,6128.36214,123.585,30.768,289.217,0.9982231038071783
33.3,128.193631,37.938485,6138.8347632,126.868,30.073,289.951,0.9982231038071783
33.4,128.193459,37.938504,6149.161082400001,128.978,29.298,290.788,0.9982231038071783
33.5,128.193287,37.938524,6159.356642400001,131.587,28.391,291.643,0.9982231038071783
33.6,128.193114,37.938544,6169.4168712,133.676,27.667,292.128,0.9982231038071783
33.7,128.192941,37.938567,6179.2908672,133.733,27.137,292.513,0.9982231038071783
33.8,128.192767,37.938591,6188.953332,132.246,27.132,292.226,0.9982231038071783
33.9,128.192594,37.938617,6198.4606536,131.151,27.505,291.278,0.9982231038071783
34.0,128.192419,37.938643,6207.8649528,130.11,28.161,289.971,0.9982231038071783
34.1,128.192245,37.93867,6217.1583048,128.258,28.842,288.613,0.9982231038071783
34.2,128.19207,37.938697,6226.378809600001,127.772,29.112,287.764,0.9982231038071783
34.3,128.191894,37.938723,6235.5429264,128.416,29.349,286.916,0.9982231038071783
34.4,128.191718,37.93875,6244.6537032,129.239,29.895,285.752,0.9982231038071783
34.5,128.191542,37.938777,6253.6861464,129.489,30.19,285.074,0.9982231038071783
34.6,128.191366,37.938804,6262.667992800001,130.336,29.99,285.068,0.9982231038071783
34.7,128.191189,37.938831,6271.5635808,129.767,29.807,285.152,0.9982231038071783
34.8,128.191012,37.938859,6280.3082928,127.985,29.287,285.763,0.9982231038071783
34.9,128.190835,37.938889,6288.8554944,125.54,28.131,287.274,0.9982231038071783
35.0,128.190657,37.93892,6297.2277408,122.679,26.769,289.096,0.9982231038071783
35.1,128.19048,37.938953,6305.3957712,119.558,25.422,291.034,0.9982231038071783
35.2,128.190303,37.938988,6313.3964664,117.291,24.475,292.22,0.9982231038071783
35.3,128.190125,37.939024,6321.2499431999995,114.609,24.26,292.248,0.9982231038071783
35.4,128.189948,37.939062,6328.9376088,110.663,24.497,291.504,0.9982231038071783
35.5,128.189771,37.939102,6336.467388000001,105.835,24.782,290.726,0.9982231038071783
35.6,128.189595,37.939143,6343.870370400001,100.79,25.054,289.56,0.9982231038071783
35.7,128.189419,37.939185,6351.171549600001,96.467,25.221,288.041,0.9982231038071783
35.8,128.189243,37.939228,6358.373973600001,92.08,25.345,286.468,0.9982231038071783
35.9,128.189067,37.939271,6365.4937968,89.508,25.276,285.65,0.9982231038071783
36.0,128.18889,37.939314,6372.535896,88.877,25.092,286.106,0.9982231038071783
36.1,128.188713,37.939356,6379.504233600001,89.988,24.902,287.492,0.9982231038071783
36.2,128.188535,37.939398,6386.4018576,92.483,24.68,289.423,0.9982231038071783
36.3,128.188356,37.93944,6393.224805600001,95.29,24.422,291.532,0.9982231038071783
36.4,128.188177,37.939482,6399.966372,97.234,24.145,293.701,0.9982231038071783
36.5,128.187998,37.939525,6406.6332624,99.169,23.734,295.876,0.9982231038071783
36.6,128.18782,37.939568,6413.2154184,99.8,23.306,297.372,0.9982231038071783
36.7,128.187641,37.939612,6419.7146688,100.713,22.925,297.933,0.9982231038071783
36.8,128.187462,37.939657,6426.1294896,101.307,22.755,297.425,0.9982231038071783
36.9,128.187283,37.939702,6432.4571376,100.834,22.75,296.241,0.9982231038071783
37.0,128.187104,37.939748,6438.7095,100.373,22.784,294.809,0.9982231038071783
37.1,128.186924,37.939794,6444.875604,98.819,22.76,294.039,0.9982231038071783
37.2,128.186745,37.939842,6450.9463056,97.298,22.54,294.354,0.9982231038071783
37.3,128.186566,37.93989,6456.9331872,97.021,22.196,295.141,0.9982231038071783
37.4,128.186387,37.939938,6462.8429544,97.344,21.812,296.384,0.9982231038071783
37.5,128.186208,37.939988,6468.6670728,96.476,21.465,297.77,0.9982231038071783
37.6,128.18603,37.940039,6474.397617600001,94.067,21.174,298.845,0.9982231038071783
37.7,128.185853,37.940093,6480.0351984,90.803,20.967,299.034,0.9982231038071783
37.8,128.185676,37.940148,6485.5935312,87.938,20.736,298.911,0.9982231038071783
37.9,128.185501,37.940205,6491.077797600001,84.368,20.658,299.428,0.9982231038071783
38.0,128.185327,37.940264,6496.503237600001,80.7,20.667,300.432,0.9982231038071783
38.1,128.185154,37.940324,6501.8738136,77.951,20.637,301.195,0.9982231038071783
38.2,128.184982,37.940387,6507.198060000001,74.897,20.672,301.888,0.9982231038071783
38.3,128.184811,37.94045,6512.495484000001,70.826,20.676,302.033,0.9982231038071783
38.4,128.184642,37.940516,6517.7813256,66.421,20.731,302.177,0.9982231038071783
38.5,128.184473,37.940583,6523.047964800001,62.918,20.935,302.715,0.9982231038071783
38.6,128.184305,37.940651,6528.285648,59.751,21.286,303.432,0.9982231038071783
38.7,128.184138,37.94072,6533.5309512,55.87,21.768,304.197,0.9982231038071783
38.8,128.183973,37.94079,6538.821974400001,51.584,22.326,305.044,0.9982231038071783
38.9,128.18381,37.940862,6544.151097600001,47.492,22.994,305.979,0.9982231038071783
39.0,128.183648,37.940934,6549.549105600001,42.75,23.424,306.476,0.9982231038071783
39.1,128.183487,37.941008,6555.030933600001,38.171,23.783,306.8,0.9982231038071783
39.2,128.183328,37.941083,6560.559396000001,35.184,24.263,307.196,0.9982231038071783
39.3,128.183169,37.941158,6566.1043176,33.361,25.077,307.771,0.9982231038071783
39.4,128.183011,37.941233,6571.6294272000005,33.135,25.904,308.349,0.9982231038071783
39.5,128.182852,37.941309,6577.133810400001,34.296,26.818,308.982,0.9982231038071783
39.6,128.182694,37.941385,6582.633012,36.033,27.584,309.526,0.9982231038071783
39.7,128.182536,37.941463,6588.1767144000005,36.698,28.293,310.003,0.9982231038071783
39.8,128.18238,37.94154,6593.8085040000005,36.083,28.542,310.12,0.9982231038071783
39.9,128.182226,37.941619,6599.558251200001,34.429,28.648,310.102,0.9982231038071783
40.0,128.182074,37.941698,6605.420469600001,31.957,28.856,310.113,0.9982231038071783
40.1,128.181923,37.941778,6611.3835768,28.622,28.789,309.93,0.9982231038071783
40.2,128.181774,37.941858,6617.447268,24.697,28.852,309.785,0.9982231038071783
40.3,128.181626,37.941938,6623.6069712,20.263,29.003,309.643,0.9982231038071783
40.4,128.181479,37.942018,6629.858114400001,15.458,29.533,309.621,0.9982231038071783
40.5,128.181334,37.942098,6636.1958208,10.933,30.253,309.646,0.9982231038071783
40.6,128.18119,37.942178,6642.5999736,7.979,31.206,309.723,0.9982231038071783
40.7,128.181046,37.942259,6649.0495416,6.12,32.221,309.754,0.9982231038071783
40.8,128.180903,37.942339,6655.5298944,5.523,33.131,309.734,0.9982231038071783
40.9,128.180761,37.942418,6662.0651112000005,5.545,34.097,309.658,0.9982231038071783
41.0,128.180619,37.942498,6668.6481816000005,6.426,35.077,309.543,0.9982231038071783
41.1,128.180478,37.942577,6675.2989176,7.184,35.979,309.418,0.9982231038071783
41.2,128.180338,37.942657,6682.0170144,8.534,36.718,309.356,0.9977989129051197
41.3,128.180198,37.942736,6688.8393528,9.012,37.392,309.27,0.9929076536288627
41.4,128.18006,37.942815,6695.7881832,8.51,37.583,309.129,0.9825787708605027
41.5,128.179923,37.942893,6702.8635056,7.488,37.649,308.992,0.9667978117888013
41.6,128.179787,37.942972,6710.0260008000005,6.48,37.272,308.755,0.9455536771255274
41.7,128.179651,37.94305,6717.2848128000005,4.719,36.56,308.422,0.9188358214952734
41.8,128.179517,37.943127,6724.6435992,2.635,36.194,308.132,0.8866287869557037
41.9,128.179383,37.943205,6732.0676128000005,1.346,36.382,307.956,0.8489290021431727
42.0,128.17925,37.943282,6739.518144,0.74,36.41,307.781,0.8057175374756818
42.1,128.179118,37.943359,6747.0034224,-0.625,35.827,307.543,0.7569918179919691
42.2,128.178986,37.943435,6754.5481368,-2.766,35.307,307.299,0.7395226887166887
42.3,128.178855,37.943511,6762.1528968,-5.056,35.46,307.026,0.7395226887166887
42.4,128.178724,37.943587,6769.798500000001,-6.454,36.199,306.762,0.7395226887166887
42.5,128.178594,37.943662,6777.4822032,-7.489,37.361,306.482,0.7395226887166887
42.6,128.178464,37.943737,6785.186632800001,-7.346,38.572,306.227,0.7395226887166887
42.7,128.178334,37.943812,6792.898072800001,-6.102,39.74,306.03,0.7395226887166887
42.8,128.178204,37.943886,6800.6247528,-3.866,40.834,305.906,0.7395226887166887
42.9,128.178075,37.94396,6808.3721592,-1.318,41.85,305.847,0.7395226887166887
43.0,128.177947,37.944034,6816.1698576,0.129,42.784,305.778,0.7395226887166887
43.1,128.17782,37.944107,6824.0446704000005,0.988,43.71,305.749,0.7395226887166887
43.2,128.177693,37.944179,6831.980138400001,2.553,44.79,305.874,0.7395226887166887
43.3,128.177568,37.944251,6839.953096800001,4.767,45.935,306.094,0.7395226887166887
43.4,128.177443,37.944323,6847.963240800001,7.423,47.062,306.38,0.7395226887166887
43.5,128.17732,37.944394,6856.014228000001,10.407,48.064,306.807,0.7395226887166887
43.6,128.177197,37.944464,6864.1084968000005,13.535,48.809,307.31,0.7395226887166887
43.7,128.177076,37.944535,6872.2350744000005,16.202,49.368,307.861,0.7395226887166887
43.8,128.176956,37.944604,6880.4006664,17.668,49.733,308.4,0.7395226887166887
43.9,128.176838,37.944674,6888.579364800001,18.948,49.622,308.806,0.7395226887166887
44.0,128.176721,37.944743,6896.7653784,20.173,49.267,309.111,0.7395226887166887
44.1,128.176604,37.944812,6904.946820000001,21.3,48.566,309.183,0.7395226887166887
44.2,128.176489,37.944881,6913.12308,22.387,47.644,309.117,0.7395226887166887
44.3,128.176374,37.944949,6921.2929392,23.636,46.906,309.176,0.7395226887166887
44.4,128.17626,37.945018,6929.4478632,24.94,46.052,309.163,0.7395226887166887
44.5,128.176147,37.945086,6937.5860232,25.816,44.944,308.966,0.7395226887166887
44.6,128.176034,37.945155,6945.695532000001,25.771,43.711,308.703,0.7395226887166887
44.7,128.175922,37.945223,6953.767550400001,26.098,42.503,308.519,0.7395226887166887
44.8,128.17581,37.945291,6961.8017736,26.839,41.182,308.233,0.7395226887166887
44.9,128.175698,37.94536,6969.788448,28.047,39.825,307.884,0.7395226887166887
45.0,128.175586,37.945429,6977.7092856,29.697,38.374,307.439,0.7395226887166887
45.1,128.175473,37.945497,6985.542036,31.795,36.863,306.938,0.7395226887166887
45.2,128.175361,37.945566,6993.2882232,34.346,35.319,306.369,0.7395226887166887
45.3,128.175248,37.945635,7000.9515048,37.356,33.767,305.693,0.7395226887166887
45.4,128.175134,37.945704,7008.5111544,40.784,32.214,304.943,0.7395226887166887
45.5,128.17502,37.945772,7015.9528464,44.641,30.692,304.104,0.7395226887166887
45.6,128.174905,37.945841,7023.2814576,48.958,29.232,303.172,0.7395226887166887
45.7,128.174789,37.94591,7030.4896728,53.774,27.871,302.154,0.7395226887166887
45.8,128.174672,37.945978,7037.5610328,59.112,26.643,301.068,0.7395226887166887
45.9,128.174554,37.946046,7044.4946232,64.998,25.587,299.904,0.7395226887166887
46.0,128.174436,37.946113,7051.2913584,71.419,24.751,298.651,0.7395226887166887
46.1,128.174316,37.946179,7057.9628207999995,78.268,24.128,297.33,0.7395226887166887
46.2,128.174195,37.946245,7064.5288224000005,85.433,23.704,295.959,0.7395226887166887
46.3,128.174073,37.94631,7071.006736800001,92.837,23.476,294.56,0.7395226887166887
46.4,128.17395,37.946374,7077.408146400001,100.451,23.459,293.162,0.7395226887166887
46.5,128.173826,37.946437,7083.7440240000005,108.276,23.679,291.805,0.7395226887166887
46.6,128.1737,37.946499,7090.025342400001,116.327,24.156,290.533,0.7395226887166887
46.7,128.173574,37.94656,7096.256064,124.606,24.842,289.453,0.7395226887166887
46.8,128.173448,37.94662,7102.4431992,133.24,25.414,288.984,0.7395226887166887
46.9,128.173322,37.946679,7108.590100800001,142.357,25.648,289.274,0.7395226887166887
47.0,128.173195,37.946738,7114.7001216,151.728,25.547,290.05,0.7395226887166887
47.1,128.173068,37.946796,7120.7583264,161.104,25.081,291.11,0.7395226887166887
47.2,128.172941,37.946855,7126.7601432,170.704,24.126,292.345,0.7395226887166887
47.3,128.172813,37.946913,7132.690332,-179.922,22.664,293.61,0.7395226887166887
47.4,128.172685,37.946971,7138.5095736,-171.338,20.72,294.759,0.7395226887166887
47.5,128.172556,37.94703,7144.2105528,-163.201,18.475,295.631,0.7395226887166887
47.6,128.172426,37.947088,7149.759436800001,-156.58,16.143,296.245,0.7395226887166887
47.7,128.172295,37.947147,7155.117211200001,-151.449,13.91,296.618,0.7395226887166887
47.8,128.172164,37.947205,7160.264368800001,-147.693,11.726,296.68,0.7395226887166887
47.9,128.172032,37.947263,7165.1780496,-145.603,9.645,296.46,0.7395226887166887
48.0,128.171899,37.94732,7169.850633600001,-145.158,7.72,295.991,0.7395226887166887
48.1,128.171765,37.947377,7174.275110400001,-146.279,5.975,295.308,0.7395226887166887
48.2,128.17163,37.947433,7178.4456887999995,-148.769,4.392,294.487,0.7395226887166887
48.3,128.171494,37.947489,7182.354444,-152.316,2.913,293.639,0.7395226887166887
48.4,128.171358,37.947544,7185.9955848,-156.634,1.512,292.836,0.7395226887166887
48.5,128.171221,37.947599,7189.362100800001,-161.421,0.165,292.115,0.7395226887166887
48.6,128.171083,37.947653,7192.449724800001,-166.067,-1.147,291.511,0.7395226887166887
48.7,128.170946,37.947707,7195.278268800001,-169.439,-2.428,291.014,0.7395226887166887
48.8,128.170807,37.947761,7197.8730312,-171.395,-3.687,290.649,0.7395226887166887
48.9,128.170669,37.947815,7200.2556528,-171.945,-4.91,290.406,0.7395226887166887
49.0,128.170529,37.947868,7202.4282672,-171.225,-6.073,290.223,0.7395226887166887
49.1,128.17039,37.947922,7204.385388000001,-169.524,-7.226,290.071,0.7395226887166887
49.2,128.170251,37.947975,7206.1026312,-167.424,-8.356,289.936,0.7395226887166887
49.3,128.170111,37.948027,7207.563842400001,-165.281,-9.459,289.816,0.7395226887166887
49.4,128.169972,37.948079,7208.7467712,-163.655,-10.544,289.72,0.7395226887166887
49.5,128.169832,37.948131,7209.6404448,-162.647,-11.614,289.609,0.7395226887166887
49.6,128.169692,37.948182,7210.2473016,-162.277,-12.678,289.474,0.7395226887166887
49.7,128.169553,37.948233,7210.56978,-162.557,-13.722,289.292,0.7395226887166887
49.8,128.169413,37.948282,7210.611232800001,-163.402,-14.744,289.097,0.7395226887166887
49.9,128.169274,37.948332,7210.373184000001,-164.718,-15.8,288.898,0.7395226887166887
50.0,128.169134,37.94838,7209.8571576,-166.425,-16.891,288.702,0.7395226887166887
50.1,128.168995,37.948429,7209.0646776,-168.408,-18.019,288.546,0.7395226887166887
50.2,128.168857,37.948476,7207.9969632,-170.598,-19.178,288.43,0.7395226887166887
50.3,128.168718,37.948524,7206.655538400001,-172.91,-20.347,288.374,0.7395226887166887
50.4,128.16858,37.948571,7205.0461944,-174.909,-21.489,288.395,0.7395226887166887
50.5,128.168443,37.948617,7203.191791200001,-175.8,-22.612,288.443,0.7395226887166887
50.6,128.168305,37.948663,7201.1121408,-175.757,-23.734,288.497,0.7395226887166887
50.7,128.168168,37.94871,7198.8224832000005,-175.014,-24.888,288.552,0.7395226887166887
50.8,128.168031,37.948756,7196.3121504,-174.5,-26.069,288.653,0.7395226887166887
50.9,128.167894,37.948801,7193.553405600001,-174.276,-27.261,288.805,0.7395226887166887
51.0,128.167758,37.948846,7190.5294848,-174.074,-28.437,288.975,0.7395226887166887
51.1,128.167623,37.948891,7187.254104000001,-173.358,-29.556,289.105,0.7395226887166887
51.2,128.167487,37.948936,7183.7251295999995,-172.725,-30.626,289.202,0.7395226887166887
51.3,128.167353,37.94898,7179.9385992,-172.492,-31.689,289.304,0.7395226887166887
51.4,128.167219,37.949024,7175.903656800001,-172.543,-32.795,289.377,0.7395226887166887
51.5,128.167086,37.949067,7171.607500800001,-173.1,-33.936,289.456,0.7395226887166887
51.6,128.166954,37.94911,7167.047997600001,-173.808,-35.099,289.529,0.7395226887166887
51.7,128.166822,37.949152,7162.235510400001,-174.17,-36.271,289.563,0.7395226887166887
51.8,128.166691,37.949194,7157.1715632000005,-174.644,-37.457,289.593,0.7395226887166887
51.9,128.166561,37.949236,7151.8659096,-174.747,-38.647,289.557,0.7395226887166887
52.0,128.166433,37.949277,7146.307881600001,-175.348,-39.822,289.519,0.7395226887166887
52.1,128.166305,37.949318,7140.485592000001,-176.293,-40.96,289.505,0.7395226887166887
52.2,128.166178,37.949358,7134.4097088,-177.187,-42.104,289.524,0.7395226887166887
52.3,128.166052,37.949398,7128.1070544,-178.015,-43.268,289.559,0.7395226887166887
52.4,128.165927,37.949437,7121.580372,-178.527,-44.424,289.63,0.7395226887166887
52.5,128.165802,37.949477,7114.8491688,-178.171,-45.528,289.664,0.7395226887166887
52.6,128.165679,37.949516,7107.9158832,-176.987,-46.598,289.681,0.7395226887166887
52.7,128.165556,37.949555,7100.7713712,-175.402,-47.648,289.653,0.7395226887166887
52.8,128.165433,37.949593,7093.4131944,-174.247,-48.648,289.619,0.7395226887166887
52.9,128.165312,37.949631,7085.8248936,-173.235,-49.623,289.532,0.7395226887166887
53.0,128.165192,37.949668,7078.0250616,-171.944,-50.612,289.409,0.7395226887166887
53.1,128.165074,37.949705,7070.002116,-171.236,-51.573,289.295,0.7395226887166887
53.2,128.164957,37.949741,7061.7322824,-171.327,-52.516,289.191,0.7395226887166887
53.3,128.164841,37.949777,7053.2134272,-172.044,-53.454,289.093,0.7395226887166887
53.4,128.164726,37.949812,7044.475116,-173.109,-54.408,289.005,0.7395226887166887
53.5,128.164613,37.949846,7035.5121672000005,-174.646,-55.379,288.923,0.7395226887166887
53.6,128.164501,37.94988,7026.3291528,-176.155,-56.359,288.818,0.7395226887166887
53.7,128.164391,37.949913,7016.9297304,-177.575,-57.347,288.787,0.7395226887166887
53.8,128.164282,37.949946,7007.327920799999,-178.895,-58.349,288.818,0.7395226887166887
53.9,128.164174,37.949979,6997.508179200001,179.893,-59.354,288.892,0.7395226887166887
54.0,128.164067,37.950011,6987.4638,178.952,-60.353,289.041,0.7395226887166887
54.1,128.163962,37.950042,6977.211242400001,178.48,-61.375,289.18,0.7395226887166887
54.2,128.163858,37.950074,6966.710882400001,177.85,-62.42,289.395,0.7395226887166887
54.3,128.163756,37.950105,6955.967292,177.101,-63.437,289.712,0.7395226887166887
54.4,128.163656,37.950135,6945.0313728,177.302,-64.397,289.932,0.7395226887166887
54.5,128.163556,37.950165,6933.906172800001,178.523,-65.009,290.019,0.7395226887166887
54.6,128.163458,37.950195,6922.586815200001,-179.867,-65.632,290.096,0.7395226887166887
54.7,128.163361,37.950225,6911.086406400001,-179.112,-66.421,290.331,0.7395226887166887
54.8,128.163266,37.950253,6899.3848296,-179.114,-67.34,290.626,0.7395226887166887
54.9,128.163173,37.950282,6887.4759888,-179.516,-68.366,290.948,0.7395226887166887
55.0,128.163082,37.950309,6875.384268000001,-179.898,-69.441,291.199,0.7395226887166887
55.1,128.162992,37.950337,6863.1032663999995,-179.384,-70.56,291.208,0.7395226887166887
55.2,128.162903,37.950364,6850.6293264000005,-178.509,-71.571,291.093,0.7395226887166887
55.3,128.162816,37.95039,6837.988356000001,-178.024,-72.19,290.958,0.7395226887166887
55.4,128.16273,37.950416,6825.1934616,-176.803,-72.752,290.775,0.7395226887166887
55.5,128.162646,37.950442,6812.2516536,-174.927,-73.021,290.575,0.7395226887166887
55.6,128.162562,37.950467,6799.1665896,-172.51,-72.971,290.34,0.7395226887166887
55.7,128.16248,37.950491,6785.9419272000005,-170.18,-72.562,290.171,0.7395226887166887
55.8,128.162399,37.950516,6772.5740088,-169.279,-71.8,290.417,0.7395226887166887
55.9,128.162319,37.950539,6759.0311352,-169.106,-71.039,290.702,0.7395226887166887
56.0,128.16224,37.950562,6745.3117824,-168.767,-70.068,291.003,0.7395226887166887
56.1,128.162162,37.950585,6731.453745600001,-169.096,-69.302,291.245,0.7395226887166887
56.2,128.162086,37.950607,6717.4533672,-170.461,-68.399,291.622,0.7395226887166887
56.3,128.16201,37.950629,6703.3121712,-172.897,-67.331,292.12,0.7395226887166887
56.4,128.161936,37.95065,6689.0444832,-175.45,-66.708,292.378,0.7395226887166887
56.5,128.161862,37.950671,6674.658837600001,-176.956,-66.698,292.3,0.7395226887166887
56.6,128.161789,37.950692,6660.160111200001,-178.082,-66.762,292.166,0.7395226887166887
56.7,128.161716,37.950712,6645.5531808000005,-178.691,-66.897,292.029,0.7395226887166887
56.8,128.161643,37.950733,6630.8343888,-179.688,-67.185,291.973,0.7395226887166887
56.9,128.161571,37.950754,6616.000992,-179.537,-67.646,291.827,0.7395226887166887
57.0,128.161499,37.950774,6601.051161599999,-178.948,-68.706,291.691,0.7395226887166887
57.1,128.161427,37.950794,6585.964476,-179.593,-70.111,291.728,0.7395226887166887
57.2,128.161356,37.950814,6570.71838,178.518,-71.908,291.944,0.7395226887166887
57.3,128.161287,37.950834,6555.3332952,175.42,-73.444,292.413,0.7395226887166887
57.4,128.16122,37.950853,6539.814708,171.949,-74.193,292.858,0.7395226887166887
57.5,128.161154,37.950872,6524.173896,169.573,-74.089,292.851,0.7395226887166887
57.6,128.161089,37.950891,6508.4001912,167.361,-73.822,292.838,0.7395226887166887
57.7,128.161025,37.950909,6492.490545600001,164.528,-74.144,293.397,0.7395226887166887
57.8,128.160963,37.950928,6476.458370400001,161.363,-74.605,294.226,0.7395226887166887
57.9,128.160902,37.950946,6460.3048848,157.913,-74.752,294.856,0.7395226887166887
58.0,128.160842,37.950964,6444.0364896,155.057,-74.501,294.915,0.7395226887166887
58.1,128.160783,37.950982,6427.6531847999995,151.873,-74.237,295.03,0.7395226887166887
58.2,128.160725,37.951,6411.1641144000005,150.024,-73.537,294.18,0.7395226887166887
58.3,128.160668,37.951019,6394.5723264,147.942,-72.449,292.685,0.7395226887166887
58.4,128.160611,37.951037,6377.882392800001,145.328,-71.181,290.84,0.7395226887166887
58.5,128.160556,37.951055,6361.1034576,141.923,-69.936,288.93,0.7395226887166887
58.6,128.1605,37.951074,6344.244055200001,137.446,-69.221,287.852,0.7395226887166887
58.7,128.160445,37.951093,6327.306319200001,132.766,-68.997,287.539,0.7395226887166887
58.8,128.160391,37.951112,6310.2914688,126.768,-69.01,287.819,0.7395226887166887
58.9,128.160337,37.951131,6293.2031615999995,121.386,-68.901,287.257,0.7395226887166887
59.0,128.160282,37.95115,6276.041092800001,116.378,-68.955,287.035,0.7395226887166887
59.1,128.160229,37.951169,6258.813796800001,108.367,-69.384,289.265,0.7395226887166887
59.2,128.160176,37.95119,6241.5167016000005,97.999,-69.911,293.451,0.7395226887166887
59.3,128.160124,37.951211,6224.1498071999995,85.299,-70.239,299.993,0.7395226887166887
59.4,128.160073,37.951234,6206.7076272,71.425,-70.03,308.151,0.7395226887166887
59.5,128.160022,37.951258,6189.183151200001,59.936,-69.365,315.173,0.7395226887166887
59.6,128.159972,37.951284,6171.619356000001,49.461,-68.343,320.481,0.7395226887166887
59.7,128.159923,37.951313,6154.0360536,40.727,-67.512,323.302,0.7395226887166887
59.8,128.159874,37.951344,6136.436901600001,33.081,-66.955,324.495,0.7395226887166887
59.9,128.159825,37.951378,6118.829520000001,25.851,-66.004,325.765,0.7395226887166887
60.0,128.159777,37.951414,6101.2160424,19.95,-64.496,327.226,0.7395226887166887
60.1,128.159727,37.951452,6083.6284728,14.887,-62.697,328.275,0.7395226887166887
60.2,128.159677,37.951492,6066.050656800001,12.093,-60.97,328.915,0.7395226887166887
60.3,128.159626,37.951535,6048.4920432,10.024,-59.165,329.212,0.7395226887166887
60.4,128.159575,37.95158,6030.9962184000005,8.001,-57.432,329.315,0.7395226887166887
60.5,128.159522,37.951628,6013.5497712,6.594,-55.845,329.363,0.7395226887166887
60.6,128.159468,37.951678,5996.1972024,4.907,-54.273,329.155,0.7395226887166887
60.7,128.159412,37.951731,5978.9808792,2.863,-52.739,328.819,0.7395226887166887
60.8,128.159354,37.951788,5961.9200040000005,0.408,-51.249,328.384,0.7395226887166887
60.9,128.159295,37.951847,5945.0255496,-2.271,-49.837,327.813,0.7395226887166887
61.0,128.159233,37.951909,5928.296601600001,-4.8,-48.516,327.139,0.7395226887166887
61.1,128.159169,37.951973,5911.707556800001,-6.737,-47.169,326.379,0.7395226887166887
61.2,128.159103,37.95204,5895.2931624,-8.357,-45.834,325.548,0.7395226887166887
61.3,128.159035,37.952108,5879.012575199999,-8.743,-44.52,324.735,0.7395226887166887
61.4,128.158965,37.952178,5862.8468976,-8.366,-43.242,323.965,0.7395226887166887
61.5,128.158893,37.95225,5846.843373600001,-7.777,-42.011,323.3,0.7395226887166887
61.6,128.158818,37.952324,5830.9824960000005,-5.852,-40.822,322.701,0.7395226887166887
61.7,128.158741,37.9524,5815.291392000001,-4.511,-39.717,322.132,0.7395226887166887
61.8,128.158662,37.952477,5799.7340952,-2.778,-38.687,321.715,0.7395226887166887
61.9,128.158581,37.952556,5784.287136,0.078,-37.617,321.445,0.7395226887166887
62.0,128.158499,37.952637,5768.9764224,2.535,-36.563,321.265,0.7395226887166887
62.1,128.158414,37.95272,5753.8562088,3.361,-35.54,321.153,0.7395226887166887
62.2,128.158328,37.952805,5738.9332008,3.026,-34.536,321.16,0.7395226887166887
62.3,128.15824,37.952892,5724.277502399999,0.915,-33.539,321.206,0.7395226887166887
62.4,128.158149,37.952981,5709.927518400001,-2.386,-32.56,321.121,0.7395226887166887
62.5,128.158057,37.953073,5695.870752000001,-6.343,-31.596,320.918,0.7395226887166887
62.6,128.157961,37.953166,5682.0803808,-10.263,-30.544,320.563,0.7395226887166887
62.7,128.157864,37.953261,5668.5963336,-14.311,-29.469,320.023,0.7395226887166887
62.8,128.157763,37.953357,5655.406723200001,-17.636,-28.418,319.391,0.7395226887166887
62.9,128.157659,37.953454,5642.460648,-19.337,-27.437,318.774,0.7395226887166887
63.0,128.157553,37.953552,5629.7928552,-20.709,-26.477,318.03,0.7395226887166887
63.1,128.157444,37.95365,5617.3637208,-20.848,-25.459,317.147,0.7395226887166887
63.2,128.157333,37.953749,5605.126610400001,-19.365,-24.41,316.272,0.7395226887166887
63.3,128.15722,37.953849,5593.09524,-16.886,-23.353,315.509,0.7395226887166887
63.4,128.157105,37.953949,5581.2394343999995,-13.458,-22.289,314.932,0.7395226887166887
63.5,128.156987,37.954049,5569.6311264,-11.103,-21.27,314.44,0.7395226887166887
63.6,128.156867,37.954151,5558.293176,-9.479,-20.265,314.103,0.7395226887166887
63.7,128.156746,37.954253,5547.2182680000005,-8.372,-19.272,313.835,0.7395226887166887
63.8,128.156622,37.954355,5536.397868,-7.811,-18.273,313.703,0.7395226887166887
63.9,128.156497,37.954459,5525.828928000001,-7.54,-17.277,313.633,0.7395226887166887
64.0,128.15637,37.954563,5515.526992800001,-7.797,-16.294,313.574,0.7395226887166887
64.1,128.156241,37.954667,5505.5755776000005,-9.323,-15.334,313.433,0.7395226887166887
64.2,128.156109,37.954773,5495.999676,-11.023,-14.369,313.209,0.7395226887166887
64.3,128.155977,37.954878,5486.713334399999,-11.244,-13.359,313.03,0.7395226887166887
64.4,128.155842,37.954984,5477.655288000001,-10.561,-12.334,312.852,0.7395226887166887
64.5,128.155707,37.95509,5468.777683200001,-8.723,-11.327,312.693,0.7395226887166887
64.6,128.15557,37.955197,5460.1302024,-6.807,-10.361,312.576,0.7395226887166887
64.7,128.155432,37.955304,5451.678708,-4.678,-9.432,312.526,0.7395226887166887
64.8,128.155293,37.955411,5443.501228800001,-4.287,-8.547,312.489,0.7395226887166887
64.9,128.155153,37.955519,5435.6971296,-5.509,-7.687,312.437,0.7395226887166887
65.0,128.155011,37.955627,5428.3106064,-7.994,-6.813,312.313,0.7395226887166887
65.1,128.154868,37.955735,5421.333429599999,-11.488,-5.889,312.162,0.7395226887166887
65.2,128.154723,37.955844,5414.739081600001,-14.844,-4.914,311.932,0.7395226887166887
65.3,128.154577,37.955952,5408.4339887999995,-16.064,-3.889,311.64,0.7395226887166887
65.4,128.15443,37.95606,5402.319700800001,-14.76,-2.848,311.316,0.7395226887166887
65.5,128.154282,37.956169,5396.343792000001,-11.538,-1.841,311.018,0.7395226887166887
65.6,128.154134,37.956277,5390.5294272,-7.182,-0.899,310.806,0.7395226887166887
65.7,128.153984,37.956385,5384.883312,-2.844,-0.026,310.718,0.7395226887166887
65.8,128.153834,37.956494,5379.5014584,-0.668,0.782,310.717,0.7395226887166887
65.9,128.153683,37.956602,5374.4862792,-0.664,1.563,310.786,0.7395226887166887
66.0,128.153532,37.956711,5369.8975152,-2.462,2.366,310.83,0.7395226887166887
66.1,128.153381,37.95682,5365.7296799999995,-5.653,3.225,310.798,0.7395226887166887
66.2,128.153228,37.956929,5361.968448,-9.861,4.147,310.724,0.7395226887166887
66.3,128.153076,37.957037,5358.5708424,-13.668,5.124,310.559,0.7395226887166887
66.4,128.152922,37.957145,5355.441460800001,-14.945,6.146,310.336,0.7395226887166887
66.5,128.152768,37.957253,5352.485205600001,-13.778,7.166,310.068,0.7395226887166887
66.6,128.152612,37.957361,5349.6740352,-11.413,8.131,309.792,0.7395226887166887
66.7,128.152457,37.957468,5347.0990848,-9.82,9.032,309.528,0.7395226887166887
66.8,128.152301,37.957575,5344.839602399999,-8.761,9.888,309.319,0.7395226887166887
66.9,128.152145,37.957681,5342.9696544,-8.922,10.732,309.128,0.7395226887166887
67.0,128.151988,37.957787,5341.501432800001,-10.199,11.604,308.934,0.7395226887166887
67.1,128.151831,37.957892,5340.42366,-12.355,12.52,308.69,0.7395226887166887
67.2,128.151674,37.957996,5339.7259728,-15.144,13.477,308.377,0.7395226887166887
67.3,128.151517,37.958098,5339.3955696,-18.291,14.461,307.96,0.7395226887166887
67.4,128.151359,37.9582,5339.406542400001,-20.84,15.463,307.452,0.7395226887166887
67.5,128.151201,37.958301,5339.673242400001,-20.999,16.486,306.911,0.7395226887166887
67.6,128.151042,37.958401,5340.1069728,-18.796,17.507,306.363,0.7395226887166887
67.7,128.150883,37.958501,5340.681216,-15.044,18.484,305.886,0.7395226887166887
67.8,128.150723,37.9586,5341.4288904000005,-10.584,19.401,305.549,0.7395226887166887
67.9,128.150564,37.958699,5342.350300800001,-5.802,20.263,305.379,0.7395226887166887
68.0,128.150404,37.958797,5343.4003368,-1.349,21.083,305.354,0.7395226887166887
68.1,128.150245,37.958895,5344.6555032,0.766,21.854,305.424,0.7395226887166887
68.2,128.150086,37.958993,5346.2084592,0.583,22.595,305.575,0.7395226887166887
68.3,128.149929,37.959089,5348.130223200001,-1.557,23.343,305.753,0.7395226887166887
68.4,128.149772,37.959185,5350.4253672,-5.191,24.133,305.904,0.7395226887166887
68.5,128.149617,37.95928,5353.0829184,-9.782,24.975,305.944,0.7395226887166887
68.6,128.149462,37.959374,5356.078188,-14.113,25.867,305.839,0.7395226887166887
68.7,128.149307,37.959467,5359.3566168,-16.853,26.8,305.595,0.7395226887166887
68.8,128.149152,37.959558,5362.9322256,-18.94,27.753,305.185,0.7395226887166887
68.9,128.148998,37.959648,5366.7388728000005,-18.668,28.734,304.713,0.7395226887166887
69.0,128.148844,37.959738,5370.699444,-16.336,29.715,304.236,0.7395226887166887
69.1,128.14869,37.959827,5374.7983944,-13.255,30.651,303.805,0.7395226887166887
69.2,128.148536,37.959915,5379.08754,-10.675,31.525,303.449,0.7395226887166887
69.3,128.148383,37.960002,5383.536096000001,-7.707,32.358,303.233,0.7395226887166887
69.4,128.14823,37.960089,5388.1797240000005,-4.873,33.152,303.146,0.7395226887166887
69.5,128.148077,37.960175,5392.9723992,-1.598,33.922,303.193,0.7395226887166887
69.6,128.147926,37.96026,5397.9110736,1.083,34.667,303.332,0.7395226887166887
69.7,128.147775,37.960345,5403.0542688000005,1.762,35.392,303.513,0.7395226887166887
69.8,128.147626,37.960429,5408.4757464,0.619,36.114,303.658,0.7395226887166887
69.9,128.147479,37.960512,5414.2041576,-2.049,36.863,303.753,0.7395226887166887
70.0,128.147334,37.960594,5420.237064,-5.908,37.656,303.844,0.7395226887166887
70.1,128.14719,37.960674,5426.5781232,-10.49,38.485,303.795,0.7395226887166887
70.2,128.147048,37.960754,5433.2011224,-14.812,39.299,303.559,0.7395226887166887
70.3,128.146906,37.960832,5440.0335192,-17.236,40.075,303.278,0.7395226887166887
70.4,128.146765,37.960909,5447.000637600001,-17.496,40.908,302.904,0.7395226887166887
70.5,128.146623,37.960986,5454.051576,-15.79,41.678,302.492,0.7395226887166887
70.6,128.146482,37.961062,5461.199136,-12.716,42.492,302.054,0.7395226887166887
70.7,128.146341,37.961138,5468.4725784,-9.396,43.301,301.698,0.7395226887166887
70.8,128.146202,37.961212,5475.9167088,-6.803,44.078,301.447,0.7395226887166887
70.9,128.146063,37.961286,5483.500437600001,-4.071,44.842,301.325,0.7395226887166887
71.0,128.145926,37.961359,5491.2633888,-2.219,45.586,301.253,0.7395226887166887
71.1,128.14579,37.961431,5499.2555496,-2.022,46.288,301.293,0.7395226887166887
71.2,128.145657,37.961501,5507.499475199999,-3.219,46.931,301.401,0.7395226887166887
71.3,128.145525,37.961571,5515.9497504,-5.341,47.693,301.465,0.7395226887166887
71.4,128.145396,37.961639,5524.618872,-8.438,48.54,301.378,0.7395226887166887
71.5,128.145268,37.961705,5533.498610400001,-12.263,49.442,301.149,0.7395226887166887
71.6,128.145143,37.96177,5542.586832,-16.536,50.358,300.652,0.7395226887166887
71.7,128.145019,37.961833,5551.869211200001,-20.431,51.282,299.962,0.7395226887166887
71.8,128.144897,37.961894,5561.2972848,-22.938,52.181,299.184,0.7395226887166887
71.9,128.144775,37.961954,5570.8872071999995,-24.896,52.972,298.3,0.7395226887166887
72.0,128.144655,37.962012,5580.596001600001,-24.993,53.834,297.336,0.7395226887166887
72.1,128.144536,37.962069,5590.3782528,-23.426,54.709,296.379,0.7395226887166887
72.2,128.144417,37.962125,5600.2269504000005,-20.669,55.528,295.524,0.7395226887166887
72.3,128.144299,37.96218,5610.1466664,-17.459,56.342,294.797,0.7395226887166887
72.4,128.144182,37.962234,5620.1785488,-14.847,57.13,294.215,0.7395226887166887
72.5,128.144067,37.962287,5630.3451528,-13.324,57.902,293.765,0.7395226887166887
72.6,128.143954,37.962338,5640.637334399999,-12.633,58.682,293.433,0.7395226887166887
72.7,128.143843,37.962388,5651.0685048000005,-13.173,59.471,293.165,0.7395226887166887
72.8,128.143733,37.962436,5661.628910400001,-14.825,60.276,292.892,0.7395226887166887
72.9,128.143626,37.962483,5672.3106264,-17.404,61.095,292.563,0.7395226887166887
73.0,128.143521,37.962529,5683.101156000001,-20.164,61.921,292.14,0.7395226887166887
73.1,128.143417,37.962573,5693.9770296,-21.67,62.75,291.602,0.7395226887166887
73.2,128.143314,37.962616,5704.919654400001,-22.458,63.554,290.866,0.7395226887166887
73.3,128.143213,37.962658,5715.9393936,-23.838,64.325,289.985,0.7395226887166887
73.4,128.143113,37.962698,5727.0435624,-25.259,65.074,289.039,0.7395226887166887
73.5,128.143015,37.962737,5738.220578400001,-25.962,65.817,288.068,0.7395226887166887
73.6,128.142919,37.962774,5749.4722704000005,-26.714,66.541,287.01,0.7395226887166887
73.7,128.142824,37.96281,5760.784008,-26.344,67.274,285.986,0.7395226887166887
73.8,128.142731,37.962845,5772.1371984,-25.021,68.012,285.002,0.7395226887166887
73.9,128.142638,37.962879,5783.5239168,-23.448,68.74,284.073,0.7395226887166887
74.0,128.142547,37.962912,5794.9551360000005,-22.82,69.436,283.126,0.7395226887166887
74.1,128.142459,37.962944,5806.435428000001,-23.194,70.102,282.123,0.7395226887166887
74.2,128.142372,37.962974,5817.965097600001,-24.483,70.769,281.172,0.7395226887166887
74.3,128.142287,37.963003,5829.5505456,-26.631,71.431,280.164,0.7395226887166887
74.4,128.142204,37.963031,5841.1762272000005,-29.126,72.087,278.994,0.7395226887166887
74.5,128.142123,37.963057,5852.8226352,-31.192,72.765,277.79,0.7395226887166887
74.6,128.142044,37.963082,5864.4970848,-33.855,73.383,276.424,0.7395226887166887
74.7,128.141966,37.963106,5876.182812,-36.525,73.888,274.979,0.7395226887166887
74.8,128.141891,37.963128,5887.8804264,-38.674,74.394,273.368,0.7395226887166887
74.9,128.141816,37.96315,5899.600596,-40.732,74.787,271.705,0.7395226887166887
75.0,128.141744,37.96317,5911.3360056,-42.27,75.187,269.93,0.7395226887166887
75.1,128.141673,37.963188,5923.0845216,-44.222,75.636,267.687,0.7395226887166887
75.2,128.141604,37.963206,5934.8360856,-45.559,76.125,265.103,0.7395226887166887
75.3,128.141535,37.963222,5946.579115200001,-46.157,76.63,262.503,0.7395226887166887
75.4,128.141468,37.963238,5958.303552000001,-45.919,77.094,260.179,0.7395226887166887
75.5,128.141402,37.963253,5970.0173208,-45.632,77.583,257.806,0.7395226887166887
75.6,128.141337,37.963268,5981.7262128,-46.314,78.047,255.352,0.7395226887166887
75.7,128.141274,37.963281,5993.4341904,-48.155,78.498,252.635,0.7395226887166887
75.8,128.141213,37.963293,6005.144606400001,-51.047,78.963,249.786,0.7395226887166887
75.9,128.141153,37.963304,6016.8592896,-54.969,79.426,246.719,0.7395226887166887
76.0,128.141096,37.963314,6028.576106400001,-59.872,79.869,243.342,0.7395226887166887
76.1,128.14104,37.963323,6040.2849983999995,-65.707,80.264,239.544,0.7395226887166887
76.2,128.140986,37.963331,6051.980784000001,-71.984,80.599,235.319,0.7395226887166887
76.3,128.140934,37.963338,6063.6585864,-78.064,80.858,230.683,0.7395226887166887
76.4,128.140883,37.963343,6075.308347200001,-84.573,80.993,225.681,0.7395226887166887
76.5,128.140834,37.963348,6086.922446400001,-90.857,81.004,220.483,0.7395226887166887
76.6,128.140786,37.963352,6098.5075896,-96.234,80.892,215.33,0.7395226887166887
76.7,128.14074,37.963355,6110.061338400001,-100.734,80.692,210.598,0.7395226887166887
76.8,128.140695,37.963356,6121.5797304,-103.41,80.476,206.804,0.7395226887166887
76.9,128.14065,37.963358,6133.0603272,-104.575,80.262,203.739,0.7395226887166887
77.0,128.140607,37.963358,6144.4948992,-104.813,80.05,201.017,0.7395226887166887
77.1,128.140565,37.963358,6155.8752168,-105.115,79.826,198.024,0.7395226887166887
77.2,128.140524,37.963357,6167.214996000001,-105.732,79.592,194.9,0.7395226887166887
77.3,128.140484,37.963355,6178.5044832,-106.562,79.367,191.678,0.7395226887166887
77.4,128.140446,37.963353,6189.7266096,-107.949,79.13,188.412,0.7395226887166887
77.5,128.140408,37.96335,6200.874669600001,-109.499,78.884,185.144,0.7395226887166887
77.6,128.140372,37.963347,6211.9492728000005,-111.86,78.642,181.905,0.7395226887166887
77.7,128.140338,37.963343,6222.949504800001,-114.984,78.402,178.72,0.7395226887166887
77.8,128.140305,37.963338,6233.869574400001,-118.788,78.154,175.586,0.7395226887166887
77.9,128.140274,37.963333,6244.7146632,-123.108,77.883,172.546,0.7395226887166887
78.0,128.140245,37.963327,6255.487819200001,-127.682,77.561,169.708,0.7395226887166887
78.1,128.140218,37.96332,6266.1762408,-132.386,77.18,167.078,0.7395226887166887
78.2,128.140192,37.963312,6276.795168000001,-137.11,76.754,164.674,0.7395226887166887
78.3,128.140167,37.963303,6287.357097600001,-141.726,76.299,162.526,0.7395226887166887
78.4,128.140144,37.963294,6297.854104800001,-146.009,75.816,160.673,0.7395226887166887
78.5,128.140122,37.963284,6308.262415200001,-149.661,75.268,159.0,0.7395226887166887
78.6,128.140102,37.963274,6318.608851200001,-152.292,74.67,157.535,0.7395226887166887
78.7,128.140082,37.963262,6328.908348,-154.02,74.035,156.305,0.7395226887166887
78.8,128.140063,37.963251,6339.1410936,-155.031,73.362,155.322,0.7395226887166887
78.9,128.140045,37.963238,6349.2711216,-155.224,72.666,154.54,0.7395226887166887
79.0,128.140028,37.963225,6359.3048328,-154.67,71.991,153.987,0.7395226887166887
79.1,128.140012,37.963212,6369.257772,-153.619,71.316,153.604,0.7395226887166887
79.2,128.139998,37.963197,6379.127805600001,-152.316,70.621,153.352,0.7395226887166887
79.3,128.139984,37.963183,6388.904265600001,-150.674,69.916,153.13,0.7395226887166887
79.4,128.139971,37.963168,6398.580751200001,-148.79,69.205,152.911,0.7395226887166887
79.5,128.139959,37.963152,6408.170064000001,-147.184,68.497,152.72,0.7395226887166887
79.6,128.139948,37.963136,6417.6624504,-145.904,67.797,152.531,0.7395226887166887
79.7,128.139939,37.963119,6427.0356600000005,-145.026,67.098,152.354,0.7395226887166887
79.8,128.13993,37.963102,6436.2997512,-144.551,66.406,152.199,0.7395226887166887
79.9,128.139923,37.963084,6445.459296000001,-144.479,65.703,152.042,0.7395226887166887
80.0,128.139917,37.963065,6454.5075888,-144.84,64.984,151.871,0.7395226887166887
80.1,128.139912,37.963047,6463.447982400001,-145.602,64.252,151.697,0.7395226887166887
80.2,128.139908,37.963027,6472.2752952,-146.609,63.51,151.497,0.7395226887166887
80.3,128.139906,37.963008,6481.019397600001,-147.655,62.783,151.246,0.7395226887166887
80.4,128.139904,37.962987,6489.697968,-149.039,62.077,151.004,0.7395226887166887
80.5,128.139904,37.962966,6498.2847936,-150.715,61.394,150.79,0.7395226887166887
80.6,128.139904,37.962944,6506.7432984,-152.684,60.705,150.563,0.7395226887166887
80.7,128.139906,37.962922,6515.0823216,-154.887,59.995,150.323,0.7395226887166887
80.8,128.139908,37.9629,6523.305216,-157.258,59.268,150.091,0.7395226887166887
80.9,128.139911,37.962877,6531.3973512,-159.723,58.516,149.88,0.7395226887166887
81.0,128.139915,37.962853,6539.359641600001,-162.098,57.747,149.7,0.7395226887166887
81.1,128.139919,37.962829,6547.2058032,-164.047,56.981,149.543,0.7395226887166887
81.2,128.139925,37.962805,6554.9547336000005,-165.558,56.212,149.415,0.7395226887166887
81.3,128.13993,37.96278,6562.613748,-166.647,55.454,149.321,0.7395226887166887
81.4,128.139936,37.962755,6570.183456000001,-167.344,54.7,149.255,0.7395226887166887
81.5,128.139943,37.962729,6577.6641624,-167.642,53.958,149.215,0.7395226887166887
81.6,128.13995,37.962703,6585.0689736,-167.495,53.22,149.188,0.7395226887166887
81.7,128.139958,37.962676,6592.3814304,-166.974,52.487,149.17,0.7395226887166887
81.8,128.139966,37.962649,6599.5948272000005,-166.222,51.77,149.168,0.7395226887166887
81.9,128.139975,37.962622,6606.7268424,-165.282,51.083,149.18,0.7395226887166887
82.0,128.139984,37.962594,6613.7585784,-164.144,50.408,149.198,0.7395226887166887
82.1,128.139994,37.962565,6620.694912,-162.815,49.744,149.226,0.7395226887166887
82.2,128.140004,37.962537,6627.5309664,-161.612,49.091,149.251,0.7395226887166887
82.3,128.140015,37.962507,6634.2624744,-160.503,48.447,149.269,0.7395226887166887
82.4,128.140027,37.962478,6640.894008,-159.277,47.806,149.263,0.7395226887166887
82.5,128.140039,37.962448,6647.4249576,-158.144,47.155,149.223,0.7395226887166887
82.6,128.140051,37.962417,6653.850751200001,-157.288,46.494,149.154,0.7395226887166887
82.7,128.140064,37.962387,6660.1671216,-156.716,45.822,149.054,0.7395226887166887
82.8,128.140078,37.962355,6666.3850416000005,-156.392,45.141,148.925,0.7395226887166887
82.9,128.140093,37.962323,6672.5133504000005,-156.241,44.456,148.765,0.7395226887166887
83.0,128.140108,37.962291,6678.5316264,-156.278,43.753,148.571,0.7395226887166887
83.1,128.140124,37.962258,6684.4313352,-156.548,43.025,148.354,0.7395226887166887
83.2,128.140141,37.962225,6690.2158296,-157.004,42.272,148.135,0.7395226887166887
83.3,128.140158,37.962192,6695.8881576,-157.637,41.496,147.911,0.7395226887166887
83.4,128.140175,37.962158,6701.454110400001,-158.434,40.712,147.686,0.7395226887166887
83.5,128.140194,37.962124,6706.9002768,-159.359,39.913,147.468,0.7395226887166887
83.6,128.140212,37.962089,6712.236105600001,-160.403,39.095,147.253,0.7395226887166887
83.7,128.140232,37.962055,6717.461292000001,-161.528,38.256,147.053,0.7395226887166887
83.8,128.140252,37.962019,6722.56974,-162.736,37.402,146.86,0.7395226887166887
83.9,128.140272,37.961984,6727.563278400001,-163.951,36.542,146.679,0.7395226887166887
84.0,128.140293,37.961948,6732.4540992,-165.079,35.68,146.51,0.7395226887166887
84.1,128.140314,37.961911,6737.2324488,-166.167,34.798,146.352,0.7395226887166887
84.2,128.140336,37.961874,6741.905337600001,-167.044,33.899,146.201,0.7395226887166887
84.3,128.140359,37.961837,6746.4791663999995,-167.737,32.989,146.061,0.7395226887166887
84.4,128.140381,37.9618,6750.950582400001,-168.337,32.075,145.939,0.7395226887166887
84.5,128.140405,37.961762,6755.3171472,-168.849,31.147,145.832,0.7395226887166887
84.6,128.140428,37.961723,6759.584956800001,-169.216,30.211,145.74,0.7395226887166887
84.7,128.140453,37.961685,6763.7652888,-169.325,29.283,145.662,0.7395226887166887
84.8,128.140477,37.961645,6767.851742400001,-169.254,28.349,145.591,0.7395226887166887
84.9,128.140503,37.961606,6771.841879200001,-168.992,27.419,145.525,0.7395226887166887
85.0,128.140528,37.961566,6775.739356800001,-168.549,26.488,145.461,0.7395226887166887
85.1,128.140554,37.961525,6779.5392984,-168.104,25.549,145.404,0.7395226887166887
85.2,128.140581,37.961484,6783.238046400001,-167.667,24.615,145.356,0.7395226887166887
85.3,128.140608,37.961443,6786.83682,-167.114,23.682,145.307,0.7395226887166887
85.4,128.140635,37.961401,6790.3270848,-166.428,22.729,145.248,0.7395226887166887
85.5,128.140663,37.961359,6793.716156,-165.551,21.762,145.174,0.7395226887166887
85.6,128.140691,37.961317,6797.0046432,-164.567,20.798,145.093,0.7395226887166887
85.7,128.140719,37.961275,6800.184012,-163.62,19.829,145.018,0.7395226887166887
85.8,128.140748,37.961232,6803.257615200001,-162.656,18.864,144.943,0.7395226887166887
85.9,128.140777,37.961189,6806.222404800001,-161.807,17.91,144.866,0.7395226887166887
86.0,128.140807,37.961145,6809.0677128,-161.078,16.956,144.788,0.7395226887166887
86.1,128.140837,37.961101,6811.7904912,-160.457,15.992,144.713,0.7395226887166887
86.2,128.140868,37.961057,6814.389216,-159.956,15.008,144.631,0.7395226887166887
86.3,128.140899,37.961013,6816.864496800001,-159.585,14.021,144.539,0.7395226887166887
86.4,128.140931,37.960968,6819.2123712,-159.341,13.023,144.434,0.7395226887166887
86.5,128.140963,37.960923,6821.434972800001,-159.194,12.012,144.321,0.7395226887166887
86.6,128.140995,37.960878,6823.537788000001,-159.097,10.995,144.205,0.7395226887166887
86.7,128.141028,37.960833,6825.5156352,-159.112,9.97,144.08,0.7395226887166887
86.8,128.141061,37.960788,6827.3654664,-159.237,8.932,143.947,0.7395226887166887
86.9,128.141095,37.960742,6829.0860624,-159.464,7.876,143.805,0.7395226887166887
87.0,128.141129,37.960696,6830.679556800001,-159.787,6.808,143.657,0.7395226887166887
87.1,128.141163,37.96065,6832.1471688,-160.195,5.734,143.512,0.7395226887166887
87.2,128.141198,37.960604,6833.4855456000005,-160.678,4.635,143.366,0.7395226887166887
87.3,128.141233,37.960557,6834.6940776,-161.23,3.501,143.217,0.7395226887166887
87.4,128.141268,37.96051,6835.7715456000005,-161.836,2.328,143.074,0.7395226887166887
87.5,128.141304,37.960464,6836.7179496,-162.496,1.124,142.936,0.7395226887166887
87.6,128.14134,37.960417,6837.5320704000005,-163.216,-0.099,142.801,0.7395226887166887
87.7,128.141377,37.96037,6838.2148224,-163.929,-1.337,142.671,0.7395226887166887
87.8,128.141413,37.960323,6838.7695584,-164.533,-2.603,142.544,0.7395226887166887
87.9,128.14145,37.960276,6839.192316,-165.171,-3.903,142.429,0.7395226887166887
88.0,128.141486,37.960229,6839.4824856000005,-165.83,-5.222,142.32,0.7395226887166887
88.1,128.141523,37.960182,6839.643724800001,-166.464,-6.556,142.218,0.7395226887166887
88.2,128.14156,37.960135,6839.6726808,-167.128,-7.904,142.125,0.7395226887166887
88.3,128.141598,37.960088,6839.571792000001,-167.727,-9.266,142.038,0.7395226887166887
88.4,128.141635,37.960041,6839.3450207999995,-168.162,-10.636,141.958,0.7395226887166887
88.5,128.141672,37.959994,6838.9887096,-168.539,-12.016,141.895,0.7395226887166887
88.6,128.14171,37.959947,6838.505601600001,-168.791,-13.4,141.834,0.7395226887166887
88.7,128.141747,37.9599,6837.8896008,-168.945,-14.78,141.779,0.7395226887166887
88.8,128.141785,37.959853,6837.134916,-168.942,-16.136,141.732,0.7395226887166887
88.9,128.141824,37.959805,6836.2397184,-168.886,-17.472,141.7,0.7395226887166887
89.0,128.141862,37.959757,6835.218333600001,-168.609,-18.802,141.662,0.7395226887166887
89.1,128.141901,37.95971,6834.0783816,-168.139,-20.128,141.614,0.7395226887166887
89.2,128.14194,37.959662,6832.8146808,-167.611,-21.456,141.561,0.7395226887166887
89.3,128.141978,37.959614,6831.4211352,-167.081,-22.793,141.509,0.7395226887166887
89.4,128.142017,37.959567,6829.902012,-166.382,-24.115,141.441,0.7395226887166887
89.5,128.142056,37.959519,6828.256701600001,-165.596,-25.41,141.361,0.7395226887166887
89.6,128.142095,37.959472,6826.4794128,-164.783,-26.679,141.273,0.7395226887166887
89.7,128.142134,37.959425,6824.565878400001,-163.99,-27.936,141.179,0.7395226887166887
89.8,128.142173,37.959377,6822.5234136,-163.11,-29.181,141.058,0.7395226887166887
89.9,128.142212,37.95933,6820.3383023999995,-162.33,-30.409,140.92,0.7395226887166887
90.0,128.142252,37.959283,6817.9998768000005,-161.561,-31.608,140.763,0.7395226887166887
90.1,128.142292,37.959235,6815.5114896000005,-160.744,-32.783,140.583,0.7395226887166887
90.2,128.142332,37.959188,6812.8795416,-159.777,-33.929,140.385,0.7395226887166887
90.3,128.142372,37.95914,6810.1177488,-158.818,-35.056,140.169,0.7395226887166887
90.4,128.142412,37.959093,6807.219405600001,-158.036,-36.165,139.937,0.7395226887166887
90.5,128.142452,37.959046,6804.175977600001,-157.454,-37.178,139.742,0.7395226887166887
90.6,128.142492,37.958999,6800.9783208,-157.028,-38.157,139.555,0.7395226887166887
90.7,128.142533,37.958953,6797.6337504,-156.705,-39.144,139.34,0.7395226887166887
90.8,128.142573,37.958906,6794.1480576,-156.556,-40.144,139.086,0.7395226887166887
90.9,128.142613,37.95886,6790.5209376,-156.58,-41.144,138.804,0.7395226887166887
91.0,128.142654,37.958815,6786.7539144,-156.797,-42.058,138.557,0.7395226887166887
91.1,128.142694,37.958769,6782.846988000001,-157.111,-42.959,138.311,0.7395226887166887
91.2,128.142735,37.958724,6778.8044256,-157.408,-43.892,138.029,0.7395226887166887
91.3,128.142775,37.958679,6774.6237888,-157.712,-44.855,137.715,0.7395226887166887
91.4,128.142815,37.958635,6770.307211200001,-157.846,-45.841,137.38,0.7395226887166887
91.5,128.142855,37.95859,6765.85134,-158.087,-46.844,137.04,0.7395226887166887
91.6,128.142895,37.958546,6761.259223200001,-158.343,-47.871,136.673,0.7395226887166887
91.7,128.142936,37.958503,6756.5342136,-158.545,-48.925,136.295,0.7395226887166887
91.8,128.142976,37.95846,6751.671129599999,-158.865,-49.986,135.926,0.7395226887166887
91.9,128.143015,37.958417,6746.6687520000005,-159.287,-50.945,135.604,0.7395226887166887
92.0,128.143055,37.958374,6741.5319576,-159.591,-51.879,135.276,0.7395226887166887
92.1,128.143095,37.958332,6736.2580032,-159.823,-52.828,134.937,0.7395226887166887
92.2,128.143135,37.95829,6730.829210400001,-160.231,-53.665,134.7,0.7395226887166887
92.3,128.143175,37.958248,6725.2471032,-160.759,-54.369,134.561,0.7395226887166887
92.4,128.143214,37.958207,6719.5330176,-161.143,-55.079,134.418,0.7395226887166887
92.5,128.143254,37.958165,6713.6915256,-161.295,-55.844,134.255,0.7395226887166887
92.6,128.143293,37.958125,6707.72598,-161.126,-56.651,134.058,0.7395226887166887
92.7,128.143332,37.958084,6701.629065600001,-160.917,-57.476,133.84,0.7395226887166887
92.8,128.143372,37.958044,6695.3956008000005,-160.885,-58.205,133.685,0.7395226887166887
92.9,128.143411,37.958004,6689.028633600001,-160.828,-58.94,133.511,0.7395226887166887
93.0,128.14345,37.957964,6682.5315168,-160.557,-59.725,133.275,0.7395226887166887
93.1,128.143488,37.957925,6675.9024216,-159.888,-60.529,132.981,0.7395226887166887
93.2,128.143527,37.957886,6669.1404336000005,-158.854,-61.301,132.672,0.7395226887166887
93.3,128.143566,37.957847,6662.2528680000005,-157.575,-62.126,132.256,0.7395226887166887
93.4,128.143605,37.957808,6655.2327144,-156.492,-63.004,131.775,0.7395226887166887
93.5,128.143643,37.95777,6648.0754008,-155.477,-63.881,131.271,0.7395226887166887
93.6,128.143681,37.957732,6640.786413600001,-154.299,-64.62,130.805,0.7395226887166887
93.7,128.143719,37.957694,6633.363924,-153.028,-65.322,130.323,0.7395226887166887
93.8,128.143757,37.957657,6625.8134184,-151.535,-65.892,129.932,0.7395226887166887
93.9,128.143795,37.95762,6618.1416024,-149.88,-66.308,129.674,0.7395226887166887
94.0,128.143833,37.957584,6610.346952000001,-148.272,-66.605,129.532,0.7387311595298267
94.1,128.143871,37.957548,6602.4258096,-146.932,-66.848,129.425,0.7349208953823215
94.2,128.143909,37.957512,6594.3790896,-145.356,-67.189,129.098,0.7329513142335671
94.3,128.143947,37.957476,6586.202220000001,-143.997,-67.654,128.547,0.7329513142335671
94.4,128.143984,37.957441,6577.8897144,-143.115,-68.089,128.039,0.7329513142335671
94.5,128.144021,37.957407,6569.4370008000005,-142.57,-68.558,127.436,0.7329513142335671
94.6,128.144059,37.957373,6560.8434696,-142.546,-68.961,126.96,0.7329513142335671
94.7,128.144096,37.95734,6552.108816,-142.787,-69.295,126.576,0.7329513142335671
94.8,128.144133,37.957308,6543.235478400001,-142.548,-69.717,125.847,0.7329513142335671
94.9,128.144169,37.957276,6534.224676,-142.23,-70.311,124.76,0.7329513142335671
95.0,128.144206,37.957245,6525.0751896,-141.954,-71.04,123.365,0.7329513142335671
95.1,128.144242,37.957215,6515.7864096,-141.489,-71.854,121.682,0.7329513142335671
95.2,128.144278,37.957186,6506.362908,-140.45,-72.716,119.675,0.7329513142335671
95.3,128.144314,37.957157,6496.8040752,-139.83,-73.473,117.851,0.7329513142335671
95.4,128.144349,37.957129,6487.108996800001,-139.016,-74.231,115.902,0.7329513142335671
95.5,128.144384,37.957102,6477.280416,-137.224,-75.029,113.518,0.7329513142335671
95.6,128.144419,37.957075,6467.324124000001,-134.344,-75.881,110.597,0.7329513142335671
95.7,128.144454,37.957049,6457.2407304,-130.529,-76.714,107.223,0.7329513142335671
95.8,128.144489,37.957023,6447.0329784000005,-125.541,-77.503,103.157,0.7329513142335671
95.9,128.144523,37.956997,6436.701172800001,-119.971,-78.179,98.698,0.7329513142335671
96.0,128.144557,37.956973,6426.2459232,-114.534,-78.776,94.039,0.7329513142335671
96.1,128.144591,37.956949,6415.6687536,-108.958,-79.293,89.041,0.7329513142335671
96.2,128.144624,37.956926,6404.970273600001,-103.081,-79.731,83.51,0.7329513142335671
96.3,128.144657,37.956905,6394.1541408,-96.896,-80.054,77.734,0.7329513142335671
96.4,128.144689,37.956885,6383.2230984,-90.662,-80.264,71.608,0.7329513142335671
96.5,128.144721,37.956865,6372.1789751999995,-84.413,-80.3,65.714,0.7329513142335671
96.6,128.144752,37.956847,6361.025124000001,-78.438,-80.196,60.092,0.7329513142335671
96.7,128.144783,37.95683,6349.763373600001,-73.18,-79.986,54.581,0.7329513142335671
96.8,128.144813,37.956814,6338.3964672,-69.006,-79.697,49.572,0.7329513142335671
96.9,128.144843,37.9568,6326.926538400001,-65.761,-79.37,45.009,0.7329513142335671
97.0,128.144872,37.956787,6315.3560256,-62.935,-79.001,40.47,0.7329513142335671
97.1,128.1449,37.956776,6303.6867575999995,-60.276,-78.572,36.067,0.7329513142335671
97.2,128.144928,37.956766,6291.919344,-57.132,-78.088,31.867,0.7329513142335671
97.3,128.144955,37.956757,6280.0556136000005,-54.049,-77.551,27.954,0.7329513142335671
97.4,128.144981,37.956749,6268.099833600001,-51.366,-76.989,24.308,0.7329513142335671
97.5,128.145007,37.956743,6256.0562712,-49.114,-76.42,20.876,0.7329513142335671
97.6,128.145031,37.956738,6243.9279744000005,-47.172,-75.855,17.588,0.7329513142335671
97.7,128.145055,37.956735,6231.7115904,-45.301,-75.288,14.443,0.7329513142335671
97.8,128.145077,37.956734,6219.4046808,-43.199,-74.713,11.442,0.7329513142335671
97.9,128.145099,37.956734,6207.020047200001,-41.085,-74.14,8.525,0.7329513142335671
98.0,128.145119,37.956735,6194.55708,-38.581,-73.555,5.733,0.7329513142335671
98.1,128.145139,37.956737,6182.0173032,-35.916,-72.966,3.049,0.7329513142335671
98.2,128.145157,37.956741,6169.408641600001,-33.518,-72.386,0.429,0.7329513142335671
98.3,128.145175,37.956746,6156.7365816,-31.482,-71.832,357.921,0.7329513142335671
98.4,128.145191,37.956753,6144.0050856,-29.843,-71.356,355.559,0.7329513142335671
98.5,128.145206,37.956762,6131.2168968000005,-28.453,-70.945,353.202,0.7329513142335671
98.6,128.145219,37.956772,6118.3735392,-27.388,-70.53,350.86,0.7329513142335671
98.7,128.145231,37.956784,6105.476536800001,-26.615,-70.058,348.48,0.7329513142335671
98.8,128.145242,37.956797,6092.528328,-26.17,-69.612,346.135,0.7329513142335671
98.9,128.145251,37.956811,6079.5307416000005,-25.91,-69.195,343.728,0.7329513142335671
99.0,128.145259,37.956827,6066.485301600001,-25.938,-68.779,341.33,0.7329513142335671
99.1,128.145265,37.956844,6053.393836800001,-26.233,-68.357,338.936,0.7329513142335671
99.2,128.14527,37.956863,6040.2578711999995,-26.706,-67.932,336.504,0.7329513142335671
99.3,128.145272,37.956882,6027.078624000001,-27.256,-67.512,333.986,0.7329513142335671
99.4,128.145273,37.956903,6013.8557904,-27.608,-67.09,331.423,0.7329513142335671
99.5,128.145272,37.956925,6000.586932,-27.241,-66.679,328.759,0.7329513142335671
99.6,128.145269,37.956947,5987.279364,-26.874,-66.247,325.928,0.7329513142335671
99.7,128.145264,37.956971,5973.9376584,-26.677,-65.735,322.998,0.7329513142335671
99.8,128.145257,37.956995,5960.563644,-26.726,-65.261,320.074,0.7329513142335671
99.9,128.145248,37.957021,5947.1591496,-27.215,-64.799,317.275,0.7329513142335671
100.0,128.145236,37.957046,5933.7256992,-28.106,-64.308,314.566,0.7329513142335671
100.1,128.145222,37.957073,5920.266036,-29.342,-63.745,311.914,0.7329513142335671
100.2,128.145206,37.9571,5906.781379200001,-30.946,-63.227,309.428,0.7329513142335671
100.3,128.145187,37.957127,5893.2570984,-32.686,-62.775,307.0,0.7329513142335671
100.4,128.145165,37.957154,5879.686488,-34.578,-62.368,304.666,0.7329513142335671
100.5,128.145141,37.957182,5866.092408,-36.66,-61.978,302.488,0.7329513142335671
100.6,128.145114,37.957209,5852.4742488,-38.785,-61.592,300.419,0.7329513142335671
100.7,128.145085,37.957236,5838.8335344,-40.672,-61.09,298.204,0.7329513142335671
100.8,128.145054,37.957262,5825.170569600001,-42.29,-60.514,295.893,0.7329513142335671
100.9,128.145019,37.957288,5811.4865736,-43.644,-59.938,293.581,0.7329513142335671
101.0,128.144983,37.957314,5797.782156,-44.772,-59.421,291.359,0.7329513142335671
101.1,128.144944,37.957338,5784.058231200001,-45.544,-58.908,289.104,0.7329513142335671
101.2,128.144902,37.957362,5770.316018400001,-46.031,-58.45,286.908,0.7329513142335671
101.3,128.144858,37.957384,5756.557346400001,-46.129,-57.95,284.62,0.7329513142335671
101.4,128.144812,37.957406,5742.7834344,-45.888,-57.425,282.284,0.7329513142335671
101.5,128.144764,37.957427,5728.9973304,-45.362,-56.89,279.943,0.7329513142335671
101.6,128.144713,37.957446,5715.2014728,-44.605,-56.352,277.626,0.7329513142335671
101.7,128.14466,37.957464,5701.400128800001,-43.676,-55.813,275.359,0.7329513142335671
101.8,128.144604,37.957481,5687.596956,-42.613,-55.276,273.146,0.7329513142335671
101.9,128.144547,37.957496,5673.7943928,-41.203,-54.736,271.008,0.7329513142335671
102.0,128.144488,37.95751,5659.9890864,-39.248,-54.161,269.011,0.7329513142335671
102.1,128.144426,37.957522,5646.195972,-37.482,-53.579,267.127,0.7329513142335671
102.2,128.144362,37.957533,5632.423279200001,-36.131,-52.96,265.421,0.7329513142335671
102.3,128.144296,37.957542,5618.6761896,-35.235,-52.301,263.887,0.7329513142335671
102.4,128.144228,37.95755,5604.95958,-34.734,-51.617,262.478,0.7329513142335671
102.5,128.144158,37.957556,5591.2780224,-34.54,-50.924,261.145,0.7329513142335671
102.6,128.144085,37.95756,5577.6348696000005,-34.594,-50.224,259.865,0.7329513142335671
102.7,128.144011,37.957563,5564.033474400001,-34.838,-49.521,258.623,0.7329513142335671
102.8,128.143935,37.957564,5550.4774944,-35.137,-48.835,257.363,0.7329513142335671
102.9,128.143857,37.957563,5536.969368,-35.385,-48.183,256.041,0.7329513142335671
103.0,128.143777,37.957561,5523.511228800001,-35.661,-47.538,254.709,0.7329513142335671
103.1,128.143695,37.957556,5510.105210400001,-36.004,-46.887,253.396,0.7329513142335671
103.2,128.143612,37.95755,5496.7543608000005,-36.303,-46.253,252.054,0.7329513142335671
103.3,128.143527,37.957541,5483.460204,-36.671,-45.605,250.749,0.7329513142335671
103.4,128.143441,37.957531,5470.2248736,-37.073,-44.946,249.474,0.7329513142335671
103.5,128.143353,37.957519,5457.050808,-37.455,-44.285,248.213,0.7329513142335671
103.6,128.143264,37.957504,5443.9407504,-37.729,-43.643,246.929,0.7329513142335671
103.7,128.143174,37.957488,5430.8971392,-37.847,-43.031,245.6,0.7329513142335671
103.8,128.143082,37.957469,5417.922108,-37.918,-42.422,244.277,0.7329513142335671
103.9,128.142989,37.957448,5405.0074272,-37.922,-41.831,242.943,0.7329513142335671
104.0,128.142895,37.957425,5392.1503536,-37.996,-41.226,241.661,0.7329513142335671
104.1,128.142801,37.9574,5379.3697848,-38.1,-40.607,240.398,0.7329513142335671
104.2,128.142705,37.957372,5366.6681592,-38.242,-39.977,239.16,0.7329513142335671
104.3,128.142609,37.957342,5354.047610400001,-38.397,-39.345,237.935,0.7329513142335671
104.4,128.142512,37.95731,5341.5114912,-38.52,-38.725,236.704,0.7329513142335671
104.5,128.142414,37.957276,5329.0619352,-38.575,-38.132,235.444,0.7329513142335671
104.6,128.142316,37.95724,5316.7004664,-38.7,-37.526,234.217,0.7329513142335671
104.7,128.142217,37.957201,5304.4292184000005,-38.889,-36.911,233.019,0.7329513142335671
104.8,128.142118,37.95716,5292.2512392,-39.082,-36.305,231.823,0.7329513142335671
104.9,128.142019,37.957116,5280.1686624,-39.217,-35.728,230.594,0.7329513142335671
105.0,128.14192,37.95707,5268.1787448000005,-39.433,-35.141,229.397,0.7329513142335671
105.1,128.14182,37.957022,5256.2811816,-39.729,-34.543,228.233,0.7329513142335671
105.2,128.141721,37.956972,5244.4698768,-39.506,-33.919,227.119,0.7329513142335671
105.3,128.141621,37.956919,5232.7302,-37.965,-33.265,226.072,0.7329513142335671
105.4,128.141521,37.956864,5221.0993368,-36.616,-32.633,225.014,0.7329513142335671
105.5,128.141422,37.956807,5209.5864312,-35.617,-32.015,223.957,0.7329513142335671
105.6,128.141323,37.956748,5198.1957504,-35.143,-31.366,222.968,0.7329513142335671
105.7,128.141224,37.956686,5186.930037600001,-35.152,-30.697,222.028,0.7329513142335671
105.8,128.141125,37.956622,5175.7926456000005,-35.564,-30.016,221.114,0.7329513142335671
105.9,128.141026,37.956556,5164.7844888,-36.248,-29.346,220.186,0.7329513142335671
106.0,128.140928,37.956488,5153.9064816,-37.089,-28.702,219.218,0.7329513142335671
106.1,128.140831,37.956418,5143.1503944,-38.074,-28.073,218.234,0.7329513142335671
106.2,128.140733,37.956345,5132.50434,-39.101,-27.479,217.215,0.7329513142335671
106.3,128.140637,37.95627,5121.9747192,-40.212,-26.877,216.198,0.7329513142335671
106.4,128.140541,37.956193,5111.5718952,-41.317,-26.269,215.162,0.7329513142335671
106.5,128.140446,37.956113,5101.2946488,-42.289,-25.689,214.076,0.7329513142335671
106.6,128.140353,37.956032,5091.142370400001,-43.049,-25.163,212.918,0.7329513142335671
106.7,128.14026,37.955949,5081.1129264,-43.681,-24.66,211.733,0.7329513142335671
106.8,128.140169,37.955863,5071.205097600001,-44.252,-24.158,210.553,0.7329513142335671
106.9,128.14008,37.955776,5061.418274400001,-44.748,-23.665,209.371,0.7329513142335671
107.0,128.139991,37.955686,5051.7527616,-45.173,-23.183,208.187,0.7329513142335671
107.1,128.139905,37.955595,5042.2018536,-45.492,-22.739,206.982,0.7329513142335671
107.2,128.139819,37.955502,5032.756711200001,-45.217,-22.268,205.825,0.7329513142335671
107.3,128.139736,37.955406,5023.413372,-43.602,-21.721,204.752,0.7329513142335671
107.4,128.139654,37.955309,5014.1974392,-42.297,-21.164,203.72,0.7329513142335671
107.5,128.139573,37.955211,5005.1189712,-41.392,-20.609,202.715,0.7329513142335671
107.6,128.139495,37.95511,4996.1831496,-40.851,-20.082,201.697,0.7329513142335671
107.7,128.139418,37.955008,4987.3908888000005,-40.758,-19.552,200.695,0.7329513142335671
107.8,128.139343,37.954904,4978.7427984000005,-41.123,-19.006,199.718,0.7329513142335671
107.9,128.13927,37.954799,4970.238268800001,-41.923,-18.433,198.777,0.7329513142335671
108.0,128.139199,37.954692,4961.875776000001,-43.019,-17.855,197.843,0.7329513142335671
108.1,128.13913,37.954583,4953.6537960000005,-44.247,-17.302,196.879,0.7329513142335671
108.2,128.139063,37.954473,4945.568671200001,-45.479,-16.795,195.861,0.7329513142335671
108.3,128.138998,37.954362,4937.6161344,-46.732,-16.299,194.828,0.7329513142335671
108.4,128.138936,37.954249,4929.7931376,-47.881,-15.845,193.75,0.7329513142335671
108.5,128.138875,37.954135,4922.089927200001,-48.278,-15.416,192.643,0.7329513142335671
108.6,128.138817,37.95402,4914.490348800001,-47.254,-14.965,191.56,0.7329513142335671
108.7,128.138762,37.953904,4907.0151288,-46.442,-14.506,190.507,0.7329513142335671
108.8,128.138708,37.953786,4899.6673152,-45.317,-14.029,189.493,0.7329513142335671
108.9,128.138657,37.953667,4892.4292296,-43.117,-13.525,188.538,0.7329513142335671
109.0,128.138608,37.953547,4885.3200744000005,-41.556,-13.014,187.64,0.7329513142335671
109.1,128.138562,37.953425,4878.351432,-40.697,-12.508,186.757,0.7329513142335671
109.2,128.138517,37.953302,4871.5287888,-40.553,-11.992,185.88,0.7329513142335671
109.3,128.138475,37.953178,4864.8597647999995,-41.104,-11.442,185.005,0.7329513142335671
109.4,128.138436,37.953052,4858.3403976,-42.316,-10.847,184.167,0.7329513142335671
109.5,128.138399,37.952926,4851.9737352,-43.933,-10.249,183.304,0.7329513142335671
109.6,128.138364,37.952799,4845.7558152,-45.693,-9.715,182.36,0.7329513142335671
109.7,128.138332,37.952671,4839.6777984,-47.544,-9.22,181.371,0.7329513142335671
109.8,128.138303,37.952543,4833.7320647999995,-49.41,-8.755,180.355,0.7329513142335671
109.9,128.138276,37.952414,4827.9149568,-51.12,-8.355,179.27,0.7329513142335671
110.0,128.138252,37.952284,4822.2139776,-52.403,-7.983,178.155,0.7329513142335671
110.1,128.138231,37.952154,4816.608705600001,-52.943,-7.624,177.064,0.7329513142335671
110.2,128.138213,37.952024,4811.109504,-52.997,-7.348,175.979,0.7329513142335671
110.3,128.138197,37.951893,4805.7044856,-52.298,-7.051,174.877,0.7329513142335671
110.4,128.138184,37.951762,4800.4116336,-51.772,-6.736,173.785,0.7329513142335671
110.5,128.138174,37.951631,4795.2361296,-51.457,-6.433,172.694,0.7329513142335671
110.6,128.138167,37.951499,4790.1767544,-51.442,-6.11,171.628,0.7329513142335671
110.7,128.138163,37.951367,4785.2344224,-51.733,-5.761,170.58,0.7329513142335671
110.8,128.138161,37.951235,4780.4082192000005,-52.283,-5.4,169.541,0.7329513142335671
110.9,128.138163,37.951103,4775.6920488000005,-52.767,-5.063,168.484,0.7329513142335671
111.0,128.138167,37.950972,4771.0691472,-52.906,-4.738,167.42,0.7329513142335671
111.1,128.138174,37.95084,4766.5456104,-52.678,-4.404,166.387,0.7329513142335671
111.2,128.138184,37.950707,4762.1104656,-51.357,-4.017,165.424,0.7329513142335671
111.3,128.138197,37.950575,4757.7890112000005,-50.419,-3.665,164.446,0.7329513142335671
111.4,128.138213,37.950443,4753.589172,-50.004,-3.312,163.46,0.7329513142335671
111.5,128.138231,37.950311,4749.5106432,-50.159,-2.931,162.49,0.7329513142335671
111.6,128.138253,37.95018,4745.5509864000005,-50.869,-2.502,161.553,0.7329513142335671
111.7,128.138277,37.950048,4741.708372800001,-51.979,-2.06,160.622,0.7329513142335671
111.8,128.138304,37.949918,4737.9733536,-52.971,-1.636,159.68,0.7329513142335671
111.9,128.138334,37.949787,4734.3255072,-53.069,-1.249,158.714,0.7329513142335671
112.0,128.138366,37.949657,4730.758128,-52.442,-0.867,157.743,0.7329513142335671
112.1,128.1384,37.949527,4727.2523184,-50.577,-0.445,156.82,0.7329513142335671
112.2,128.138436,37.949398,4723.8108216,-48.241,-0.056,155.98,0.7329513142335671
112.3,128.138474,37.949268,4720.466556,-46.707,0.252,155.3,0.7329513142335671
112.4,128.138516,37.949139,4717.2496968,-45.963,0.503,154.671,0.7329513142335671
112.5,128.138559,37.949011,4714.1657304,-46.027,0.781,154.037,0.7329513142335671
112.6,128.138605,37.948884,4711.2106944,-46.879,1.168,153.371,0.7329513142335671
112.7,128.138654,37.948756,4708.3806264,-48.329,1.565,152.709,0.7329513142335671
112.8,128.138705,37.94863,4705.672173600001,-50.157,1.973,151.964,0.7329513142335671
112.9,128.138759,37.948504,4703.075582400001,-52.175,2.323,151.158,0.7329513142335671
113.0,128.138815,37.948379,4700.5835375999995,-54.286,2.701,150.209,0.7329513142335671
113.1,128.138874,37.948255,4698.1875048,-56.337,3.042,149.14,0.7329513142335671
113.2,128.138935,37.948132,4695.8804736,-58.286,3.315,148.07,0.7329513142335671
113.3,128.138999,37.948009,4693.6542144000005,-60.032,3.438,147.082,0.7329513142335671
113.4,128.139066,37.947888,4691.499278400001,-61.606,3.58,145.968,0.7329513142335671
113.5,128.139135,37.947767,4689.4040832,-62.409,3.702,144.815,0.7329513142335671
113.6,128.139206,37.947648,4687.353084,-61.811,3.812,143.786,0.7329513142335671
113.7,128.13928,37.947529,4685.3606064000005,-61.214,3.861,142.804,0.7329513142335671
113.8,128.139356,37.947412,4683.4312224000005,-60.702,3.872,141.787,0.7329513142335671
113.9,128.139434,37.947297,4681.5600552000005,-59.83,3.937,140.705,0.7329513142335671
114.0,128.139515,37.947182,4679.736436800001,-57.963,4.039,139.725,0.7329513142335671
114.1,128.139597,37.947069,4677.9786552000005,-56.653,4.17,138.824,0.7329513142335671
114.2,128.139682,37.946957,4676.2937208,-55.955,4.322,137.967,0.7329513142335671
114.3,128.139768,37.946846,4674.6831576,-55.829,4.478,137.126,0.7329513142335671
114.4,128.139857,37.946737,4673.145136800001,-56.294,4.675,136.314,0.7329513142335671
114.5,128.139948,37.946629,4671.6760008,-57.245,4.898,135.509,0.7329513142335671
114.6,128.140041,37.946522,4670.272092,-58.56,5.129,134.693,0.7329513142335671
114.7,128.140136,37.946417,4668.9282288,-60.1,5.362,133.807,0.7329513142335671
114.8,128.140232,37.946313,4667.643192,-61.74,5.591,132.802,0.7329513142335671
114.9,128.140332,37.94621,4666.4127144,-63.348,5.697,131.816,0.7329513142335671
115.0,128.140433,37.946109,4665.2255184000005,-64.902,5.717,130.817,0.7329513142335671
115.1,128.140536,37.946009,4664.073984000001,-66.395,5.694,129.754,0.7329513142335671
115.2,128.14064,37.945911,4662.950796,-67.851,5.678,128.588,0.7329513142335671
115.3,128.140747,37.945815,4661.848944,-69.25,5.612,127.504,0.7329513142335671
115.4,128.140855,37.94572,4660.762332,-70.536,5.479,126.453,0.7329513142335671
115.5,128.140965,37.945627,4659.685168800001,-71.776,5.374,125.302,0.7329513142335671
115.6,128.141077,37.945536,4658.6113584,-72.933,5.236,124.199,0.7329513142335671
115.7,128.14119,37.945446,4657.5372432,-73.969,5.059,123.076,0.7329513142335671
115.8,128.141305,37.945359,4656.4594704,-74.852,4.829,121.86,0.7329513142335671
115.9,128.141422,37.945273,4655.3710296,-75.623,4.523,120.782,0.7329513142335671
116.0,128.14154,37.945189,4654.2658248,-76.309,4.092,120.129,0.7329513142335671
116.1,128.141659,37.945106,4653.1371504,-76.479,3.673,119.451,0.7329513142335671
116.2,128.14178,37.945026,4651.9770816,-75.534,3.333,118.676,0.7329513142335671
116.3,128.141901,37.944946,4650.7929336,-74.785,2.916,118.171,0.7329513142335671
116.4,128.142025,37.944869,4649.58684,-74.393,2.556,117.545,0.7329513142335671
116.5,128.142149,37.944793,4648.3606296,-74.353,2.257,116.695,0.7329513142335671
116.6,128.142275,37.944719,4647.1106448,-74.169,2.0,115.79,0.7329513142335671
116.7,128.142402,37.944646,4645.827132,-73.156,1.692,115.26,0.7329513142335671
116.8,128.14253,37.944575,4644.5192352,-72.598,1.296,115.006,0.7329513142335671
116.9,128.14266,37.944506,4643.1872592,-72.57,0.863,114.871,0.7329513142335671
117.0,128.14279,37.944437,4641.823584000001,-73.091,0.303,115.204,0.7329513142335671
117.1,128.142921,37.944371,4640.421504,-74.177,-0.329,115.906,0.7329513142335671
117.2,128.143053,37.944305,4638.9727896,-75.768,-1.019,116.839,0.7329513142335671
117.3,128.143185,37.94424,4637.470430400001,-77.874,-1.631,117.583,0.7329513142335671
117.4,128.143318,37.944177,4635.905892000001,-80.433,-2.263,118.421,0.7329513142335671
117.5,128.143452,37.944114,4634.2709448000005,-83.441,-2.888,119.32,0.7329513142335671
117.6,128.143586,37.944051,4632.5549208,-86.39,-3.469,120.397,0.7329513142335671
117.7,128.14372,37.943989,4630.753857600001,-88.51,-3.945,121.212,0.7329513142335671
117.8,128.143855,37.943927,4628.8659264,-91.099,-4.406,122.087,0.7329513142335671
117.9,128.14399,37.943866,4626.886555200001,-94.341,-4.833,123.186,0.7329513142335671
118.0,128.144126,37.943804,4624.8136104,-97.726,-5.163,124.426,0.7329513142335671
118.1,128.144262,37.943742,4622.6504448000005,-100.519,-5.367,125.706,0.7329513142335671
118.2,128.144397,37.94368,4620.399192000001,-104.026,-5.524,126.995,0.7329513142335671
118.3,128.144533,37.943618,4618.0671672,-108.253,-5.588,128.231,0.7329513142335671
118.4,128.144667,37.943555,4615.6607712,-113.132,-5.519,129.39,0.7329513142335671
118.5,128.144802,37.943491,4613.189148,-118.478,-5.349,130.476,0.7329513142335671
118.6,128.144935,37.943427,4610.6590032,-124.245,-5.055,131.458,0.7329513142335671
118.7,128.145069,37.943363,4608.0767376,-130.388,-4.634,132.303,0.7329513142335671
118.8,128.145202,37.943298,4605.447228,-136.749,-4.194,132.972,0.7329513142335671
118.9,128.145334,37.943232,4602.7719984000005,-143.298,-3.929,133.281,0.7329513142335671
119.0,128.145466,37.943166,4600.061716800001,-150.012,-3.578,133.476,0.7329513142335671
119.1,128.145597,37.943099,4597.3176024,-156.832,-3.4,133.423,0.7329513142335671
119.2,128.145728,37.943033,4594.5494088000005,-163.602,-3.365,133.172,0.7329513142335671
119.3,128.145858,37.942965,4591.7836536,-170.003,-3.332,132.789,0.7329513142335671
119.4,128.145988,37.942898,4589.016984,-176.15,-2.983,132.378,0.7329513142335671
119.5,128.146118,37.942831,4586.2207488,177.639,-2.785,131.886,0.7329513142335671
119.6,128.146247,37.942763,4583.382756,171.263,-2.807,131.299,0.7329513142335671
119.7,128.146376,37.942696,4580.493252,164.745,-2.983,130.657,0.7329513142335671
119.8,128.146504,37.942628,4577.538520800001,158.068,-3.357,129.982,0.7329513142335671
119.9,128.146632,37.942561,4574.49174,151.109,-4.333,129.484,0.7329513142335671
120.0,128.14676,37.942493,4571.3327928,143.838,-5.962,129.289,0.7329513142335671
120.1,128.146887,37.942425,4568.0473536,136.294,-7.973,129.339,0.7329513142335671
120.2,128.147013,37.942357,4564.613172,128.36,-10.288,129.753,0.7329513142335671
120.3,128.147138,37.942288,4561.0232376,120.565,-12.861,130.679,0.7329513142335671
120.4,128.147262,37.942219,4557.2866944,114.152,-15.498,131.918,0.7329513142335671
120.5,128.147386,37.942149,4553.4078096,109.213,-17.976,133.25,0.7329513142335671
120.6,128.14751,37.942077,4549.3841448,105.794,-20.246,134.743,0.7329513142335671
120.7,128.147633,37.942006,4545.2083848,104.025,-22.219,136.287,0.7329513142335671
120.8,128.147756,37.941933,4540.8838824,103.905,-23.863,137.885,0.7329513142335671
120.9,128.147877,37.94186,4536.404846400001,105.324,-25.132,139.399,0.7329513142335671
121.0,128.147998,37.941786,4531.766095200001,108.302,-26.035,140.766,0.7329513142335671
121.1,128.148117,37.941711,4526.9651904,112.21,-26.693,142.038,0.7329513142335671
121.2,128.148235,37.941635,4521.98232,115.53,-27.223,143.242,0.7329513142335671
121.3,128.148351,37.941559,4516.8001103999995,117.525,-27.703,144.348,0.7329513142335671
121.4,128.148464,37.941481,4511.3996640000005,118.016,-28.239,145.456,0.7329513142335671
121.5,128.148575,37.941402,4505.786772,117.036,-28.853,146.642,0.7329513142335671
121.6,128.148683,37.941323,4499.964482400001,114.769,-29.482,147.903,0.7329513142335671
121.7,128.148788,37.941242,4493.9440728,111.697,-30.062,149.203,0.7329513142335671
121.8,128.148891,37.941161,4487.7480984,108.586,-30.632,150.474,0.7329513142335671
121.9,128.148993,37.941079,4481.3908848,105.836,-31.178,151.801,0.7329513142335671
122.0,128.149092,37.940996,4474.887672,104.163,-31.691,153.124,0.7329513142335671
122.1,128.14919,37.940913,4468.2351072,103.535,-32.152,154.332,0.7329513142335671
122.2,128.149286,37.940829,4461.429228,103.721,-32.58,155.442,0.7329513142335671
122.3,128.14938,37.940744,4454.473082400001,104.082,-33.001,156.618,0.7329513142335671
122.4,128.149473,37.940658,4447.3441152000005,103.245,-33.366,157.795,0.7329513142335671
122.5,128.149563,37.940571,4440.0465936,101.259,-33.676,158.884,0.7329513142335671
122.6,128.149649,37.940484,4432.5954528,98.238,-33.935,159.947,0.7329513142335671
122.7,128.149733,37.940396,4425.00258,94.832,-34.167,161.157,0.7329513142335671
122.8,128.149814,37.940306,4417.2844344000005,92.53,-34.402,162.468,0.7329513142335671
122.9,128.149893,37.940217,4409.444064,91.36,-34.615,163.838,0.7329513142335671
123.0,128.14997,37.940126,4401.4823832,91.11,-34.792,165.19,0.7329513142335671
123.1,128.150045,37.940035,4393.3990872,91.042,-34.935,166.474,0.7329513142335671
123.2,128.150117,37.939943,4385.1886896000005,89.855,-35.026,167.763,0.7329513142335671
123.3,128.150186,37.93985,4376.8691736,87.589,-35.054,169.065,0.7329513142335671
123.4,128.150251,37.939756,4368.4505976,84.892,-35.021,170.347,0.7329513142335671
123.5,128.150314,37.939662,4359.9436296,83.026,-35.022,171.6,0.7329513142335671
123.6,128.150374,37.939567,4351.350708,81.597,-35.002,172.904,0.7329513142335671
123.7,128.150432,37.939471,4342.6785384,79.822,-34.931,174.221,0.7329513142335671
123.8,128.150487,37.939375,4333.921634400001,78.513,-34.85,175.5,0.7329513142335671
123.9,128.150539,37.939278,4325.0821296,76.694,-34.732,176.666,0.7329513142335671
124.0,128.150588,37.939181,4316.1792264,74.835,-34.598,177.75,0.7329513142335671
124.1,128.150635,37.939082,4307.2178016,72.741,-34.436,178.779,0.7329513142335671
124.2,128.150679,37.938983,4298.1963312,71.729,-34.254,179.929,0.7329513142335671
124.3,128.150721,37.938884,4289.1175584,71.766,-34.054,181.148,0.7329513142335671
124.4,128.15076,37.938784,4279.972034400001,72.377,-33.867,182.319,0.7329513142335671
124.5,128.150798,37.938683,4270.754577600001,72.374,-33.705,183.327,0.7329513142335671
124.6,128.150832,37.938582,4261.486524,71.058,-33.535,184.303,0.7329513142335671
124.7,128.150862,37.93848,4252.1971344,68.493,-33.331,185.322,0.7329513142335671
124.8,128.150889,37.938377,4242.887628,64.919,-33.057,186.369,0.7329513142335671
124.9,128.150913,37.938274,4233.566844000001,60.625,-32.726,187.345,0.7329513142335671
125.0,128.150933,37.93817,4224.262214400001,56.43,-32.243,188.396,0.7329513142335671
125.1,128.150951,37.938065,4214.969776800001,53.821,-31.639,189.467,0.7329513142335671
125.2,128.150966,37.93796,4205.6782536,52.398,-31.015,190.495,0.7329513142335671
125.3,128.150979,37.937855,4196.3818536,52.465,-30.442,191.426,0.7329513142335671
125.4,128.15099,37.937749,4187.089416,53.466,-29.878,192.342,0.7329513142335671
125.5,128.150999,37.937643,4177.8088656,54.605,-29.36,193.167,0.7329513142335671
125.6,128.151005,37.937536,4168.554223200001,55.037,-28.786,194.009,0.7329513142335671
125.7,128.151009,37.937429,4159.320307200001,55.285,-28.23,194.897,0.7329513142335671
125.8,128.151009,37.937321,4150.125405600001,54.09,-27.723,195.788,0.7329513142335671
125.9,128.151007,37.937214,4140.9902448,52.192,-27.288,196.637,0.7329513142335671
126.0,128.151002,37.937106,4131.903852,51.212,-26.901,197.483,0.7329513142335671
126.1,128.150995,37.936997,4122.8439768,51.186,-26.545,198.307,0.7329513142335671
126.2,128.150985,37.936889,4113.7981224000005,51.399,-26.194,199.1,0.7329513142335671
126.3,128.150973,37.93678,4104.7818336,50.285,-25.75,199.932,0.7329513142335671
126.4,128.150959,37.93667,4095.8152272,48.533,-25.304,200.743,0.7329513142335671
126.5,128.150942,37.936561,4086.9019608,47.177,-24.926,201.463,0.7329513142335671
126.6,128.150922,37.936451,4078.0554456000004,45.113,-24.547,202.092,0.7329513142335671
126.7,128.150899,37.936341,4069.2860448,42.809,-24.125,202.695,0.7329513142335671
126.8,128.150874,37.936231,4060.6172280000005,39.733,-23.571,203.315,0.7329513142335671
126.9,128.150846,37.93612,4052.0633208000004,36.541,-22.915,203.934,0.7329513142335671
127.0,128.150815,37.936009,4043.6237136,34.067,-22.248,204.483,0.7329513142335671
127.1,128.150782,37.935898,4035.3191328000003,31.692,-21.514,204.966,0.7329513142335671
127.2,128.150746,37.935786,4027.13952,30.013,-20.789,205.377,0.7329513142335671
127.3,128.150708,37.935674,4019.1052968,28.376,-20.047,205.718,0.7329513142335671
127.4,128.150668,37.935562,4011.2051856,27.271,-19.293,206.033,0.7329513142335671
127.5,128.150626,37.935449,4003.4641800000004,25.715,-18.508,206.294,0.7329513142335671
127.6,128.150582,37.935336,3995.8749648,24.102,-17.741,206.518,0.7329513142335671
127.7,128.150535,37.935222,3988.4146800000003,22.987,-16.995,206.729,0.7329513142335671
127.8,128.150487,37.935108,3981.1275216,21.377,-16.122,206.949,0.7329513142335671
127.9,128.150437,37.934994,3974.0162328000006,19.725,-15.242,207.14,0.7329513142335671
128.0,128.150385,37.934879,3967.0625256000003,18.612,-14.304,207.341,0.7329513142335671
128.1,128.150332,37.934764,3960.2977944,17.054,-13.194,207.54,0.7329513142335671
128.2,128.150277,37.934648,3953.7339264,15.074,-12.036,207.705,0.7329513142335671
128.3,128.15022,37.934532,3947.3706168000003,13.408,-10.96,207.826,0.7329513142335671
128.4,128.150163,37.934416,3941.1874440000006,13.066,-9.946,207.942,0.7329513142335671
128.5,128.150104,37.9343,3935.2078776000003,12.51,-8.904,208.014,0.7329513142335671
128.6,128.150043,37.934183,3929.4392328000004,11.806,-7.979,208.045,0.7329513142335671
128.7,128.149982,37.934066,3923.8613928,11.491,-6.937,208.119,0.7329513142335671
128.8,128.14992,37.933949,3918.4978272000003,10.802,-5.834,208.193,0.7329513142335671
128.9,128.149857,37.933832,3913.3656048000003,9.598,-4.711,208.215,0.7329513142335671
129.0,128.149792,37.933715,3908.4689928000003,7.951,-3.585,208.173,0.7329513142335671
129.1,128.149727,37.933597,3903.8104296,5.855,-2.474,208.127,0.7329513142335671
129.2,128.149661,37.93348,3899.3926584,3.467,-1.379,208.05,0.7329513142335671
129.3,128.149595,37.933362,3895.2159840000004,0.952,-0.297,207.912,0.7329513142335671
129.4,128.149528,37.933244,3891.2804064,-1.581,0.723,207.715,0.7329513142335671
129.5,128.149461,37.933126,3887.5831824,-4.014,1.638,207.446,0.7329513142335671
129.6,128.149394,37.933007,3884.1246168000002,-6.249,2.609,207.073,0.7329513142335671
129.7,128.149326,37.932888,3880.9025760000004,-8.255,3.623,206.592,0.7329513142335671
129.8,128.149259,37.932769,3877.9149264,-10.085,4.65,206.056,0.7329513142335671
129.9,128.149193,37.93265,3875.1601440000004,-11.677,5.661,205.421,0.7329513142335671
130.0,128.149127,37.932531,3872.6364000000003,-13.095,6.648,204.719,0.7329513142335671
130.1,128.149061,37.932412,3870.3409512,-14.434,7.612,204.002,0.7329513142335671
130.2,128.148997,37.932292,3868.2710544,-15.758,8.56,203.309,0.7329513142335671
130.3,128.148933,37.932173,3866.4242712000005,-17.041,9.482,202.611,0.7329513142335671
130.4,128.14887,37.932053,3864.7969440000006,-18.314,10.388,201.931,0.7329513142335671
130.5,128.148808,37.931933,3863.3863296000004,-19.525,11.266,201.231,0.7329513142335671
130.6,128.148747,37.931814,3862.1890752000004,-20.63,12.101,200.466,0.7329513142335671
130.7,128.148687,37.931694,3861.2048760000002,-21.683,12.898,199.663,0.7329513142335671
130.8,128.148629,37.931574,3860.4312936,-22.758,13.671,198.858,0.7329513142335671
130.9,128.148572,37.931454,3859.8567456,-23.91,14.396,198.109,0.7329513142335671
131.0,128.148516,37.931335,3859.4733072000004,-25.101,14.969,197.45,0.7329513142335671
131.1,128.148461,37.931215,3859.2764064000003,-26.287,15.525,196.769,0.7329513142335671
131.2,128.148408,37.931096,3859.2614712000004,-27.46,16.167,195.979,0.7329513142335671
131.3,128.148357,37.930976,3859.4221008000004,-28.656,16.812,195.172,0.7329513142335671
131.4,128.148307,37.930857,3859.7512848000006,-29.806,17.336,194.361,0.7329513142335671
131.5,128.148259,37.930738,3860.2441464000003,-30.986,17.885,193.507,0.7329513142335671
131.6,128.148212,37.930619,3860.8982472000002,-32.206,18.368,192.698,0.7329513142335671
131.7,128.148167,37.9305,3861.7187688000004,-33.451,18.883,191.821,0.7329513142335671
131.8,128.148124,37.930381,3862.6980912000004,-34.721,19.314,190.985,0.7329513142335671
131.9,128.148083,37.930262,3863.8240224,-36.008,19.666,190.171,0.7329513142335671
132.0,128.148043,37.930143,3865.0810176,-37.368,20.042,189.346,0.7329513142335671
132.1,128.148005,37.930025,3866.4632856,-38.733,20.387,188.489,0.7329513142335671
132.2,128.147969,37.929907,3867.9641208000003,-40.093,20.701,187.577,0.7329513142335671
132.3,128.147935,37.929789,3869.5844376,-41.498,21.076,186.547,0.7329513142335671
132.4,128.147903,37.929671,3871.319664,-42.907,21.346,185.566,0.7329513142335671
132.5,128.147873,37.929553,3873.1533408,-44.357,21.558,184.627,0.7329513142335671
132.6,128.147845,37.929436,3875.0781528,-45.868,21.745,183.722,0.7329513142335671
132.7,128.147818,37.929319,3877.0931856,-47.382,21.884,182.805,0.7329513142335671
132.8,128.147794,37.929202,3879.2005728000004,-48.929,22.022,181.826,0.7329513142335671
132.9,128.147772,37.929086,3881.3911704,-50.557,22.235,180.701,0.7329513142335671
133.0,128.147752,37.92897,3883.6601016,-52.215,22.413,179.577,0.7329513142335671
133.1,128.147734,37.928853,3886.0088904,-53.954,22.656,178.322,0.7329513142335671
133.2,128.147719,37.928737,3888.4152864000002,-55.764,22.951,176.975,0.7329513142335671
133.3,128.147705,37.928622,3890.8750224,-57.542,23.224,175.559,0.7329513142335671
133.4,128.147694,37.928507,3893.3838312000003,-59.241,23.448,174.106,0.7329513142335671
133.5,128.147686,37.928393,3895.9423224,-60.825,23.595,172.686,0.7329513142335671
133.6,128.147679,37.928279,3898.5480576000004,-62.27,23.645,171.36,0.7329513142335671
133.7,128.147676,37.928165,3901.1864064,-63.633,23.673,169.993,0.7329513142335671
133.8,128.147674,37.928052,3903.8518824000002,-64.915,23.673,168.606,0.7329513142335671
133.9,128.147675,37.92794,3906.5396088,-66.117,23.645,167.216,0.7329513142335671
134.0,128.147678,37.927829,3909.2447088000004,-67.257,23.599,165.844,0.7329513142335671
134.1,128.147684,37.927718,3911.9623056000005,-68.358,23.553,164.503,0.7329513142335671
134.2,128.147692,37.927608,3914.688132,-69.399,23.492,163.189,0.7329513142335671
134.3,128.147703,37.927499,3917.4240168000006,-70.325,23.372,161.931,0.7329513142335671
134.4,128.147716,37.92739,3920.1675216,-71.145,23.194,160.79,0.7329513142335671
134.5,128.147732,37.927282,3922.9064544000003,-71.919,22.999,159.656,0.7329513142335671
134.6,128.14775,37.927175,3925.6362432,-72.668,22.792,158.543,0.7329513142335671
134.7,128.147769,37.927069,3928.3489632,-73.232,22.491,157.784,0.7329513142335671
134.8,128.147792,37.926963,3931.0418712000005,-73.679,22.187,156.998,0.7329513142335671
134.9,128.147816,37.926858,3933.7146624000006,-74.232,21.925,156.007,0.7329513142335671
135.0,128.147842,37.926755,3936.363984,-74.895,21.694,154.885,0.7329513142335671
135.1,128.147871,37.926652,3938.9877024,-75.653,21.482,153.686,0.7329513142335671
135.2,128.147901,37.92655,3941.5827696,-76.452,21.255,152.463,0.7329513142335671
135.3,128.147934,37.926449,3944.1464424,-77.245,20.99,151.312,0.7329513142335671
135.4,128.147969,37.926349,3946.675368,-78.017,20.684,150.25,0.7329513142335671
135.5,128.148006,37.926249,3949.1658888,-78.83,20.374,149.117,0.7329513142335671
135.6,128.148045,37.926151,3951.6152616000004,-79.652,20.046,147.993,0.7329513142335671
135.7,128.148086,37.926054,3954.0183048000004,-80.378,19.654,147.194,0.7329513142335671
135.8,128.148128,37.925958,3956.3719704,-81.093,19.24,146.472,0.7329513142335671
135.9,128.148173,37.925862,3958.672296,-81.791,18.799,145.889,0.7329513142335671
136.0,128.148219,37.925768,3960.9171480000005,-82.559,18.364,145.179,0.7329513142335671
136.1,128.148267,37.925674,3963.1019544,-83.313,17.896,144.612,0.7329513142335671
136.2,128.148317,37.925582,3965.2236672,-84.15,17.436,143.969,0.7329513142335671
136.3,128.148368,37.92549,3967.2792384,-85.087,16.99,143.21,0.7329513142335671
136.4,128.148421,37.9254,3969.2659248,-86.082,16.534,142.381,0.7329513142335671
136.5,128.148476,37.92531,3971.1800688000003,-87.145,16.078,141.464,0.7329513142335671
136.6,128.148532,37.925221,3973.019232,-88.142,15.581,140.783,0.7329513142335671
136.7,128.148589,37.925133,3974.7806712000006,-89.14,15.046,140.06,0.7329513142335671
136.8,128.148649,37.925047,3976.4643864000004,-90.183,14.482,139.18,0.7329513142335671
136.9,128.148709,37.92496,3978.0688536,-91.267,13.898,138.207,0.7329513142335671
137.0,128.148772,37.924875,3979.5855384,-92.399,13.292,137.096,0.7329513142335671
137.1,128.148836,37.924791,3981.0120024000003,-93.526,12.65,135.919,0.7329513142335671
137.2,128.148901,37.924708,3982.3451976,-94.616,11.97,134.717,0.7329513142335671
137.3,128.148968,37.924626,3983.5820760000006,-95.594,11.279,133.805,0.7329513142335671
137.4,128.149036,37.924544,3984.7195896000003,-96.503,10.569,133.0,0.7329513142335671
137.5,128.149105,37.924464,3985.7556048,-97.33,9.857,132.43,0.7329513142335671
137.6,128.149176,37.924385,3986.687988,-98.133,9.12,131.887,0.7329513142335671
137.7,128.149248,37.924307,3987.5143008000005,-98.914,8.381,131.503,0.7329513142335671
137.8,128.149321,37.92423,3988.2324096,-99.739,7.599,131.007,0.7329513142335671
137.9,128.149395,37.924153,3988.8395712000006,-100.64,6.749,130.26,0.7329513142335671
138.0,128.14947,37.924078,3989.3333472,-101.602,5.852,129.394,0.7329513142335671
138.1,128.149547,37.924004,3989.7109944,-102.609,4.935,128.538,0.7329513142335671
138.2,128.149625,37.92393,3989.9706840000003,-103.641,4.057,127.944,0.7329513142335671
138.3,128.149703,37.923858,3990.1090632,-104.732,3.154,127.33,0.7329513142335671
138.4,128.149783,37.923787,3990.1230840000003,-105.896,2.179,126.506,0.7329513142335671
138.5,128.149864,37.923716,3990.0090888000004,-107.121,1.153,125.559,0.7329513142335671
138.6,128.149946,37.923647,3989.7640296000004,-108.398,0.117,124.614,0.7329513142335671
138.7,128.150028,37.923579,3989.3842488000005,-109.701,-0.942,123.657,0.7329513142335671
138.8,128.150112,37.923511,3988.8663936000003,-111.019,-2.033,122.664,0.7329513142335671
138.9,128.150197,37.923445,3988.2080256000004,-112.352,-3.051,121.895,0.7329513142335671
139.0,128.150282,37.92338,3987.4060968,-113.678,-4.085,121.147,0.7329513142335671
139.1,128.150369,37.923316,3986.4566448,-114.981,-5.182,120.314,0.7329513142335671
139.2,128.150456,37.923252,3985.357536,-116.262,-6.298,119.502,0.7329513142335671
139.3,128.150544,37.92319,3984.1057224,-117.521,-7.41,118.76,0.7329513142335671
139.4,128.150632,37.923129,3982.7015088000003,-118.796,-8.387,118.327,0.7329513142335671
139.5,128.150722,37.923069,3981.1442856,-120.112,-9.243,118.155,0.7329513142335671
139.6,128.150811,37.92301,3979.4313096000005,-121.435,-10.17,117.913,0.7329513142335671
139.7,128.150902,37.922952,3977.5601424,-122.765,-11.241,117.47,0.7329513142335671
139.8,128.150993,37.922895,3975.5283456,-124.106,-12.412,116.925,0.7329513142335671
139.9,128.151084,37.922839,3973.3249464000005,-125.451,-13.704,116.248,0.7329513142335671
140.0,128.151177,37.922783,3970.9423248000003,-126.816,-15.061,115.521,0.7329513142335671
140.1,128.15127,37.922729,3968.3929776000004,-128.276,-16.282,115.022,0.7329513142335671
140.2,128.151364,37.922675,3965.6766000000002,-129.865,-17.305,114.824,0.7329513142335671
140.3,128.151457,37.922623,3962.7904488000004,-131.514,-18.362,114.62,0.7329513142335671
140.4,128.151551,37.922571,3959.7317808,-133.192,-19.554,114.288,0.7329513142335671
140.5,128.151645,37.92252,3956.4975480000003,-134.898,-20.886,113.828,0.7329513142335671
140.6,128.151739,37.922471,3953.0843976,-136.635,-22.34,113.264,0.7329513142335671
140.7,128.151834,37.922422,3949.488672,-138.401,-23.893,112.623,0.7329513142335671
140.8,128.151928,37.922374,3945.7076280000006,-140.224,-25.443,112.007,0.7329513142335671
140.9,128.152022,37.922327,3941.7379128,-142.096,-26.983,111.429,0.7329513142335671
141.0,128.152117,37.922281,3937.5767832,-143.995,-28.536,110.876,0.7329513142335671
141.1,128.152211,37.922236,3933.2205816,-145.904,-30.139,110.307,0.7329513142335671
141.2,128.152305,37.922192,3928.6671744,-147.835,-31.728,109.779,0.7329513142335671
141.3,128.152398,37.922148,3923.9138184000003,-149.739,-33.359,109.29,0.7329513142335671
141.4,128.152492,37.922106,3918.9556368000003,-151.663,-34.935,108.89,0.7329513142335671
141.5,128.152584,37.922064,3913.7883624000006,-153.599,-36.485,108.552,0.7329513142335671
141.6,128.152677,37.922023,3908.4165672,-155.51,-38.078,108.261,0.7329513142335671
141.7,128.152769,37.921983,3902.8396416000005,-157.439,-39.633,108.038,0.7329513142335671
141.8,128.15286,37.921944,3897.0572808,-159.364,-41.184,107.904,0.7329513142335671
141.9,128.15295,37.921906,3891.0691800000004,-161.305,-42.709,107.867,0.7329513142335671
142.0,128.15304,37.921869,3884.872596,-163.258,-44.27,107.9,0.7329513142335671
142.1,128.153129,37.921832,3878.4657,-165.229,-45.897,107.989,0.7329513142335671
142.2,128.153217,37.921796,3871.8524544,-167.252,-47.533,108.142,0.7329513142335671
142.3,128.153304,37.92176,3865.0331640000004,-169.363,-49.075,108.376,0.7329513142335671
142.4,128.153389,37.921726,3858.0124008000003,-171.322,-50.571,108.697,0.7329513142335671
142.5,128.153474,37.921691,3850.8026616,-172.6,-52.081,109.035,0.7329513142335671
142.6,128.153559,37.921658,3843.4170528000004,-173.248,-53.518,109.402,0.7329513142335671
142.7,128.153642,37.921624,3835.8619752000004,-173.467,-54.929,109.757,0.7329513142335671
142.8,128.153724,37.921591,3828.1267608,-173.706,-56.333,110.183,0.7329513142335671
142.9,128.153806,37.921559,3820.2141528,-173.482,-57.726,110.599,0.7329513142335671
143.0,128.153886,37.921527,3812.113788,-173.239,-59.028,111.029,0.7329513142335671
143.1,128.153965,37.921496,3803.7872616000004,-173.425,-60.29,111.48,0.7329513142335671
143.2,128.154043,37.921465,3795.2159808,-174.132,-61.494,111.948,0.7329513142335671
143.3,128.154119,37.921435,3786.4301208,-175.366,-62.634,112.441,0.7329513142335671
143.4,128.154194,37.921406,3777.4229760000003,-177.102,-63.748,112.922,0.7329513142335671
143.5,128.154267,37.921377,3768.2003376,-179.293,-64.921,113.37,0.7329513142335671
143.6,128.154338,37.921349,3758.7515376,178.043,-66.18,113.958,0.7329513142335671
143.7,128.154408,37.921322,3749.1180288,174.918,-67.491,114.71,0.7329513142335671
143.8,128.154476,37.921295,3739.3043832,171.817,-68.804,115.569,0.7329513142335671
143.9,128.154542,37.921269,3729.3234024000003,169.749,-70.156,116.61,0.7329513142335671
144.0,128.154607,37.921243,3719.1851448,168.442,-71.497,117.82,0.7329513142335671
144.1,128.15467,37.921217,3708.8865624000005,167.112,-72.74,119.18,0.7329513142335671
144.2,128.154731,37.921192,3698.4206448,165.05,-73.86,120.889,0.7329513142335671
144.3,128.15479,37.921167,3687.7855632,162.213,-74.938,122.911,0.7329513142335671
144.4,128.154847,37.921143,3676.9855848,158.645,-75.966,125.19,0.7329513142335671
144.5,128.154901,37.921119,3666.0261960000003,154.548,-76.909,127.908,0.7329513142335671
144.6,128.154953,37.921096,3654.9153216,150.14,-77.849,131.234,0.7329513142335671
144.7,128.155003,37.921073,3643.6526568000004,144.495,-78.77,135.422,0.7329513142335671
144.8,128.155051,37.921051,3632.2424688000006,137.687,-79.625,140.354,0.7329513142335671
144.9,128.155096,37.921029,3620.6905488000007,130.011,-80.406,146.274,0.7329513142335671
145.0,128.155139,37.921006,3609.0051264,122.851,-81.051,152.938,0.7329513142335671
145.1,128.15518,37.920985,3597.1922976,115.691,-81.582,160.371,0.7329513142335671
145.2,128.155218,37.920963,3585.2517576000005,107.265,-81.953,168.892,0.7329513142335671
145.3,128.155254,37.920942,3573.1859448,97.605,-82.092,178.134,0.7329513142335671
145.4,128.155287,37.92092,3561.0000408,87.602,-81.937,187.277,0.7329513142335671
145.5,128.155318,37.920899,3548.7001416000003,78.232,-81.543,195.323,0.7329513142335671
145.6,128.155345,37.920879,3536.2917336,69.452,-80.969,202.328,0.7329513142335671
145.7,128.15537,37.920858,3523.7812176,61.6,-80.18,208.413,0.7329513142335671
145.8,128.155392,37.920838,3511.172556,55.39,-79.235,213.315,0.7329513142335671
145.9,128.155411,37.920817,3498.4727592000004,50.502,-78.193,217.029,0.7329513142335671
146.0,128.155428,37.920796,3485.6870088,46.982,-77.103,220.1,0.7329513142335671
146.1,128.155442,37.920776,3472.82262,43.89,-75.961,222.225,0.7329513142335671
146.2,128.155452,37.920755,3459.8862984,41.124,-74.759,223.759,0.7329513142335671
146.3,128.15546,37.920734,3446.8813968,38.749,-73.495,225.098,0.7329513142335671
146.4,128.155465,37.920713,3433.8161448,36.055,-72.205,226.247,0.7329513142335671
146.5,128.155468,37.920691,3420.6999912,33.342,-70.875,227.069,0.7329513142335671
146.6,128.155467,37.920669,3407.5326312,31.265,-69.544,227.711,0.7329513142335671
146.7,128.155464,37.920647,3394.3125408,29.577,-68.241,228.261,0.7329513142335671
146.8,128.155459,37.920625,3381.0470352000007,27.747,-66.993,228.777,0.7329513142335671
146.9,128.155451,37.920601,3367.7501352000004,25.449,-65.786,229.179,0.7329513142335671
147.0,128.15544,37.920578,3354.4236696,23.043,-64.641,229.606,0.7329513142335671
147.1,128.155427,37.920553,3341.0862312,19.978,-63.523,229.89,0.7329513142335671
147.2,128.15541,37.920528,3327.7582416000005,16.226,-62.436,230.131,0.7329513142335671
147.3,128.155391,37.920502,3314.4482352000005,11.983,-61.361,230.334,0.7329513142335671
147.4,128.155368,37.920475,3301.1635272000003,7.568,-60.278,230.439,0.7329513142335671
147.5,128.155343,37.920446,3287.8763808,3.732,-59.184,230.422,0.7329513142335671
147.6,128.155315,37.920416,3274.5596688000005,1.618,-58.131,230.332,0.7329513142335671
147.7,128.155285,37.920385,3261.2179632,0.955,-57.149,230.149,0.7329513142335671
147.8,128.155252,37.920353,3247.8485208,1.06,-56.101,229.887,0.7329513142335671
147.9,128.155218,37.920319,3234.5187024,1.237,-54.997,229.581,0.7329513142335671
148.0,128.155181,37.920284,3221.2257648,1.732,-53.872,229.307,0.7329513142335671
148.1,128.155142,37.920248,3207.9968352000005,1.828,-52.747,228.987,0.7329513142335671
148.2,128.1551,37.92021,3194.8502016,1.493,-51.624,228.615,0.7329513142335671
148.3,128.155055,37.920171,3181.7925695999998,0.561,-50.498,228.3,0.7329513142335671
148.4,128.155009,37.92013,3168.8294256000004,-0.824,-49.366,227.99,0.7329513142335671
148.5,128.154959,37.920087,3155.9668656,-2.487,-48.228,227.627,0.7329513142335671
148.6,128.154908,37.920043,3143.2109856,-4.254,-47.086,227.153,0.7329513142335671
148.7,128.154855,37.919997,3130.5660528000003,-6.208,-45.993,226.668,0.7329513142335671
148.8,128.154799,37.91995,3118.0366392,-8.233,-44.996,226.153,0.7329513142335671
148.9,128.154742,37.919901,3105.6273168000002,-10.217,-43.919,225.566,0.7329513142335671
149.0,128.154683,37.91985,3093.3411336,-12.092,-42.852,224.916,0.7329513142335671
149.1,128.154623,37.919797,3081.1808328,-13.823,-41.871,224.219,0.7329513142335671
149.2,128.154561,37.919742,3069.150072,-15.368,-40.861,223.447,0.7329513142335671
149.3,128.154498,37.919685,3057.2503752000002,-16.747,-39.912,222.637,0.7329513142335671
149.4,128.154434,37.919627,3045.4860096,-17.947,-38.864,221.743,0.7329513142335671
149.5,128.154369,37.919566,3033.8612424,-18.989,-37.77,220.786,0.7329513142335671
149.6,128.154303,37.919504,3022.3803408000003,-19.896,-36.667,219.787,0.7329513142335671
149.7,128.154237,37.919439,3011.0472672,-20.665,-35.579,218.745,0.7329513142335671
149.8,128.154169,37.919373,2999.8672032000004,-21.286,-34.522,217.648,0.7329513142335671
149.9,128.154102,37.919304,2988.8431968,-21.968,-33.468,216.601,0.7329513142335671
150.0,128.154034,37.919234,2977.9725048,-22.329,-32.469,215.638,0.7329513142335671
150.1,128.153966,37.919162,2967.2368392000003,-21.902,-31.569,214.782,0.7329513142335671
150.2,128.153897,37.919088,2956.6645464000003,-21.633,-30.611,213.904,0.7329513142335671
150.3,128.153829,37.919011,2946.2553215999997,-21.623,-29.626,213.037,0.7329513142335671
150.4,128.15376,37.918933,2936.0091648,-21.839,-28.645,212.16,0.7329513142335671
150.5,128.153691,37.918852,2925.9468024000003,-22.203,-27.677,211.218,0.7329513142335671
150.6,128.153622,37.91877,2916.0712824,-22.8,-26.717,210.257,0.7329513142335671
150.7,128.153553,37.918686,2906.3841288,-23.689,-25.757,209.317,0.7329513142335671
150.8,128.153485,37.918599,2896.8871704000003,-24.846,-24.798,208.406,0.7329513142335671
150.9,128.153417,37.918511,2887.5819312,-26.126,-23.861,207.468,0.7329513142335671
151.0,128.15335,37.918422,2878.4671920000005,-27.581,-22.923,206.562,0.7329513142335671
151.1,128.153284,37.91833,2869.544172,-29.078,-21.997,205.651,0.7329513142335671
151.2,128.153218,37.918237,2860.8137856,-30.523,-21.094,204.715,0.7329513142335671
151.3,128.153154,37.918141,2852.26506,-31.856,-20.22,203.749,0.7329513142335671
151.4,128.15309,37.918044,2843.8964712,-33.049,-19.377,202.753,0.7329513142335671
151.5,128.153028,37.917945,2835.7192968,-34.091,-18.551,201.721,0.7329513142335671
151.6,128.152967,37.917845,2827.7353656,-34.995,-17.742,200.659,0.7329513142335671
151.7,128.152908,37.917742,2819.9465064,-35.778,-16.951,199.575,0.7329513142335671
151.8,128.15285,37.917639,2812.3545480000002,-36.464,-16.174,198.475,0.7329513142335671
151.9,128.152795,37.917533,2804.9597952,-37.079,-15.41,197.364,0.7329513142335671
152.0,128.152741,37.917427,2797.7573712000003,-37.646,-14.655,196.245,0.7329513142335671
152.1,128.152689,37.917318,2790.7436184000003,-38.182,-13.909,195.122,0.7329513142335671
152.2,128.152639,37.917209,2783.9096976,-38.702,-13.18,194.001,0.7329513142335671
152.3,128.152591,37.917098,2777.2498176,-39.224,-12.466,192.884,0.7329513142335671
152.4,128.152545,37.916986,2770.767636,-39.746,-11.759,191.76,0.7329513142335671
152.5,128.152501,37.916872,2764.4607144,-40.269,-11.066,190.631,0.7329513142335671
152.6,128.152459,37.916758,2758.3211280000005,-40.818,-10.391,189.514,0.7329513142335671
152.7,128.15242,37.916641,2752.345524,-41.385,-9.745,188.403,0.7329513142335671
152.8,128.152382,37.916524,2746.5439608,-41.947,-9.114,187.259,0.7329513142335671
152.9,128.152348,37.916406,2740.914,-42.532,-8.5,186.099,0.7329513142335671
153.0,128.152315,37.916288,2735.4538128,-43.139,-7.911,184.919,0.7329513142335671
153.1,128.152285,37.916168,2730.1603511999997,-43.841,-7.319,183.755,0.7329513142335671
153.2,128.152258,37.916048,2725.0320912,-44.562,-6.757,182.575,0.7329513142335671
153.3,128.152233,37.915927,2720.0638512,-45.291,-6.237,181.373,0.7329513142335671
153.4,128.152211,37.915805,2715.2507544,-46.094,-5.735,180.177,0.7329513142335671
153.5,128.152192,37.915683,2710.5931056000004,-46.99,-5.225,178.985,0.7329513142335671
153.6,128.152175,37.91556,2706.0872472,-47.888,-4.753,177.764,0.7329513142335671
153.7,128.152161,37.915438,2701.7283024000003,-48.828,-4.298,176.534,0.7329513142335671
153.8,128.152151,37.915314,2697.5107848000002,-49.866,-3.825,175.33,0.7329513142335671
153.9,128.152143,37.915191,2693.4304272,-50.939,-3.351,174.138,0.7329513142335671
154.0,128.152137,37.915068,2689.4838768,-51.956,-2.909,172.929,0.7329513142335671
154.1,128.152135,37.914944,2685.6604656,-52.467,-2.563,171.723,0.7329513142335671
154.2,128.152136,37.914821,2681.9382480000004,-52.129,-2.293,170.601,0.7329513142335671
154.3,128.152139,37.914697,2678.335512,-51.954,-1.988,169.427,0.7329513142335671
154.4,128.152145,37.914573,2674.8568296000003,-52.087,-1.614,168.246,0.7329513142335671
154.5,128.152154,37.91445,2671.5012864,-52.497,-1.201,167.069,0.7329513142335671
154.6,128.152167,37.914326,2668.2673584,-53.105,-0.791,165.882,0.7329513142335671
154.7,128.152182,37.914203,2665.1532168000003,-53.824,-0.425,164.666,0.7329513142335671
154.8,128.1522,37.914081,2662.1536800000003,-54.661,-0.086,163.432,0.7329513142335671
154.9,128.152221,37.913959,2659.2647856,-55.599,0.226,162.184,0.7329513142335671
155.0,128.152245,37.913837,2656.4813520000002,-56.616,0.504,160.935,0.7329513142335671
155.1,128.152272,37.913715,2653.7985024,-57.73,0.769,159.7,0.7329513142335671
155.2,128.152302,37.913594,2651.209836,-58.919,1.043,158.454,0.7329513142335671
155.3,128.152335,37.913473,2648.7110856,-60.077,1.276,157.178,0.7329513142335671
155.4,128.152372,37.913354,2646.2946312,-61.242,1.507,155.901,0.7329513142335671
155.5,128.152411,37.913235,2643.9555960000002,-62.339,1.705,154.611,0.7329513142335671
155.6,128.152453,37.913117,2641.6894079999997,-63.306,1.837,153.293,0.7329513142335671
155.7,128.152498,37.913,2639.4896664000003,-64.196,1.932,151.969,0.7329513142335671
155.8,128.152546,37.912884,2637.352104,-65.053,2.014,150.655,0.7329513142335671
155.9,128.152597,37.912769,2635.27032,-65.852,2.059,149.354,0.7329513142335671
156.0,128.152651,37.912655,2633.2394375999997,-66.623,2.075,148.093,0.7329513142335671
156.1,128.152707,37.912542,2631.2564088,-67.326,2.063,146.781,0.7329513142335671
156.2,128.152767,37.91243,2629.3157472,-67.993,2.028,145.438,0.7329513142335671
156.3,128.152829,37.91232,2627.4131856,-68.657,1.98,144.085,0.7329513142335671
156.4,128.152894,37.912211,2625.5444568000003,-69.325,1.907,142.755,0.7329513142335671
156.5,128.152961,37.912104,2623.7055984000003,-69.991,1.791,141.466,0.7329513142335671
156.6,128.153031,37.911998,2621.8920384000003,-70.688,1.675,140.144,0.7329513142335671
156.7,128.153104,37.911893,2620.0992048000003,-71.453,1.573,138.814,0.7329513142335671
156.8,128.15318,37.91179,2618.3222208,-72.292,1.493,137.481,0.7329513142335671
156.9,128.153258,37.911688,2616.5577336,-73.141,1.401,136.145,0.7329513142335671
157.0,128.153338,37.911589,2614.8017808,-73.966,1.282,134.806,0.7329513142335671
157.1,128.153421,37.91149,2613.0491807999997,-74.772,1.145,133.467,0.7329513142335671
157.2,128.153506,37.911394,2611.2965808,-75.524,0.971,132.127,0.7329513142335671
157.3,128.153593,37.911299,2609.5397136,-76.23,0.766,130.786,0.7329513142335671
157.4,128.153683,37.911206,2607.7743120000005,-76.901,0.536,129.448,0.7329513142335671
157.5,128.153775,37.911115,2605.9967184,-77.534,0.276,128.113,0.7329513142335671
157.6,128.153869,37.911026,2604.2023608,-78.155,0.001,126.779,0.7329513142335671
157.7,128.153966,37.910939,2602.3878864000003,-78.795,-0.266,125.453,0.7329513142335671
157.8,128.154064,37.910853,2600.5496376,-79.42,-0.55,124.13,0.7329513142335671
157.9,128.154164,37.91077,2598.6827375999997,-79.741,-0.839,122.811,0.7329513142335671
158.0,128.154266,37.910688,2596.7798712000003,-79.421,-1.104,121.504,0.7329513142335671
158.1,128.15437,37.910608,2594.8474392000003,-79.22,-1.354,120.213,0.7329513142335671
158.2,128.154476,37.910531,2592.8875752000004,-79.132,-1.622,118.931,0.7329513142335671
158.3,128.154583,37.910455,2590.8987552000003,-79.196,-1.886,117.657,0.7329513142335671
158.4,128.154693,37.910381,2588.8788456,-79.424,-2.139,116.402,0.7329513142335671
158.5,128.154805,37.910309,2586.8251032000003,-79.717,-2.402,115.161,0.7329513142335671
158.6,128.154918,37.91024,2584.7369184000004,-79.977,-2.663,113.904,0.7329513142335671
158.7,128.155033,37.910172,2582.6136816000003,-80.363,-2.932,112.642,0.7329513142335671
158.8,128.155149,37.910107,2580.4535640000004,-80.864,-3.214,111.38,0.7329513142335671
158.9,128.155267,37.910043,2578.2535176,-81.465,-3.505,110.112,0.7329513142335671
159.0,128.155387,37.909982,2576.0098848000002,-82.161,-3.8,108.867,0.7329513142335671
159.1,128.155508,37.909923,2573.7202272,-82.946,-4.087,107.661,0.7329513142335671
159.2,128.15563,37.909866,2571.3818016,-83.713,-4.409,106.414,0.7329513142335671
159.3,128.155754,37.909812,2568.990036,-84.288,-4.739,105.136,0.7329513142335671
159.4,128.155878,37.909759,2566.5397488000003,-84.438,-5.054,103.845,0.7329513142335671
159.5,128.156004,37.909709,2564.0342928,-84.563,-5.411,102.551,0.7329513142335671
159.6,128.15613,37.909661,2561.4727536,-84.702,-5.799,101.257,0.7329513142335671
159.7,128.156257,37.909615,2558.8539120000005,-84.874,-6.204,99.964,0.7329513142335671
159.8,128.156385,37.909572,2556.1759392000004,-85.109,-6.608,98.673,0.7329513142335671
159.9,128.156514,37.909531,2553.4367016,-85.422,-6.996,97.384,0.7329513142335671
160.0,128.156643,37.909493,2550.6358944,-85.756,-7.403,96.096,0.7329513142335671
160.1,128.156773,37.909456,2547.771384,-86.105,-7.828,94.806,0.7329513142335671
160.2,128.156904,37.909423,2544.8416464,-86.472,-8.267,93.516,0.7329513142335671
160.3,128.157035,37.909391,2541.8442432,-86.86,-8.721,92.269,0.7329513142335671
160.4,128.157166,37.909362,2538.7773456,-87.28,-9.191,91.111,0.7329513142335671
160.5,128.157298,37.909335,2535.6385152,-87.709,-9.667,89.893,0.7329513142335671
160.6,128.157429,37.90931,2532.4259232000004,-88.158,-10.152,88.676,0.7329513142335671
160.7,128.157562,37.909288,2529.1371312,-88.631,-10.651,87.524,0.7329513142335671
160.8,128.157694,37.909268,2525.7703103999997,-89.112,-11.162,86.342,0.7329513142335671
160.9,128.157826,37.909251,2522.3227176,-89.613,-11.688,85.202,0.7329513142335671
161.0,128.157958,37.909235,2518.7928288,-90.106,-12.231,83.969,0.7329513142335671
161.1,128.15809,37.909222,2515.1779008000003,-90.602,-12.792,82.719,0.7329513142335671
161.2,128.158222,37.909211,2511.4754952,-91.143,-13.359,81.575,0.7329513142335671
161.3,128.158354,37.909202,2507.6828688,-91.72,-13.935,80.497,0.7329513142335671
161.4,128.158485,37.909196,2503.797888,-92.323,-14.518,79.403,0.7329513142335671
161.5,128.158616,37.909192,2499.8181144000005,-92.938,-15.105,78.198,0.7329513142335671
161.6,128.158747,37.909189,2495.7417192000003,-93.556,-15.716,77.003,0.7329513142335671
161.7,128.158877,37.909189,2491.5659592,-94.196,-16.345,75.874,0.7329513142335671
161.8,128.159006,37.909191,2487.2883960000004,-94.858,-16.99,74.78,0.7329513142335671
161.9,128.159135,37.909195,2482.9068960000004,-95.54,-17.654,73.702,0.7329513142335671
162.0,128.159264,37.909202,2478.418716,-96.238,-18.34,72.599,0.7329513142335671
162.1,128.159391,37.90921,2473.8217224,-96.948,-19.049,71.442,0.7329513142335671
162.2,128.159518,37.90922,2469.111648,-97.676,-19.78,70.261,0.7329513142335671
162.3,128.159645,37.909232,2464.2854448000003,-98.381,-20.549,68.937,0.7329513142335671
162.4,128.15977,37.909246,2459.3415888,-99.086,-21.341,67.568,0.7329513142335671
162.5,128.159894,37.909262,2454.2776416,-99.835,-22.137,66.306,0.7329513142335671
162.6,128.160017,37.90928,2449.0908600000002,-100.616,-22.942,65.118,0.7329513142335671
162.7,128.160139,37.9093,2443.7785008,-101.399,-23.769,63.923,0.7329513142335671
162.8,128.16026,37.909322,2438.3381256,-102.155,-24.633,62.638,0.7329513142335671
162.9,128.16038,37.909345,2432.7663816,-102.936,-25.509,61.394,0.7329513142335671
163.0,128.160498,37.909371,2427.0614400000004,-103.725,-26.405,60.149,0.7329513142335671
163.1,128.160615,37.909398,2421.2202528000003,-104.554,-27.307,58.964,0.7329513142335671
163.2,128.16073,37.909427,2415.2223984,-105.426,-28.216,57.829,0.7329513142335671
163.3,128.160845,37.909457,2409.056904,-106.328,-29.147,56.679,0.7329513142335671
163.4,128.160958,37.90949,2402.7472392000004,-107.212,-30.128,55.397,0.7329513142335671
163.5,128.16107,37.909524,2396.2906608,-108.14,-31.123,54.112,0.7329513142335671
163.6,128.16118,37.909559,2389.6835112,-109.062,-32.154,52.745,0.7329513142335671
163.7,128.161288,37.909596,2382.9233520000002,-110.062,-33.172,51.466,0.7329513142335671
163.8,128.161394,37.909634,2376.0080496,-111.123,-34.185,50.249,0.7329513142335671
163.9,128.161498,37.909674,2368.934556,-112.232,-35.204,49.068,0.7329513142335671
164.0,128.1616,37.909715,2361.7007376,-113.347,-36.255,47.849,0.7329513142335671
164.1,128.161701,37.909757,2354.3035464,-114.38,-37.385,46.451,0.7329513142335671
164.2,128.161799,37.909801,2346.7393248,-115.396,-38.545,44.99,0.7329513142335671
164.3,128.161895,37.909845,2339.006244,-116.5,-39.667,43.646,0.7329513142335671
164.4,128.161989,37.909891,2331.1024752000003,-117.605,-40.806,42.335,0.7329513142335671
164.5,128.16208,37.909937,2323.0246656,-118.608,-42.022,40.88,0.7329513142335671
164.6,128.162169,37.909984,2314.7706816,-119.535,-43.286,39.32,0.7329513142335671
164.7,128.162256,37.910032,2306.3386944000003,-120.421,-44.571,37.774,0.7329513142335671
164.8,128.16234,37.910081,2297.7271800000003,-121.394,-45.8,36.401,0.7329513142335671
164.9,128.162422,37.91013,2288.9263848,-122.438,-46.989,35.138,0.7329513142335671
165.0,128.162502,37.91018,2279.9326512000002,-123.518,-48.175,33.955,0.7329513142335671
165.1,128.162579,37.910231,2270.7578664000002,-124.628,-49.374,32.801,0.7329513142335671
165.2,128.162653,37.910282,2261.3867904,-125.796,-50.569,31.645,0.7329513142335671
165.3,128.162725,37.910333,2251.8111936,-126.976,-51.793,30.406,0.7329513142335671
165.4,128.162795,37.910385,2242.0533264,-128.077,-53.097,29.001,0.7329513142335671
165.5,128.162862,37.910436,2232.0857568,-129.643,-54.176,28.141,0.7329513142335671
165.6,128.162927,37.910488,2221.8923304,-131.293,-55.272,27.256,0.7329513142335671
165.7,128.162989,37.91054,2211.519072,-132.686,-56.587,25.952,0.7329513142335671
165.8,128.163049,37.910591,2200.965372,-134.09,-57.966,24.629,0.7329513142335671
165.9,128.163106,37.910642,2190.2306208,-135.543,-59.371,23.296,0.7329513142335671
166.0,128.16316,37.910693,2179.3151232,-137.053,-60.771,21.905,0.7329513142335671
166.1,128.163213,37.910743,2168.2188792,-138.528,-62.208,20.369,0.7329513142335671
166.2,128.163262,37.910792,2156.9418888,-139.75,-63.786,18.503,0.7329513142335671
166.3,128.163309,37.91084,2145.4844568000003,-140.769,-65.465,16.47,0.7329513142335671
166.4,128.163354,37.910887,2133.846888,-141.731,-67.164,14.492,0.7329513142335671
166.5,128.163396,37.910934,2122.0307064,-142.873,-68.71,12.723,0.7329513142335671
166.6,128.163436,37.910978,2110.03896,-144.031,-70.22,11.012,0.7329513142335671
166.7,128.163473,37.911022,2097.874392,-144.869,-71.837,8.993,0.7329513142335671
166.8,128.163508,37.911064,2085.5403552,-145.399,-73.515,6.704,0.7329513142335671
166.9,128.163541,37.911104,2073.0398976,-145.625,-75.216,4.164,0.7329513142335671
167.0,128.163572,37.911143,2060.3782008,-145.65,-76.866,1.496,0.7329513142335671
167.1,128.1636,37.911179,2047.5601416,-145.83,-78.354,359.066,0.7329513142335671
167.2,128.163627,37.911214,2034.5921208000002,-145.831,-79.806,356.512,0.7329513142335671
167.3,128.163651,37.911247,2021.4796248,-144.903,-81.381,353.072,0.7329513142335671
167.4,128.163674,37.911277,2008.2284448000003,-142.764,-83.028,348.484,0.7329513142335671
167.5,128.163695,37.911306,1994.8440672000002,-139.134,-84.653,342.487,0.7329513142335671
167.6,128.163715,37.911331,1981.3331976000002,-134.178,-86.145,335.252,0.7329513142335671
167.7,128.163733,37.911355,1967.7031512,-125.119,-87.573,323.98,0.7329513142335671
167.8,128.16375,37.911376,1953.9603288000003,-95.767,-88.862,292.428,0.7329513142335671
167.9,128.163766,37.911394,1940.111436,-9.291,-88.792,203.684,0.7329513142335671
168.0,128.16378,37.91141,1926.1637880000003,17.937,-87.326,174.025,0.7329513142335671
168.1,128.163794,37.911424,1912.0936104000002,25.005,-85.639,164.182,0.7329513142335671
168.2,128.163807,37.911434,1897.8941976,26.844,-83.833,159.083,0.7329513142335671
168.3,128.16382,37.911442,1883.6246808,25.669,-81.821,156.413,0.7329513142335671
168.4,128.163832,37.911447,1869.2948136,23.001,-79.745,154.6,0.7329513142335671
168.5,128.163845,37.911448,1854.9152640000002,19.913,-77.768,153.068,0.7329513142335671
168.6,128.163858,37.911447,1840.4918232000002,17.279,-76.002,151.604,0.7329513142335671
168.7,128.163872,37.911443,1826.0446080000002,13.945,-74.203,150.195,0.7329513142335671
168.8,128.163887,37.911435,1811.5900776,9.927,-72.423,148.839,0.7329513142335671
168.9,128.163903,37.911425,1797.1422528000003,5.476,-70.689,147.441,0.7329513142335671
169.0,128.163921,37.911411,1782.7130208,1.474,-69.085,146.038,0.7329513142335671
169.1,128.163942,37.911395,1768.2715968000002,-0.538,-67.672,144.784,0.7329513142335671
169.2,128.163963,37.911377,1753.7753088,-0.993,-66.209,143.663,0.7329513142335671
169.3,128.163986,37.911359,1739.2229376,0.292,-64.751,142.713,0.7329513142335671
169.4,128.164009,37.911339,1724.6217984,2.568,-63.364,141.884,0.7329513142335671
169.5,128.164034,37.911317,1710.017916,3.797,-62.133,141.289,0.7329513142335671
169.6,128.164062,37.911293,1695.4560960000001,3.22,-61.077,140.874,0.7329513142335671
169.7,128.164092,37.911266,1680.9655992000003,1.007,-59.944,140.643,0.7329513142335671
169.8,128.164126,37.911235,1666.5784296000002,-2.376,-58.725,140.472,0.7329513142335671
169.9,128.164163,37.911201,1652.3031216000002,-5.628,-57.423,140.265,0.7329513142335671
170.0,128.164202,37.911165,1638.0829824,-6.642,-56.06,140.068,0.7329513142335671
170.1,128.164244,37.911128,1623.9055152,-5.89,-54.667,139.818,0.7329513142335671
170.2,128.164288,37.911089,1609.7887032,-4.748,-53.306,139.501,0.7329513142335671
170.3,128.164335,37.911048,1595.7404712,-3.606,-51.982,139.229,0.7329513142335671
170.4,128.164384,37.911004,1581.7669152,-2.157,-50.678,139.071,0.7329513142335671
170.5,128.164434,37.910959,1567.8278016000002,-0.233,-49.402,139.001,0.7329513142335671
170.6,128.164487,37.910913,1554.0133512,0.097,-48.159,138.923,0.7329513142335671
170.7,128.164544,37.910863,1540.3939728,-1.115,-46.938,138.864,0.7329513142335671
170.8,128.164603,37.91081,1526.9970984,-3.516,-45.696,138.772,0.7329513142335671
170.9,128.164665,37.910755,1513.8498551999999,-6.661,-44.395,138.555,0.7329513142335671
171.0,128.164731,37.910698,1500.9272495999999,-9.911,-43.047,138.211,0.7329513142335671
171.1,128.1648,37.910639,1488.1335744000003,-11.798,-41.67,137.801,0.7329513142335671
171.2,128.16487,37.910579,1475.3944584,-11.09,-40.359,137.395,0.7329513142335671
171.3,128.164942,37.910517,1462.6778976,-8.709,-39.204,137.007,0.7329513142335671
171.4,128.165016,37.910455,1450.0750272,-6.815,-37.998,136.603,0.7329513142335671
171.5,128.165092,37.910391,1437.6983184,-6.342,-36.84,136.244,0.7329513142335671
171.6,128.165171,37.910325,1425.6325056,-7.192,-35.814,135.933,0.7329513142335671
171.7,128.165254,37.910258,1413.8721024000001,-8.242,-34.793,135.662,0.7329513142335671
171.8,128.165339,37.910189,1402.3378608,-8.168,-33.556,135.387,0.7329513142335671
171.9,128.165428,37.910118,1391.0474592,-8.275,-32.241,135.077,0.7329513142335671
172.0,128.16552,37.910045,1379.9877912000002,-7.575,-30.862,134.799,0.7329513142335671
172.1,128.165614,37.909971,1369.2640128,-8.047,-29.445,134.45,0.7329513142335671
172.2,128.165711,37.909895,1358.8675896,-8.793,-28.006,134.12,0.7329513142335671
172.3,128.165811,37.909818,1348.7357328,-8.533,-26.551,133.827,0.7329513142335671
172.4,128.165914,37.90974,1338.9199536,-8.452,-25.106,133.5,0.7329513142335671
172.5,128.166019,37.909661,1329.3626448000002,-7.438,-23.672,133.23,0.7329513142335671
172.6,128.166127,37.90958,1320.1561608,-7.767,-22.242,132.93,0.7329513142335671
172.7,128.166237,37.909499,1311.3114744000002,-8.808,-20.794,132.63,0.7329513142335671
172.8,128.16635,37.909416,1302.7606152,-9.603,-19.336,132.318,0.7329513142335671
172.9,128.166465,37.909333,1294.5547896,-10.816,-17.898,131.963,0.7329513142335671
173.0,128.166582,37.909249,1286.6275512,-11.117,-16.442,131.614,0.7329513142335671
173.1,128.1667,37.909164,1278.8990424,-10.571,-15.015,131.256,0.7329513142335671
173.2,128.16682,37.909079,1271.3677392000002,-9.716,-13.653,130.911,0.7329513142335671
173.3,128.166942,37.908994,1264.1695823999999,-10.127,-12.353,130.55,0.7329513142335671
173.4,128.167066,37.908908,1257.3813816,-10.765,-11.08,130.215,0.7329513142335671
173.5,128.167191,37.908822,1250.935776,-10.241,-9.8,129.908,0.7329513142335671
173.6,128.167319,37.908736,1244.9123184,-10.883,-8.51,129.546,0.7329513142335671
173.7,128.167448,37.90865,1239.3265536000001,-12.631,-7.193,129.145,0.7329513142335671
173.8,128.167579,37.908564,1234.167204,-15.223,-5.862,128.682,0.7329513142335671
173.9,128.167713,37.908477,1229.4248208,-18.38,-4.524,128.12,0.7329513142335671
174.0,128.167848,37.908392,1225.0908696000001,-21.875,-3.189,127.436,0.7329513142335671
174.1,128.167985,37.908307,1221.1342608,-24.616,-1.837,126.652,0.7329513142335671
174.2,128.168123,37.908223,1217.4781848,-25.33,-0.494,125.814,0.7329513142335671
174.3,128.168264,37.90814,1214.1729336,-25.909,0.789,124.903,0.7329513142335671
174.4,128.168405,37.908058,1211.1685200000002,-25.877,1.974,124.019,0.7329513142335671
174.5,128.168549,37.907978,1208.5295616,-26.516,3.006,123.167,0.7329513142335671
174.6,128.168693,37.907899,1206.2463048000002,-27.33,4.105,122.287,0.7329513142335671
174.7,128.168839,37.907821,1204.206888,-26.724,5.165,121.491,0.7329513142335671
174.8,128.168985,37.907744,1202.2997544,-23.942,6.317,120.745,0.7329513142335671
174.9,128.169131,37.907667,1200.436512,-19.397,7.315,120.192,0.7329513142335671
175.0,128.169278,37.907591,1198.6388016,-14.531,8.205,119.802,0.7329513142335671
175.1,128.169425,37.907515,1197.031896,-11.902,9.01,119.517,0.7329513142335671
175.2,128.169572,37.90744,1195.7492976,-11.473,9.772,119.322,0.7329513142335671
175.3,128.16972,37.907366,1194.8940288000001,-12.879,10.621,119.132,0.7329513142335671
175.4,128.169869,37.907293,1194.4645656,-15.692,11.647,118.871,0.7329513142335671
175.5,128.170017,37.907222,1194.4322568,-19.42,12.67,118.49,0.7329513142335671
175.6,128.170166,37.907152,1194.7806432,-23.696,13.772,117.903,0.7329513142335671
175.7,128.170315,37.907083,1195.4661384,-27.486,14.761,117.316,0.7329513142335671
175.8,128.170464,37.907016,1196.4006552,-29.465,15.713,116.681,0.7329513142335671
175.9,128.170613,37.906952,1197.632352,-31.743,16.596,115.897,0.7329513142335671
176.0,128.170762,37.906889,1199.1572664,-34.374,17.435,114.998,0.7329513142335671
176.1,128.170911,37.906829,1200.9376032,-36.488,18.268,114.033,0.7329513142335671
176.2,128.17106,37.90677,1202.879484,-36.216,19.191,113.022,0.7329513142335671
176.3,128.171209,37.906713,1204.8951264000002,-33.839,20.234,111.952,0.7329513142335671
176.4,128.171359,37.906656,1206.9168648,-29.694,21.166,111.068,0.7329513142335671
176.5,128.171508,37.906599,1208.9642064000002,-25.043,22.011,110.366,0.7329513142335671
176.6,128.171657,37.906544,1211.1499272,-22.19,22.774,109.797,0.7329513142335671
176.7,128.171806,37.90649,1213.5554088000001,-20.607,23.511,109.381,0.7329513142335671
176.8,128.171955,37.906436,1216.1300544,-19.301,24.263,109.042,0.7329513142335671
176.9,128.172103,37.906385,1218.9528072,-19.611,24.996,108.667,0.7329513142335671
177.0,128.17225,37.906334,1222.0703016,-20.654,25.781,108.364,0.7329513142335671
177.1,128.172396,37.906286,1225.4258448,-21.094,26.626,108.094,0.7329513142335671
177.2,128.172541,37.906239,1229.0633280000002,-22.653,27.481,107.721,0.7329513142335671
177.3,128.172685,37.906194,1232.9882376,-25.167,28.344,107.254,0.7329513142335671
177.4,128.172828,37.906151,1237.1853336000001,-28.39,29.208,106.675,0.7329513142335671
177.5,128.172969,37.90611,1241.6052384,-31.377,30.092,105.995,0.7329513142335671
177.6,128.17311,37.906071,1246.1857728,-33.011,30.952,105.26,0.7329513142335671
177.7,128.173249,37.906034,1250.9482728,-34.348,31.702,104.478,0.7329513142335671
177.8,128.173388,37.905998,1255.8256824,-33.823,32.438,103.731,0.7329513142335671
177.9,128.173526,37.905964,1260.741192,-31.646,33.168,103.019,0.7329513142335671
178.0,128.173664,37.905929,1265.646948,-28.112,33.884,102.386,0.7329513142335671
178.1,128.173802,37.905895,1270.5600192,-24.139,34.568,101.862,0.7329513142335671
178.2,128.17394,37.905862,1275.5410608,-20.779,35.208,101.423,0.7329513142335671
178.3,128.174078,37.905829,1280.5617264000002,-16.798,35.823,101.13,0.7329513142335671
178.4,128.174215,37.905796,1285.594584,-12.645,36.457,101.033,0.7329513142335671
178.5,128.174352,37.905764,1290.6713328,-8.76,37.087,101.099,0.7329513142335671
178.6,128.174488,37.905733,1295.7602736,-4.872,37.696,101.288,0.7329513142335671
178.7,128.174624,37.905701,1300.8632352,-1.107,38.263,101.525,0.7329513142335671
178.8,128.174759,37.90567,1305.9704640000002,2.355,38.796,101.84,0.7329513142335671
178.9,128.174894,37.905639,1311.0828744000003,5.398,39.291,102.244,0.7329513142335671
179.0,128.175028,37.905608,1316.2022952,7.961,39.743,102.747,0.7329513142335671
179.1,128.175162,37.905578,1321.3427471999998,10.032,40.056,103.346,0.7329513142335671
179.2,128.175295,37.905547,1326.4975248,11.588,39.735,103.897,0.7329513142335671
179.3,128.175427,37.905517,1331.6388912000002,12.744,38.872,104.35,0.7329513142335671
179.4,128.175559,37.905487,1336.7589216000001,13.684,37.709,104.724,0.7329513142335671
179.5,128.175691,37.905456,1341.8509104000002,14.617,36.387,105.018,0.7329513142335671
179.6,128.175823,37.905426,1346.9047992,15.718,34.938,105.211,0.7329513142335671
179.7,128.175954,37.905396,1351.8995568,17.088,33.399,105.348,0.7329513142335671
179.8,128.176086,37.905366,1356.829392,18.821,31.787,105.423,0.7329513142335671
179.9,128.176218,37.905335,1361.6900376,20.987,30.128,105.414,0.7329513142335671
180.0,128.17635,37.905305,1366.4625960000003,23.63,28.459,105.304,0.7329513142335671
180.1,128.176483,37.905275,1371.1266456,26.777,26.808,105.066,0.7329513142335671
180.2,128.176616,37.905245,1375.6715184000002,30.383,25.173,104.719,0.7329513142335671
180.3,128.17675,37.905215,1380.0959952,34.385,23.556,104.296,0.7329513142335671
180.4,128.176884,37.905185,1384.3951992000002,38.784,21.988,103.768,0.7329513142335671
180.5,128.177019,37.905156,1388.549928,43.538,20.45,103.105,0.7329513142335671
180.6,128.177155,37.905127,1392.5668872,48.645,18.97,102.284,0.7329513142335671
180.7,128.177293,37.905099,1396.4494296,54.158,17.596,101.297,0.7329513142335671
180.8,128.177431,37.905072,1400.1829248,60.13,16.392,100.19,0.7329513142335671
180.9,128.177569,37.905045,1403.7682872,66.507,15.342,99.036,0.7329513142335671
181.0,128.177708,37.905019,1407.2152704,73.381,14.53,97.931,0.7329513142335671
181.1,128.177849,37.904995,1410.5391144,80.873,14.083,97.32,0.7329513142335671
181.2,128.177989,37.904971,1413.7578024000002,88.804,13.834,97.241,0.7329513142335671
181.3,128.178131,37.904948,1416.8935847999999,97.111,13.687,97.668,0.7329513142335671
181.4,128.178274,37.904927,1419.9589584000003,105.56,13.598,98.088,0.7329513142335671
181.5,128.178417,37.904905,1422.9588,114.001,13.351,98.804,0.7329513142335671
181.6,128.17856,37.904884,1425.8903664000002,122.378,12.822,99.876,0.7329513142335671
181.7,128.178704,37.904864,1428.7426848,130.677,11.78,101.482,0.7329513142335671
181.8,128.178848,37.904843,1431.4938096000003,138.194,10.258,103.398,0.7329513142335671
181.9,128.178992,37.904821,1434.0928392000003,143.348,8.503,105.222,0.7329513142335671
182.0,128.179136,37.904799,1436.4778992000001,146.025,6.636,106.774,0.7329513142335671
182.1,128.179279,37.904775,1438.5965640000002,146.62,4.802,108.078,0.7329513142335671
182.2,128.179423,37.90475,1440.4305456000002,145.468,2.962,109.246,0.7329513142335671
182.3,128.179567,37.904723,1441.9731384,142.921,1.189,110.341,0.7329513142335671
182.4,128.17971,37.904696,1443.2228184,139.275,-0.467,111.403,0.7329513142335671
182.5,128.179852,37.904666,1444.189644,135.397,-1.974,112.416,0.7329513142335671
182.6,128.179995,37.904635,1444.9098864,132.93,-3.339,113.353,0.7329513142335671
182.7,128.180138,37.904603,1445.4167688,131.834,-4.607,114.272,0.7329513142335671
182.8,128.18028,37.90457,1445.7310176000003,131.864,-5.767,115.149,0.7329513142335671
182.9,128.180423,37.904536,1445.8480608,132.744,-6.904,116.04,0.7329513142335671
183.0,128.180566,37.904501,1445.7675936000003,134.481,-8.034,116.94,0.7329513142335671
183.1,128.180708,37.904465,1445.4807768,136.263,-9.188,117.905,0.7329513142335671
183.2,128.18085,37.904428,1444.9470720000002,136.405,-10.322,118.843,0.7329513142335671
183.3,128.180992,37.904389,1444.1274648,135.097,-11.414,119.72,0.7329513142335671
183.4,128.181132,37.904348,1443.0015336,132.442,-12.489,120.606,0.7329513142335671
183.5,128.181271,37.904306,1441.5753744,128.743,-13.446,121.457,0.7329513142335671
183.6,128.181408,37.904262,1439.8672752000002,124.866,-14.385,122.409,0.7329513142335671
183.7,128.181545,37.904216,1437.9122880000002,122.416,-15.365,123.484,0.7329513142335671
183.8,128.18168,37.904169,1435.748208,121.406,-16.315,124.63,0.7329513142335671
183.9,128.181815,37.904121,1433.3960664,121.666,-17.184,125.704,0.7329513142335671
184.0,128.181949,37.904071,1430.8503768,122.371,-17.949,126.706,0.7329513142335671
184.1,128.182082,37.904021,1428.088584,121.862,-18.609,127.783,0.7329513142335671
184.2,128.182213,37.903969,1425.0890471999999,120.062,-19.232,128.886,0.7329513142335671
184.3,128.182342,37.903915,1421.8401840000001,117.046,-19.873,129.989,0.7329513142335671
184.4,128.182469,37.903859,1418.3465664000003,113.707,-20.513,131.111,0.7329513142335671
184.5,128.182595,37.903801,1414.6197768,111.091,-21.15,132.291,0.7329513142335671
184.6,128.182719,37.903741,1410.6747504000002,107.882,-21.732,133.642,0.7329513142335671
184.7,128.182841,37.90368,1406.5383096000003,104.461,-22.237,135.073,0.7329513142335671
184.8,128.182961,37.903617,1402.2217320000002,100.701,-22.62,136.489,0.7329513142335671
184.9,128.183079,37.903552,1397.7405624,97.679,-22.919,137.853,0.7329513142335671
185.0,128.183195,37.903485,1393.1030304,96.363,-23.174,139.166,0.7329513142335671
185.1,128.18331,37.903417,1388.3240712,95.786,-23.385,140.557,0.7329513142335671
185.2,128.183424,37.903348,1383.3978936,94.325,-23.497,141.849,0.7329513142335671
185.3,128.183535,37.903276,1378.319316,91.892,-23.566,143.144,0.7329513142335671
185.4,128.183645,37.903203,1373.0898624000001,89.321,-23.587,144.445,0.7329513142335671
185.5,128.183752,37.903127,1367.7226392000002,88.309,-23.587,145.722,0.7329513142335671
185.6,128.183858,37.903049,1362.2362392000002,88.452,-23.593,146.995,0.7329513142335671
185.7,128.183962,37.90297,1356.6285288000001,88.715,-23.575,148.357,0.7329513142335671
185.8,128.184064,37.902889,1350.8860968000001,87.532,-23.569,149.597,0.7329513142335671
185.9,128.184163,37.902806,1345.0266216,84.938,-23.552,150.907,0.7329513142335671
186.0,128.18426,37.90272,1339.0747920000001,81.168,-23.485,152.315,0.7329513142335671
186.1,128.184353,37.902632,1333.0516392000002,76.572,-23.325,153.688,0.7329513142335671
186.2,128.184442,37.902542,1326.9724032,71.397,-23.047,155.025,0.7329513142335671
186.3,128.184529,37.90245,1320.8636016000003,65.885,-22.643,156.284,0.7329513142335671
186.4,128.184613,37.902355,1314.7615056,60.613,-22.095,157.477,0.7329513142335671
186.5,128.184694,37.902258,1308.6670296,56.864,-21.361,158.743,0.7329513142335671
186.6,128.184774,37.902161,1302.5390255999998,55.504,-20.579,159.898,0.7329513142335671
186.7,128.184854,37.902062,1296.3540240000002,56.116,-19.895,160.931,0.7329513142335671
186.8,128.184932,37.901961,1290.1114152000002,57.626,-19.255,161.842,0.7329513142335671
186.9,128.185008,37.90186,1283.8560048000002,58.164,-18.608,162.677,0.7329513142335671
187.0,128.185082,37.901756,1277.6460096000003,57.925,-18.03,163.565,0.7329513142335671
187.1,128.185153,37.90165,1271.5161768,56.661,-17.498,164.447,0.7329513142335671
187.2,128.185221,37.901543,1265.4521808000002,55.126,-16.956,165.392,0.7329513142335671
187.3,128.185285,37.901433,1259.5024848,52.402,-16.37,166.3,0.7329513142335671
187.4,128.185346,37.901322,1253.7045792,48.725,-15.667,167.192,0.7329513142335671
187.5,128.185403,37.901209,1248.0755328,45.142,-14.866,168.042,0.7329513142335671
187.6,128.185458,37.901094,1242.5897424,42.708,-14.014,168.951,0.7329513142335671
187.7,128.185509,37.900978,1237.2910992,40.135,-13.139,169.766,0.7329513142335671
187.8,128.185558,37.900861,1232.154,38.131,-12.246,170.537,0.7329513142335671
187.9,128.185605,37.900743,1227.2384904,35.424,-11.282,171.217,0.7329513142335671
188.0,128.185648,37.900623,1222.566516,32.113,-10.239,171.801,0.7329513142335671
188.1,128.185689,37.900503,1218.1332,28.928,-9.124,172.306,0.7329513142335671
188.2,128.185728,37.900381,1213.891908,26.569,-7.998,172.812,0.7329513142335671
188.3,128.185765,37.900259,1209.9109152,23.664,-6.79,173.253,0.7329513142335671
188.4,128.1858,37.900136,1206.2158248,20.245,-5.489,173.643,0.7329513142335671
188.5,128.185834,37.900012,1202.8151712000001,16.446,-4.164,173.944,0.7329513142335671
188.6,128.185866,37.899888,1199.7168792000002,12.414,-2.761,174.144,0.7329513142335671
188.7,128.185896,37.899763,1196.9261304,8.291,-1.345,174.191,0.7329513142335671
188.8,128.185926,37.899638,1194.447192,4.201,0.135,174.053,0.7329513142335671
188.9,128.185955,37.899512,1192.2776256,0.094,1.42,173.773,0.7329513142335671
189.0,128.185984,37.899387,1190.4006672,-4.085,1.998,173.438,0.7329513142335671
189.1,128.186014,37.899261,1188.7968096,-8.306,2.294,173.064,0.7329513142335671
189.2,128.186043,37.899135,1187.4620904,-12.559,3.081,172.532,0.7329513142335671
189.3,128.186073,37.899008,1186.3934616000001,-16.846,4.335,171.773,0.7329513142335671
189.4,128.186104,37.898883,1185.5854368,-21.263,5.854,170.875,0.7329513142335671
189.5,128.186137,37.898757,1185.0160704,-25.04,7.417,169.863,0.7329513142335671
189.6,128.18617,37.898632,1184.6289744,-27.369,9.063,168.706,0.7329513142335671
189.7,128.186205,37.898508,1184.4854136000001,-29.808,10.553,167.462,0.7329513142335671
189.8,128.186242,37.898385,1184.5789872,-32.185,11.866,166.207,0.7329513142335671
189.9,128.18628,37.898263,1184.865804,-34.159,12.982,164.945,0.7329513142335671
190.0,128.18632,37.898142,1185.3894504,-36.224,13.996,163.577,0.7329513142335671
190.1,128.186362,37.898021,1186.1316384,-38.32,14.99,162.164,0.7329513142335671
190.2,128.186406,37.897902,1187.0567064000002,-40.176,15.997,160.666,0.7329513142335671
190.3,128.186452,37.897785,1188.1975728,-42.152,16.91,159.115,0.7329513142335671
190.4,128.186501,37.897668,1189.5453984,-44.29,17.734,157.585,0.7329513142335671
190.5,128.186552,37.897554,1191.0892104000002,-46.58,18.544,156.001,0.7329513142335671
190.6,128.186606,37.897441,1192.8180360000001,-48.943,19.299,154.36,0.7329513142335671
190.7,128.186662,37.89733,1194.7071864000002,-50.644,19.985,152.674,0.7329513142335671
190.8,128.18672,37.89722,1196.7136848,-50.848,20.659,151.014,0.7329513142335671
190.9,128.18678,37.897112,1198.8759360000001,-51.266,21.243,149.338,0.7329513142335671
191.0,128.186843,37.897006,1201.1975976,-52.052,21.805,147.696,0.7329513142335671
191.1,128.186909,37.896902,1203.6622104,-52.865,22.373,146.097,0.7329513142335671
191.2,128.186976,37.896799,1206.2335032,-53.241,22.956,144.544,0.7329513142335671
191.3,128.187046,37.896698,1208.9349456,-53.675,23.524,143.024,0.7329513142335671
191.4,128.187117,37.896599,1211.7217320000002,-53.137,24.098,141.594,0.7329513142335671
191.5,128.18719,37.896501,1214.5560672000001,-51.561,24.661,140.278,0.7329513142335671
191.6,128.187264,37.896405,1217.4851952,-50.641,25.204,139.008,0.7329513142335671
191.7,128.18734,37.896311,1220.5587984000001,-50.421,25.723,137.813,0.7329513142335671
191.8,128.187418,37.896219,1223.778096,-50.888,26.28,136.597,0.7329513142335671
191.9,128.187498,37.896129,1227.1424784,-51.938,26.847,135.345,0.7329513142335671
192.0,128.18758,37.896041,1230.654384,-53.477,27.409,134.064,0.7329513142335671
192.1,128.187664,37.895956,1234.2906480000001,-55.287,27.963,132.741,0.7329513142335671
192.2,128.187749,37.895872,1238.0223144000001,-57.097,28.495,131.362,0.7329513142335671
192.3,128.187836,37.895791,1241.8551744000001,-58.991,28.982,129.939,0.7329513142335671
192.4,128.187924,37.895711,1245.7770360000002,-60.527,29.424,128.491,0.7329513142335671
192.5,128.188014,37.895633,1249.776012,-61.676,29.818,127.024,0.7329513142335671
192.6,128.188106,37.895557,1253.85576,-62.379,30.165,125.542,0.7329513142335671
192.7,128.1882,37.895483,1257.9973823999999,-61.913,30.51,124.062,0.7329513142335671
192.8,128.188294,37.895411,1262.2249584,-61.785,30.813,122.583,0.7329513142335671
192.9,128.188391,37.895341,1266.5311728000001,-62.09,31.105,121.111,0.7329513142335671
193.0,128.188488,37.895273,1270.8968232000002,-62.808,31.395,119.629,0.7329513142335671
193.1,128.188587,37.895208,1275.3213,-63.863,31.654,118.167,0.7329513142335671
193.2,128.188687,37.895144,1279.8030792,-65.187,31.869,116.753,0.7329513142335671
193.3,128.188788,37.895083,1284.3275304,-66.772,32.078,115.29,0.7329513142335671
193.4,128.188889,37.895024,1288.8916056,-68.518,32.249,113.824,0.7329513142335671
193.5,128.188992,37.894967,1293.4889039999998,-70.326,32.354,112.379,0.7329513142335671
193.6,128.189096,37.894913,1298.1166824,-72.174,32.404,110.91,0.7329513142335671
193.7,128.189201,37.89486,1302.7499472,-73.92,32.401,109.446,0.7329513142335671
193.8,128.189307,37.89481,1307.3899176000002,-75.428,32.349,107.921,0.7329513142335671
193.9,128.189414,37.894761,1312.0402512,-76.85,32.191,106.388,0.7329513142335671
194.0,128.189521,37.894715,1316.6866224,-78.246,31.971,104.888,0.7329513142335671
194.1,128.18963,37.894671,1321.3296408,-79.192,31.768,103.401,0.7329513142335671
194.2,128.189739,37.894629,1325.9598576,-79.012,31.604,101.963,0.7329513142335671
194.3,128.189849,37.894588,1330.5787968000002,-79.025,31.431,100.491,0.7329513142335671
194.4,128.18996,37.894551,1335.1724376000002,-79.266,31.259,98.994,0.7329513142335671
194.5,128.190071,37.894515,1339.736208,-79.777,31.094,97.491,0.7329513142335671
194.6,128.190182,37.894482,1344.2655359999999,-80.522,30.927,95.99,0.7329513142335671
194.7,128.190294,37.89445,1348.7558496,-81.461,30.753,94.498,0.7329513142335671
194.8,128.190405,37.894422,1353.2034912000001,-82.536,30.558,93.017,0.7329513142335671
194.9,128.190517,37.894395,1357.605108,-83.69,30.336,91.576,0.7329513142335671
195.0,128.190629,37.89437,1361.9558232000002,-84.853,30.067,90.195,0.7329513142335671
195.1,128.19074,37.894348,1366.2504552,-86.012,29.738,88.795,0.7329513142335671
195.2,128.190852,37.894328,1370.4835176000001,-87.194,29.395,87.414,0.7329513142335671
195.3,128.190964,37.89431,1374.6626304,-88.348,29.027,86.091,0.7329513142335671
195.4,128.191076,37.894294,1378.7987664000002,-89.502,28.643,84.765,0.7329513142335671
195.5,128.191188,37.89428,1382.8754664000003,-90.626,28.232,83.452,0.7329513142335671
195.6,128.191301,37.894268,1386.875052,-91.672,27.77,82.164,0.7329513142335671
195.7,128.191413,37.894258,1390.7935608,-92.524,27.255,80.844,0.7329513142335671
195.8,128.191524,37.894249,1394.6270304,-93.02,26.74,79.508,0.7329513142335671
195.9,128.191636,37.894243,1398.373632,-93.421,26.214,78.2,0.7329513142335671
196.0,128.191747,37.894239,1402.031232,-93.828,25.683,76.946,0.7329513142335671
196.1,128.191858,37.894236,1405.5992208000002,-94.219,25.13,75.682,0.7329513142335671
196.2,128.191968,37.894236,1409.0763792,-94.523,24.542,74.419,0.7329513142335671
196.3,128.192078,37.894237,1412.4669744000003,-94.861,23.943,73.168,0.7329513142335671
196.4,128.192188,37.89424,1415.7725304,-95.225,23.328,71.936,0.7329513142335671
196.5,128.192297,37.894245,1418.9808552,-95.655,22.718,70.706,0.7329513142335671
196.6,128.192405,37.894252,1422.0910344000001,-96.129,22.112,69.503,0.7329513142335671
196.7,128.192513,37.894261,1425.101544,-96.607,21.494,68.349,0.7329513142335671
196.8,128.192621,37.894271,1428.0111648000002,-97.1,20.854,67.187,0.7329513142335671
196.9,128.192728,37.894283,1430.8250784000002,-97.636,20.218,66.026,0.7329513142335671
197.0,128.192834,37.894297,1433.5469424000003,-98.182,19.579,64.898,0.7329513142335671
197.1,128.19294,37.894313,1436.162736,-98.7,18.911,63.803,0.7329513142335671
197.2,128.193045,37.89433,1438.6700208000002,-99.221,18.22,62.689,0.7329513142335671
197.3,128.19315,37.894349,1441.066968,-99.758,17.527,61.58,0.7329513142335671
197.4,128.193253,37.894369,1443.3520536,-100.275,16.823,60.502,0.7329513142335671
197.5,128.193356,37.894391,1445.5240584000003,-100.776,16.093,59.41,0.7329513142335671
197.6,128.193458,37.894414,1447.5811536,-101.172,15.365,58.323,0.7329513142335671
197.7,128.193559,37.894438,1449.5248632,-101.316,14.648,57.264,0.7329513142335671
197.8,128.193659,37.894465,1451.3564064,-101.46,13.92,56.2,0.7329513142335671
197.9,128.193759,37.894492,1453.082184,-101.621,13.192,55.144,0.7329513142335671
198.0,128.193858,37.894522,1454.6982335999999,-101.789,12.459,54.109,0.7329513142335671
198.1,128.193956,37.894552,1456.1963256,-101.942,11.704,53.097,0.7329513142335671
198.2,128.194053,37.894584,1457.5755456000002,-102.104,10.929,52.063,0.7329513142335671
198.3,128.194149,37.894618,1458.8343696000002,-102.289,10.153,51.027,0.7329513142335671
198.4,128.194244,37.894652,1459.9731024,-102.48,9.381,50.03,0.7329513142335671
198.5,128.194338,37.894688,1460.9911344000002,-102.661,8.593,49.048,0.7329513142335671
198.6,128.194431,37.894725,1461.8881608,-102.839,7.788,48.056,0.7329513142335671
198.7,128.194523,37.894764,1462.6632672,-103.017,6.973,47.076,0.7329513142335671
198.8,128.194614,37.894803,1463.3176728,-103.203,6.146,46.075,0.7329513142335671
198.9,128.194703,37.894844,1463.8513776000002,-103.408,5.317,45.061,0.7329513142335671
199.0,128.194792,37.894886,1464.2607240000002,-103.627,4.488,44.044,0.7329513142335671
199.1,128.194879,37.894929,1464.5454072000002,-103.853,3.663,43.044,0.7329513142335671
199.2,128.194965,37.894973,1464.7048176000003,-104.081,2.832,42.023,0.7329513142335671
199.3,128.19505,37.895018,1464.7386504,-104.295,1.988,40.988,0.7329513142335671
199.4,128.195134,37.895065,1464.6469056,-104.478,1.127,39.953,0.7329513142335671
199.5,128.195216,37.895112,1464.4286688,-104.645,0.26,38.921,0.7329513142335671
199.6,128.195298,37.895161,1464.0830256,-104.783,-0.619,37.897,0.7329513142335671
199.7,128.195379,37.895211,1463.6090616000001,-104.907,-1.504,36.889,0.7329513142335671
199.8,128.195458,37.895262,1463.0055576,-105.029,-2.39,35.884,0.7329513142335671
199.9,128.195536,37.895315,1462.2715992,-105.15,-3.272,34.904,0.7329513142335671
