Time,Longitude,Latitude,Altitude,Roll (deg),Pitch (deg),Yaw (deg),Health
0.0,128.181512,37.941935,8267.512548,0.642,0.121,270.088,1.0
0.1,128.181195,37.941935,8267.3994672,3.556,1.641,270.362,1.0
0.2,128.180878,37.941935,8267.247372,8.55,4.41,270.812,1.0
0.3,128.180561,37.941935,8267.1336816,15.216,6.946,271.462,1.0
0.4,128.180244,37.941935,8267.1227088,23.224,8.833,272.286,1.0
0.5,128.179926,37.941937,8267.2498104,32.366,10.102,273.258,1.0
0.6,128.179609,37.94194,8267.528092800001,42.486,10.877,274.368,1.0
0.7,128.179292,37.941944,8267.9791968,52.602,11.311,275.58,1.0
0.8,128.178975,37.941951,8268.6110472,61.538,11.508,276.911,1.0
0.9,128.178659,37.941962,8269.397736,68.887,11.495,278.393,1.0
1.0,128.178344,37.941975,8270.2920192,75.188,11.196,280.018,1.0
1.1,128.178029,37.941992,8271.2506152,80.623,10.553,281.721,1.0
1.2,128.177715,37.942013,8272.238472000001,84.896,9.62,283.41,1.0
1.3,128.177402,37.942038,8273.219928,88.225,8.454,285.023,1.0
1.4,128.17709,37.942066,8274.1629792,90.912,7.148,286.517,1.0
1.5,128.176779,37.942098,8275.0386696,93.144,5.853,287.881,1.0
1.6,128.176469,37.942134,8275.822005600001,94.979,4.68,289.132,1.0
1.7,128.17616,37.942174,8276.491956000002,96.465,3.71,290.305,1.0
1.8,128.175852,37.942217,8277.0320616,97.63,2.992,291.44,1.0
1.9,128.175546,37.942265,8277.432264000001,98.453,2.519,292.567,1.0
2.0,128.175241,37.942316,8277.6925632,98.768,2.134,293.677,1.0
2.1,128.174938,37.942372,8277.8126544,98.647,1.759,294.768,1.0
2.2,128.174636,37.94243,8277.7931472,98.272,1.386,295.838,1.0
2.3,128.174336,37.942493,8277.6361752,97.795,1.023,296.889,1.0
2.4,128.174037,37.94256,8277.343872,97.313,0.674,297.924,1.0
2.5,128.17374,37.94263,8276.918676,96.878,0.342,298.945,1.0
2.6,128.173445,37.942703,8276.3627208,96.508,0.025,299.956,1.0
2.7,128.173152,37.942781,8275.6778352,96.206,-0.277,300.959,1.0
2.8,128.172861,37.942862,8274.8655432,95.964,-0.57,301.956,1.0
2.9,128.172572,37.942946,8273.927064000001,95.771,-0.853,302.95,1.0
3.0,128.172285,37.943034,8272.8630072,95.618,-1.131,303.942,1.0
3.1,128.172001,37.943126,8271.674592000001,95.495,-1.403,304.933,1.0
3.2,128.171719,37.943221,8270.3618184,95.396,-1.673,305.923,1.0
3.3,128.171439,37.94332,8268.925296000001,95.315,-1.941,306.915,1.0
3.4,128.171161,37.943422,8267.3653296,95.247,-2.207,307.907,1.0
3.5,128.170886,37.943527,8265.6819192,95.188,-2.472,308.9,1.0
3.6,128.170614,37.943636,8263.8753696,95.136,-2.738,309.894,1.0
3.7,128.170344,37.943749,8261.9456808,95.088,-3.003,310.89,1.0
3.8,128.170077,37.943864,8259.8928528,95.043,-3.268,311.887,1.0
3.9,128.169813,37.943983,8257.7168856,94.998,-3.533,312.886,1.0
4.0,128.169552,37.944105,8255.418084,94.954,-3.799,313.886,1.0
4.1,128.169294,37.944231,8252.9961432,94.908,-4.065,314.889,1.0
4.2,128.169039,37.94436,8250.451368,94.86,-4.33,315.892,1.0
4.3,128.168786,37.944492,8247.783453600001,94.809,-4.596,316.898,1.0
4.4,128.168538,37.944627,8244.9927048,94.754,-4.862,317.905,1.0
4.5,128.168292,37.944765,8242.0791216,94.695,-5.128,318.914,1.0
4.6,128.168049,37.944906,8239.042704,94.632,-5.393,319.924,1.0
4.7,128.16781,37.94505,8235.883452,94.564,-5.658,320.937,1.0
4.8,128.167575,37.945197,8232.6019752,94.491,-5.922,321.951,1.0
4.9,128.167343,37.945347,8229.197968800001,94.413,-6.186,322.966,1.0
5.0,128.167114,37.9455,8225.672042400001,94.329,-6.449,323.984,1.0
5.1,128.166889,37.945656,8222.024196,94.239,-6.71,325.003,1.0
5.2,128.166668,37.945814,8218.2547344,94.143,-6.97,326.025,1.0
5.3,128.166451,37.945976,8214.3642672,94.041,-7.229,327.048,1.0
5.4,128.166237,37.94614,8210.3530992,93.932,-7.486,328.074,1.0
5.5,128.166028,37.946306,8206.22184,93.816,-7.742,329.102,1.0
5.6,128.165822,37.946475,8201.9707944,93.693,-7.995,330.132,1.0
5.7,128.16562,37.946647,8197.6002672,93.564,-8.246,331.165,1.0
5.8,128.165423,37.946821,8193.111477600001,93.427,-8.495,332.199,1.0
5.9,128.165229,37.946998,8188.5047304,93.283,-8.741,333.236,1.0
6.0,128.16504,37.947177,8183.780940000001,93.132,-8.985,334.275,1.0
6.1,128.164855,37.947358,8178.940716,92.973,-9.225,335.316,1.0
6.2,128.164675,37.947542,8173.984972800001,92.807,-9.463,336.36,1.0
6.3,128.164498,37.947727,8168.914624800001,92.633,-9.697,337.406,1.0
6.4,128.164326,37.947915,8163.7305864,92.451,-9.928,338.454,1.0
6.5,128.164159,37.948105,8158.433772,92.262,-10.155,339.505,1.0
6.6,128.163996,37.948297,8153.025705600001,92.065,-10.378,340.558,1.0
6.7,128.163838,37.948491,8147.506996800001,91.861,-10.597,341.613,1.0
6.8,128.163684,37.948687,8141.878864800001,91.648,-10.812,342.67,1.0
6.9,128.163535,37.948885,8136.143138400001,91.428,-11.022,343.73,1.0
7.0,128.163391,37.949084,8130.300427200001,91.199,-11.228,344.792,1.0
7.1,128.163252,37.949286,8124.352864800001,90.963,-11.428,345.856,1.0
7.2,128.163117,37.949488,8118.301365600001,90.72,-11.624,346.922,1.0
7.3,128.162987,37.949693,8112.1477584,90.468,-11.815,347.991,1.0
7.4,128.162862,37.949899,8105.8935672,90.209,-12.0,349.062,1.0
7.5,128.162742,37.950106,8099.540316,89.942,-12.18,350.134,1.0
7.6,128.162627,37.950315,8093.089833600001,89.667,-12.354,351.209,1.0
7.7,128.162517,37.950525,8086.5439488,89.385,-12.522,352.287,1.0
7.8,128.162413,37.950736,8079.9044904,89.096,-12.684,353.366,1.0
7.9,128.162313,37.950949,8073.1732872,88.799,-12.84,354.447,1.0
8.0,128.162218,37.951163,8066.3527776,88.495,-12.989,355.53,1.0
8.1,128.162128,37.951377,8059.4444856,88.184,-13.132,356.615,1.0
8.2,128.162044,37.951593,8052.4508496,87.866,-13.268,357.701,1.0
8.3,128.161965,37.95181,8045.3740032000005,87.541,-13.398,358.79,1.0
8.4,128.161891,37.952027,8038.21608,87.209,-13.52,359.88,1.0
8.5,128.161822,37.952245,8030.9795184,86.871,-13.635,0.971,1.0
8.6,128.161759,37.952464,8023.666756800001,86.527,-13.743,2.065,1.0
8.7,128.1617,37.952684,8016.2802336,86.176,-13.843,3.159,1.0
8.8,128.161648,37.952904,8008.822692000001,85.82,-13.936,4.256,1.0
8.9,128.1616,37.953124,8001.295960800001,85.458,-14.022,5.353,1.0
9.0,128.161558,37.953345,7993.703392800001,85.09,-14.099,6.451,1.0
9.1,128.161521,37.953566,7986.0474264,84.717,-14.169,7.551,1.0
9.2,128.16149,37.953788,7978.330804800001,84.339,-14.23,8.652,1.0
9.3,128.161463,37.95401,7970.556576,83.956,-14.284,9.754,1.0
9.4,128.161443,37.954232,7962.7271784,83.569,-14.329,10.856,1.0
9.5,128.161428,37.954454,7954.845660000001,83.177,-14.366,11.959,1.0
9.6,128.161418,37.954675,7946.915373600001,82.782,-14.395,13.063,1.0
9.7,128.161413,37.954897,7938.9387576,82.382,-14.416,14.167,1.0
9.8,128.161414,37.955119,7930.9191648000005,81.979,-14.428,15.272,1.0
9.9,128.16142,37.95534,7922.859948,81.572,-14.431,16.377,1.0
10.0,128.161432,37.955561,7914.763850400001,81.162,-14.426,17.483,1.0
10.1,128.161449,37.955782,7906.634224800001,80.749,-14.412,18.588,1.0
10.2,128.161472,37.956002,7898.474728800001,80.334,-14.389,19.694,1.0
10.3,128.1615,37.956222,7890.288105600001,79.916,-14.357,20.799,1.0
10.4,128.161533,37.956441,7882.077708,79.495,-14.317,21.905,1.0
10.5,128.161572,37.956659,7873.8474984,79.073,-14.268,23.01,1.0
10.6,128.161616,37.956877,7865.600220000001,78.648,-14.21,24.114,1.0
10.7,128.161665,37.957093,7857.3398352,78.222,-14.143,25.218,1.0
10.8,128.16172,37.957309,7849.069392,77.795,-14.067,26.322,1.0
10.9,128.16178,37.957524,7840.7928528,77.366,-13.982,27.425,1.0
11.0,128.161845,37.957738,7832.513570400001,76.937,-13.888,28.527,1.0
11.1,128.161916,37.957951,7824.2352024,76.506,-13.785,29.628,1.0
11.2,128.161992,37.958162,7815.961406400001,76.075,-13.672,30.728,1.0
11.3,128.162073,37.958373,7807.6955352,75.644,-13.551,31.828,1.0
11.4,128.162159,37.958581,7799.4415512000005,75.213,-13.421,32.926,1.0
11.5,128.16225,37.958789,7791.2034168,74.782,-13.282,34.022,1.0
11.6,128.162347,37.958995,7782.98418,74.351,-13.133,35.118,1.0
11.7,128.162448,37.959199,7774.788108,73.92,-12.976,36.212,1.0
11.8,128.162555,37.959402,7766.6188584,73.49,-12.809,37.305,1.0
11.9,128.162666,37.959604,7758.4803936,73.061,-12.633,38.396,1.0
12.0,128.162783,37.959803,7750.3763712,72.633,-12.449,39.485,1.0
12.1,128.162904,37.960001,7742.3104488,72.206,-12.255,40.573,1.0
12.2,128.16303,37.960196,7734.2865888,71.781,-12.052,41.659,1.0
12.3,128.163161,37.96039,7726.3087536,71.357,-11.84,42.744,1.0
12.4,128.163297,37.960582,7718.3806008,70.934,-11.619,43.826,1.0
12.5,128.163438,37.960772,7710.506397600001,70.514,-11.39,44.907,1.0
12.6,128.163583,37.960959,7702.6898016000005,70.095,-11.151,45.986,1.0
12.7,128.163733,37.961145,7694.934470400001,69.679,-10.903,47.063,1.0
12.8,128.163887,37.961328,7687.244976,69.264,-10.646,48.138,1.0
12.9,128.164046,37.961509,7679.6252808,68.854,-10.381,49.21,1.0
13.0,128.16421,37.961687,7672.0793472000005,68.448,-10.106,50.281,1.0
13.1,128.164378,37.961863,7664.611442400001,68.046,-9.823,51.348,1.0
13.2,128.16455,37.962037,7657.224919200001,67.65,-9.531,52.414,1.0
13.3,128.164726,37.962207,7649.92374,67.26,-9.23,53.477,1.0
13.4,128.164907,37.962376,7642.7121720000005,66.875,-8.92,54.539,1.0
13.5,128.165092,37.962541,7635.5938728,66.495,-8.602,55.598,1.0
13.6,128.16528,37.962704,7628.5728048,66.12,-8.275,56.656,1.0
13.7,128.165473,37.962864,7621.6526256,65.751,-7.94,57.711,1.0
13.8,128.16567,37.963021,7614.836992800001,65.387,-7.596,58.765,1.0
13.9,128.16587,37.963175,7608.129868800001,65.028,-7.245,59.818,1.0
14.0,128.166074,37.963327,7601.535216,64.675,-6.884,60.869,1.0
14.1,128.166282,37.963475,7595.0560824,64.326,-6.516,61.918,1.0
14.2,128.166493,37.96362,7588.6967352,63.983,-6.139,62.966,1.0
14.3,128.166708,37.963762,7582.460832000001,63.646,-5.754,64.014,1.0
14.4,128.166926,37.963901,7576.3514208,63.313,-5.36,65.063,1.0
14.5,128.167148,37.964037,7570.372768800001,62.985,-4.957,66.112,1.0
14.6,128.167373,37.964169,7564.528533600001,62.663,-4.544,67.161,1.0
14.7,128.1676,37.964299,7558.8217632000005,62.346,-4.123,68.212,1.0
14.8,128.167831,37.964424,7553.256420000001,62.034,-3.693,69.263,1.0
14.9,128.168065,37.964547,7547.835856800001,61.727,-3.253,70.316,1.0
15.0,128.168301,37.964666,7542.5637312,61.426,-2.805,71.37,1.0
15.1,128.16854,37.964782,7537.4437008,61.129,-2.347,72.425,1.0
15.2,128.168782,37.964894,7532.4791184000005,60.838,-1.879,73.482,1.0
15.3,128.169026,37.965002,7527.6733368000005,60.553,-1.403,74.542,1.0
15.4,128.169273,37.965107,7523.029708800001,60.273,-0.916,75.604,1.0
15.5,128.169522,37.965209,7518.551892,59.998,-0.419,76.669,1.0
15.6,128.169773,37.965306,7514.2429344,59.729,0.087,77.737,1.0
15.7,128.170026,37.9654,7510.1064936,59.466,0.604,78.809,1.0
15.8,128.170281,37.965491,7506.1456176,59.209,1.132,79.886,1.0
15.9,128.170538,37.965577,7502.363964,58.957,1.671,80.966,1.0
16.0,128.170796,37.96566,7498.7639712,58.708,2.214,82.04,1.0
16.1,128.171056,37.965739,7495.349296800001,58.455,2.755,83.098,1.0
16.2,128.171317,37.965815,7492.1217696,58.197,3.293,84.137,1.0
16.3,128.17158,37.965886,7489.084132800001,57.931,3.828,85.159,1.0
16.4,128.171844,37.965954,7486.238215200001,57.658,4.361,86.165,1.0
16.5,128.172109,37.966018,7483.585540800001,57.38,4.893,87.158,1.0
16.6,128.172375,37.966078,7481.127633600001,57.096,5.426,88.138,1.0
16.7,128.172641,37.966134,7478.8663224,56.809,5.959,89.107,1.0
16.8,128.172909,37.966187,7476.802521600001,56.52,6.494,90.065,1.0
16.9,128.173177,37.966236,7474.937450400001,56.23,7.031,91.014,1.0
17.0,128.173445,37.966281,7473.2720232,55.94,7.569,91.954,1.0
17.1,128.173714,37.966323,7471.8074592,55.65,8.11,92.885,1.0
17.2,128.173983,37.966361,7470.544672800001,55.362,8.654,93.808,1.0
17.3,128.174252,37.966395,7469.4839688,55.075,9.2,94.724,1.0
17.4,128.174522,37.966426,7468.626261599999,54.789,9.747,95.633,1.0
17.5,128.174791,37.966453,7467.972465600001,54.499,10.293,96.538,1.0
17.6,128.17506,37.966476,7467.5228856,54.207,10.835,97.44,1.0
17.7,128.175329,37.966497,7467.2778264,53.916,11.374,98.34,1.0
17.8,128.175597,37.966513,7467.237592800001,53.631,11.908,99.239,1.0
17.9,128.175865,37.966527,7467.4024896,53.354,12.44,100.136,1.0
18.0,128.176133,37.966536,7467.7725168,53.091,12.968,101.03,1.0
18.1,128.1764,37.966543,7468.347369600001,52.844,13.494,101.923,1.0
18.2,128.176666,37.966546,7469.1273528,52.617,14.018,102.814,1.0
18.3,128.176931,37.966546,7470.1112472,52.411,14.539,103.703,1.0
18.4,128.177196,37.966543,7471.2993576,52.229,15.06,104.59,1.0
18.5,128.177459,37.966537,7472.690464800001,52.073,15.58,105.475,1.0
18.6,128.177722,37.966527,7474.2839592,51.942,16.101,106.356,1.0
18.7,128.177983,37.966515,7476.0786216,51.836,16.623,107.233,1.0
18.8,128.178243,37.966499,7478.0732328,51.752,17.147,108.106,1.0
18.9,128.178501,37.966481,7480.266878400001,51.684,17.673,108.976,1.0
19.0,128.178759,37.966459,7482.658034399999,51.631,18.198,109.844,1.0
19.1,128.179014,37.966434,7485.244872,51.588,18.724,110.709,1.0
19.2,128.179269,37.966407,7488.0258672,51.555,19.25,111.573,1.0
19.3,128.179521,37.966377,7490.999496,51.531,19.776,112.433,1.0
19.4,128.179772,37.966344,7494.163320000001,51.514,20.303,113.29,1.0
19.5,128.180021,37.966308,7497.516120000001,51.504,20.831,114.144,1.0
19.6,128.180269,37.96627,7501.0557624,51.496,21.361,114.994,1.0
19.7,128.180514,37.966229,7504.780113600001,51.49,21.893,115.841,1.0
19.8,128.180758,37.966185,7508.687344800001,51.482,22.425,116.684,1.0
19.9,128.181,37.966139,7512.775627200001,51.471,22.958,117.524,1.0
20.0,128.181239,37.96609,7517.0425224,51.455,23.492,118.36,1.0
20.1,128.181477,37.966039,7521.486201600001,51.434,24.025,119.194,1.0
20.2,128.181712,37.965985,7526.104531200001,51.407,24.559,120.024,1.0
20.3,128.181945,37.96593,7530.895377600001,51.372,25.093,120.852,1.0
20.4,128.182176,37.965871,7535.856912,51.332,25.626,121.677,1.0
20.5,128.182405,37.965811,7540.987305600001,51.285,26.158,122.499,1.0
20.6,128.182631,37.965749,7546.284120000001,51.232,26.689,123.319,1.0
20.7,128.182855,37.965684,7551.7458312,51.175,27.219,124.137,1.0
20.8,128.183076,37.965617,7557.3703056,51.115,27.747,124.952,1.0
20.9,128.183295,37.965549,7563.1551048,51.054,28.273,125.766,1.0
21.0,128.183512,37.965478,7569.0990096000005,50.994,28.798,126.578,1.0
21.1,128.183726,37.965406,7575.1992768,50.937,29.321,127.387,1.0
21.2,128.183938,37.965331,7581.4543824,50.883,29.843,128.194,1.0
21.3,128.184147,37.965255,7587.862497600001,50.833,30.364,128.998,1.0
21.4,128.184353,37.965178,7594.421184000001,50.786,30.885,129.8,1.0
21.5,128.184556,37.965098,7601.128308,50.743,31.406,130.598,1.0
21.6,128.184757,37.965017,7607.9820408000005,50.701,31.928,131.392,1.0
21.7,128.184956,37.964935,7614.9805536,50.66,32.451,132.182,1.0
21.8,128.185151,37.96485,7622.1211032,50.617,32.974,132.969,1.0
21.9,128.185344,37.964765,7629.4021656,50.57,33.5,133.75,1.0
22.0,128.185534,37.964678,7636.8216072,50.515,34.026,134.528,1.0
22.1,128.185722,37.96459,7644.3769896,50.449,34.551,135.305,1.0
22.2,128.185907,37.9645,7652.074104,50.368,35.072,136.076,1.0
22.3,128.186089,37.964409,7659.9178272,50.274,35.587,136.842,1.0
22.4,128.186268,37.964317,7667.9057207999995,50.173,36.101,137.607,1.0
22.5,128.186445,37.964223,7676.036565600001,50.068,36.615,138.374,1.0
22.6,128.186619,37.964129,7684.3091424,49.96,37.131,139.143,1.0
22.7,128.18679,37.964033,7692.7219272,49.851,37.65,139.915,1.0
22.8,128.186959,37.963936,7701.2733960000005,49.737,38.17,140.689,1.0
22.9,128.187125,37.963838,7709.9632440000005,49.614,38.694,141.463,1.0
23.0,128.187288,37.963739,7718.789947200001,49.475,39.221,142.238,1.0
23.1,128.187448,37.963639,7727.753505600001,49.311,39.753,143.012,1.0
23.2,128.187606,37.963538,7736.8533096,49.108,40.289,143.785,1.0
23.3,128.187761,37.963436,7746.089968800001,48.847,40.832,144.554,1.0
23.4,128.187913,37.963334,7755.4647024,48.501,41.384,145.32,1.0
23.5,128.188062,37.963231,7764.9787295999995,48.019,41.931,146.058,1.0
23.6,128.188207,37.963127,7774.6350984,47.303,42.432,146.698,1.0
23.7,128.18835,37.963023,7784.4359424,46.27,42.87,147.205,1.0
23.8,128.18849,37.962918,7794.384919200001,44.885,43.249,147.58,1.0
23.9,128.188627,37.962812,7804.482028800001,43.176,43.59,147.849,1.0
24.0,128.188761,37.962707,7814.724223200001,41.253,43.914,148.041,1.0
24.1,128.188892,37.962601,7825.106016,39.276,44.238,148.184,1.0
24.2,128.189021,37.962494,7835.6191776000005,37.418,44.574,148.296,1.0
24.3,128.189147,37.962388,7846.2551736000005,35.814,44.917,148.385,1.0
24.4,128.189271,37.962282,7857.006079200001,34.539,45.262,148.454,1.0
24.5,128.189394,37.962175,7867.866712800001,33.614,45.6,148.508,1.0
24.6,128.189514,37.962069,7878.831588000001,33.015,45.925,148.548,1.0
24.7,128.189633,37.961962,7889.897656800001,32.683,46.232,148.579,1.0
24.8,128.18975,37.961856,7901.060956800001,32.547,46.515,148.606,1.0
24.9,128.189865,37.96175,7912.319049600001,32.527,46.773,148.631,1.0
25.0,128.189978,37.961643,7923.668277600001,32.536,46.988,148.647,1.0
25.1,128.19009,37.961537,7935.1065072,32.481,47.15,148.637,1.0
25.2,128.1902,37.961431,7946.6340432,32.251,47.262,148.593,1.0
25.3,128.190308,37.961325,7958.252409600001,31.721,47.337,148.518,1.0
25.4,128.190415,37.961219,7969.9631304,30.787,47.395,148.423,1.0
25.5,128.190519,37.961114,7981.7622432,29.449,47.453,148.325,1.0
25.6,128.190622,37.961008,7993.643652000001,27.81,47.53,148.238,1.0
25.7,128.190724,37.960903,8005.599432000001,25.989,47.64,148.175,1.0
25.8,128.190825,37.960798,8017.6256207999995,24.073,47.789,148.132,1.0
25.9,128.190924,37.960694,8029.718560800001,22.109,47.975,148.099,1.0
26.0,128.191022,37.960589,8041.877337600001,20.115,48.188,148.063,1.0
26.1,128.191119,37.960485,8054.1004272,18.099,48.418,148.013,1.0
26.2,128.191215,37.960381,8066.386305600001,16.08,48.655,147.943,1.0
26.3,128.19131,37.960278,8078.731010400001,14.099,48.89,147.851,1.0
26.4,128.191404,37.960175,8091.129360000001,12.24,49.115,147.74,1.0
26.5,128.191497,37.960072,8103.5746488,10.588,49.325,147.615,1.0
26.6,128.19159,37.959969,8116.0632192,9.192,49.518,147.478,1.0
26.7,128.191682,37.959867,8128.592328000001,8.059,49.693,147.331,1.0
26.8,128.191773,37.959765,8141.1604512,7.172,49.85,147.179,1.0
26.9,128.191864,37.959664,8153.766674400001,6.496,49.992,147.024,1.0
27.0,128.191955,37.959563,8166.410388000001,5.988,50.122,146.875,1.0
27.1,128.192045,37.959462,8179.0918968000005,5.598,50.246,146.734,1.0
27.2,128.192134,37.959362,8191.811505600001,5.268,50.365,146.599,1.0
27.3,128.192223,37.959262,8204.570738400002,4.935,50.483,146.463,1.0
27.4,128.192312,37.959162,8217.370814400001,4.532,50.605,146.325,1.0
27.5,128.192399,37.959063,8230.2129528,4.001,50.733,146.186,1.0
27.6,128.192487,37.958964,8243.098068000001,3.297,50.871,146.046,1.0
27.7,128.192573,37.958866,8256.026769600001,2.387,51.018,145.902,1.0
27.8,128.192659,37.958769,8268.9990576,1.252,51.173,145.752,1.0
27.9,128.192745,37.958672,8282.0143224,-0.106,51.336,145.595,1.0
28.0,128.19283,37.958575,8295.0707352,-1.668,51.502,145.427,1.0
28.1,128.192914,37.958479,8308.1661624,-3.387,51.67,145.248,1.0
28.2,128.192999,37.958384,8321.2966416,-5.202,51.836,145.057,1.0
28.3,128.193082,37.958289,8334.4579056,-7.033,51.999,144.855,1.0
28.4,128.193166,37.958195,8347.6453824,-8.812,52.156,144.643,1.0
28.5,128.193249,37.958101,8360.854804800001,-10.476,52.308,144.42,1.0
28.6,128.193333,37.958008,8374.082820000001,-11.968,52.454,144.189,1.0
28.7,128.193416,37.957915,8387.3275992,-13.256,52.595,143.95,1.0
28.8,128.193499,37.957822,8400.5879232,-14.328,52.732,143.704,1.0
28.9,128.193582,37.95773,8413.8625728,-15.189,52.868,143.453,1.0
29.0,128.193665,37.957638,8427.151548,-15.858,53.002,143.201,1.0
29.1,128.193747,37.957547,8440.454544,-16.364,53.137,142.954,1.0
29.2,128.19383,37.957456,8453.771256,-16.743,53.271,142.714,1.0
29.3,128.193913,37.957366,8467.1022936,-17.03,53.403,142.48,1.0
29.4,128.193996,37.957276,8480.4479616,-17.266,53.531,142.249,1.0
29.5,128.194078,37.957187,8493.8079552,-17.49,53.655,142.016,1.0
29.6,128.194161,37.957098,8507.1831888,-17.74,53.775,141.776,1.0
29.7,128.194243,37.95701,8520.5733576,-18.048,53.892,141.528,1.0
29.8,128.194326,37.956922,8533.978156800002,-18.43,54.012,141.271,1.0
29.9,128.194408,37.956835,8547.3969768,-18.89,54.135,141.007,1.0
30.0,128.194491,37.956748,8560.8295128,-19.427,54.263,140.738,1.0
30.1,128.194573,37.956662,8574.2751552,-20.042,54.395,140.464,1.0
30.2,128.194655,37.956576,8587.733904,-20.738,54.53,140.185,1.0
30.3,128.194737,37.956491,8601.2051496,-21.52,54.665,139.898,1.0
30.4,128.19482,37.956406,8614.6885872,-22.389,54.8,139.605,1.0
30.5,128.194902,37.956322,8628.1836072,-23.341,54.932,139.303,1.0
30.6,128.194984,37.956239,8641.6892952,-24.363,55.062,138.991,1.0
30.7,128.195066,37.956156,8655.204432,-25.427,55.19,138.671,1.0
30.8,128.195149,37.956074,8668.728408,-26.506,55.317,138.341,1.0
30.9,128.195231,37.955992,8682.2590896,-27.569,55.443,138.001,1.0
31.0,128.195313,37.955911,8695.796172,-28.59,55.567,137.651,1.0
31.1,128.195396,37.95583,8709.3381312,-29.546,55.69,137.293,1.0
31.2,128.195478,37.95575,8722.8843576,-30.423,55.812,136.926,1.0
31.3,128.195561,37.955671,8736.433632,-31.21,55.931,136.551,1.0
31.4,128.195644,37.955592,8749.985649600001,-31.907,56.049,136.169,1.0
31.5,128.195727,37.955513,8763.539800800001,-32.519,56.166,135.782,1.0
31.6,128.19581,37.955436,8777.0960856,-33.052,56.281,135.394,1.0
31.7,128.195893,37.955358,8790.6535896,-33.519,56.396,135.006,1.0
31.8,128.195976,37.955282,8804.2126176,-33.937,56.51,134.618,1.0
31.9,128.19606,37.955206,8817.773169600001,-34.328,56.62,134.229,1.0
32.0,128.196143,37.95513,8831.334940800001,-34.712,56.727,133.837,1.0
32.1,128.196227,37.955055,8844.897931200001,-35.114,56.831,133.439,1.0
32.2,128.196311,37.954981,8858.4621408,-35.549,56.932,133.033,1.0
32.3,128.196395,37.954908,8872.026960000001,-36.029,57.032,132.62,1.0
32.4,128.196479,37.954835,8885.5923888,-36.56,57.133,132.198,1.0
32.5,128.196563,37.954762,8899.1578176,-37.151,57.235,131.767,1.0
32.6,128.196647,37.954691,8912.722941600001,-37.809,57.339,131.325,1.0
32.7,128.196732,37.95462,8926.287456,-38.543,57.443,130.871,1.0
32.8,128.196817,37.954549,8939.851056000001,-39.356,57.546,130.405,1.0
32.9,128.196901,37.95448,8953.413132,-40.247,57.648,129.926,1.0
33.0,128.196986,37.954411,8966.9730744,-41.209,57.749,129.433,1.0
33.1,128.197071,37.954342,8980.529664,-42.226,57.847,128.927,1.0
33.2,128.197157,37.954275,8994.082596,-43.281,57.943,128.405,1.0
33.3,128.197242,37.954208,9007.630346400001,-44.356,58.036,127.869,1.0
33.4,128.197328,37.954141,9021.172305600001,-45.428,58.126,127.319,1.0
33.5,128.197414,37.954076,9034.7072544,-46.477,58.214,126.754,1.0
33.6,128.1975,37.954011,9048.234583200001,-47.488,58.298,126.175,1.0
33.7,128.197586,37.953947,9061.7533776,-48.446,58.378,125.583,1.0
33.8,128.197673,37.953883,9075.262723200001,-49.348,58.456,124.978,1.0
33.9,128.19776,37.95382,9088.762315200001,-50.191,58.53,124.362,1.0
34.0,128.197847,37.953758,9102.251544,-50.979,58.6,123.734,1.0
34.1,128.197934,37.953697,9115.7301048,-51.72,58.668,123.096,1.0
34.2,128.198022,37.953636,9129.1970832,-52.425,58.733,122.448,1.0
34.3,128.198109,37.953576,9142.652784000002,-53.106,58.796,121.79,1.0
34.4,128.198197,37.953517,9156.0965976,-53.782,58.855,121.122,1.0
34.5,128.198286,37.953458,9169.528219200001,-54.471,58.913,120.442,1.0
34.6,128.198374,37.9534,9182.947344,-55.195,58.968,119.75,1.0
34.7,128.198463,37.953343,9196.353972,-55.973,59.021,119.043,1.0
34.8,128.198552,37.953287,9209.7474936,-56.827,59.071,118.319,1.0
34.9,128.198642,37.953232,9223.127908800001,-57.774,59.117,117.576,1.0
35.0,128.198731,37.953178,9236.4939984,-58.827,59.161,116.81,1.0
35.1,128.198821,37.953124,9249.8457624,-59.999,59.199,116.018,1.0
35.2,128.198911,37.953071,9263.1822864,-61.291,59.232,115.198,1.0
35.3,128.199002,37.953019,9276.502656,-62.701,59.259,114.345,1.0
35.4,128.199092,37.952968,9289.805347200001,-64.217,59.278,113.456,1.0
35.5,128.199183,37.952918,9303.0897504,-65.826,59.289,112.529,1.0
35.6,128.199275,37.952869,9316.354341600001,-67.507,59.29,111.562,1.0
35.7,128.199366,37.952821,9329.5975968,-69.238,59.28,110.554,1.0
35.8,128.199458,37.952773,9342.8186016,-70.999,59.257,109.503,1.0
35.9,128.199551,37.952727,9356.015527200001,-72.77,59.219,108.408,1.0
36.0,128.199643,37.952681,9369.1871544,-74.537,59.166,107.269,1.0
36.1,128.199737,37.952637,9382.3325688,-76.294,59.097,106.083,1.0
36.2,128.19983,37.952593,9395.4499416,-78.039,59.009,104.849,1.0
36.3,128.199924,37.952551,9408.538053600001,-79.778,58.902,103.566,1.0
36.4,128.200018,37.952509,9421.595685600001,-81.524,58.773,102.233,1.0
36.5,128.200113,37.952469,9434.6216184,-83.288,58.621,100.853,1.0
36.6,128.200209,37.952429,9447.6140232,-85.09,58.444,99.423,1.0
36.7,128.200304,37.952391,9460.5710712,-86.954,58.239,97.934,1.0
36.8,128.2004,37.952354,9473.4909336,-88.912,58.003,96.376,1.0
36.9,128.200497,37.952318,9486.3714768,-90.99,57.73,94.735,1.0
37.0,128.200594,37.952284,9499.2105672,-93.211,57.414,92.996,1.0
37.1,128.200692,37.952251,9512.004852000002,-95.598,57.046,91.14,1.0
37.2,128.20079,37.952219,9524.751588000001,-98.165,56.616,89.15,1.0
37.3,128.200889,37.952189,9537.4471176,-100.869,56.115,87.064,1.0
37.4,128.200988,37.95216,9550.088088,-103.603,55.548,84.983,1.0
37.5,128.201088,37.952133,9562.670232,-106.271,54.921,82.981,1.0
37.6,128.201189,37.952107,9575.1895872,-108.786,54.245,81.105,1.0
37.7,128.20129,37.952083,9587.6415816,-111.08,53.534,79.377,1.0
37.8,128.201391,37.952061,9600.021338400002,-113.111,52.801,77.809,1.0
37.9,128.201494,37.95204,9612.3242856,-114.864,52.058,76.396,1.0
38.0,128.201597,37.952021,9624.5458512,-116.347,51.313,75.127,1.0
38.1,128.2017,37.952003,9636.6823776,-117.587,50.574,73.987,1.0
38.2,128.201805,37.951987,9648.7299024,-118.622,49.844,72.96,1.0
38.3,128.20191,37.951973,9660.6850728,-119.501,49.125,72.029,1.0
38.4,128.202015,37.95196,9672.544536000001,-120.276,48.418,71.177,1.0
38.5,128.202121,37.951949,9684.3055488,-120.994,47.721,70.39,1.0
38.6,128.202228,37.95194,9695.965063200001,-121.699,47.033,69.655,1.0
38.7,128.202335,37.951932,9707.520640800001,-122.423,46.35,68.96,1.0
38.8,128.202443,37.951926,9718.9692336,-123.189,45.67,68.298,1.0
38.9,128.202552,37.951922,9730.308708,-124.008,44.988,67.661,1.0
39.0,128.202661,37.951919,9741.5369304,-124.879,44.302,67.046,1.0
39.1,128.20277,37.951918,9752.6511576,-125.794,43.609,66.45,1.0
39.2,128.202881,37.951918,9763.6489512,-126.741,42.906,65.87,1.0
39.3,128.202991,37.95192,9774.528482400001,-127.703,42.192,65.307,1.0
39.4,128.203103,37.951924,9785.287312800001,-128.662,41.464,64.761,1.0
39.5,128.203215,37.951929,9795.923004,-129.603,40.722,64.23,1.0
39.6,128.203327,37.951935,9806.4331176,-130.514,39.965,63.717,1.0
39.7,128.20344,37.951943,9816.81552,-131.386,39.194,63.22,1.0
39.8,128.203553,37.951952,9827.067772800001,-132.216,38.41,62.74,1.0
39.9,128.203667,37.951963,9837.187437600001,-133.002,37.611,62.277,1.0
40.0,128.203782,37.951976,9847.1717712,-133.75,36.801,61.83,1.0
40.1,128.203897,37.951989,9857.0189448,-134.465,35.979,61.399,1.0
40.2,128.204013,37.952004,9866.7259104,-135.154,35.147,60.984,1.0
40.3,128.204129,37.952021,9876.2905344,-135.827,34.305,60.583,1.0
40.4,128.204246,37.952039,9885.7106832,-136.489,33.454,60.197,1.0
40.5,128.204363,37.952058,9894.983613600001,-137.15,32.594,59.823,1.0
40.6,128.204481,37.952078,9904.106887200001,-137.814,31.726,59.463,1.0
40.7,128.204599,37.9521,9913.0786752,-138.484,30.85,59.115,1.0
40.8,128.204718,37.952123,9921.896539200001,-139.162,29.966,58.779,1.0
40.9,128.204837,37.952148,9930.5580408,-139.848,29.075,58.456,1.0
41.0,128.204956,37.952174,9939.0613512,-140.54,28.175,58.144,1.0
41.1,128.205077,37.952201,9947.4046416,-141.235,27.268,57.844,1.0
41.2,128.205197,37.952229,9955.5851688,-141.93,26.353,57.556,1.0
41.3,128.205318,37.952258,9963.601104000001,-142.622,25.431,57.28,1.0
41.4,128.20544,37.952289,9971.4509232,-143.307,24.501,57.015,1.0
41.5,128.205562,37.952321,9979.131883200002,-143.982,23.563,56.762,1.0
41.6,128.205684,37.952354,9986.642155200001,-144.645,22.618,56.52,1.0
41.7,128.205807,37.952388,9993.9802152,-145.295,21.666,56.289,1.0
41.8,128.205931,37.952423,10001.143624799999,-145.932,20.708,56.068,1.0
41.9,128.206055,37.95246,10008.1302504,-146.555,19.743,55.858,1.0
42.0,128.206179,37.952497,10014.938568000001,-147.167,18.772,55.658,1.0
42.1,128.206303,37.952536,10021.566444,-147.768,17.795,55.468,1.0
42.2,128.206428,37.952575,10028.0117448,-148.36,16.813,55.287,1.0
42.3,128.206554,37.952616,10034.2729464,-148.946,15.826,55.114,1.0
42.4,128.20668,37.952658,10040.3479152,-149.527,14.834,54.951,1.0
42.5,128.206806,37.9527,10046.234822400002,-150.105,13.837,54.795,1.0
42.6,128.206932,37.952744,10051.932144,-150.682,12.836,54.647,1.0
42.7,128.207059,37.952789,10057.4374416,-151.258,11.83,54.508,1.0
42.8,128.207187,37.952834,10062.749496,-151.835,10.821,54.375,1.0
42.9,128.207314,37.952881,10067.8664784,-152.413,9.807,54.25,1.0
43.0,128.207442,37.952928,10072.78656,-152.991,8.79,54.132,1.0
43.1,128.207571,37.952976,10077.5085216,-153.569,7.769,54.021,1.0
43.2,128.207699,37.953025,10082.0299248,-154.147,6.745,53.917,1.0
43.3,128.207828,37.953075,10086.3498552,-154.724,5.717,53.82,1.0
43.4,128.207957,37.953126,10090.4667888,-155.299,4.687,53.73,1.0
43.5,128.208087,37.953178,10094.378592000001,-155.871,3.653,53.647,1.0
43.6,128.208217,37.95323,10098.0840456,-156.441,2.617,53.57,1.0
43.7,128.208347,37.953283,10101.5816256,-157.008,1.579,53.5,1.0
43.8,128.208477,37.953337,10104.869808,-157.571,0.538,53.437,1.0
43.9,128.208608,37.953392,10107.9470688,-158.13,-0.504,53.38,1.0
44.0,128.208738,37.953447,10110.8121888,-158.687,-1.548,53.329,1.0
44.1,128.208869,37.953503,10113.463339200001,-159.24,-2.594,53.285,1.0
44.2,128.209001,37.95356,10115.898996,-159.792,-3.641,53.246,1.0
44.3,128.209132,37.953617,10118.1182448,-160.341,-4.689,53.214,1.0
44.4,128.209264,37.953675,10120.1192568,-160.89,-5.738,53.188,1.0
44.5,128.209395,37.953734,10121.9011176,-161.437,-6.787,53.167,1.0
44.6,128.209527,37.953793,10123.4619984,-161.985,-7.837,53.153,1.0
44.7,128.209659,37.953853,10124.800984800002,-162.532,-8.888,53.144,1.0
44.8,128.209792,37.953913,10125.9165528,-163.08,-9.938,53.142,1.0
44.9,128.209924,37.953973,10126.8074832,-163.629,-10.988,53.145,1.0
45.0,128.210056,37.954035,10127.472556800001,-164.178,-12.037,53.153,1.0
45.1,128.210189,37.954096,10127.910554400001,-164.727,-13.086,53.168,1.0
45.2,128.210322,37.954159,10128.1202568,-165.278,-14.135,53.189,1.0
45.3,128.210454,37.954221,10128.100749600002,-165.829,-15.182,53.215,1.0
45.4,128.210587,37.954284,10127.8505088,-166.381,-16.229,53.248,1.0
45.5,128.21072,37.954347,10127.3689248,-166.935,-17.274,53.287,1.0
45.6,128.210852,37.954411,10126.654473600001,-167.489,-18.318,53.332,1.0
45.7,128.210985,37.954475,10125.706240800002,-168.044,-19.36,53.383,1.0
45.8,128.211118,37.95454,10124.523312000001,-168.6,-20.4,53.44,1.0
45.9,128.211251,37.954604,10123.104468000001,-169.158,-21.438,53.504,1.0
46.0,128.211383,37.954669,10121.449099200001,-169.718,-22.475,53.575,1.0
46.1,128.211516,37.954734,10119.5556816,-170.279,-23.509,53.653,1.0
46.2,128.211648,37.9548,10117.4239104,-170.842,-24.54,53.737,1.0
46.3,128.211781,37.954865,10115.052566400002,-171.408,-25.569,53.829,1.0
46.4,128.211913,37.954931,10112.4407352,-171.977,-26.596,53.928,1.0
46.5,128.212045,37.954997,10109.587502400002,-172.55,-27.619,54.034,1.0
46.6,128.212177,37.955063,10106.4925632,-173.127,-28.639,54.148,1.0
46.7,128.212309,37.955129,10103.1546984,-173.708,-29.657,54.27,1.0
46.8,128.212441,37.955196,10099.5729936,-174.294,-30.671,54.4,1.0
46.9,128.212572,37.955262,10095.7474488,-174.886,-31.681,54.539,1.0
47.0,128.212704,37.955328,10091.676540000002,-175.484,-32.689,54.687,1.0
47.1,128.212835,37.955395,10087.360267200002,-176.089,-33.692,54.845,1.0
47.2,128.212965,37.955461,10082.7980208,-176.701,-34.692,55.011,1.0
47.3,128.213096,37.955527,10077.9885816,-177.32,-35.688,55.189,1.0
47.4,128.213226,37.955593,10072.9322544,-177.948,-36.68,55.376,1.0
47.5,128.213356,37.95566,10067.6281248,-178.584,-37.667,55.575,1.0
47.6,128.213485,37.955726,10062.075888,-179.23,-38.651,55.786,1.0
47.7,128.213614,37.955791,10056.2749344,-179.885,-39.63,56.008,1.0
47.8,128.213743,37.955857,10050.225264,179.448,-40.605,56.244,1.0
47.9,128.213871,37.955922,10043.9259624,178.771,-41.575,56.493,1.0
48.0,128.213999,37.955988,10037.377639200002,178.082,-42.54,56.757,1.0
48.1,128.214127,37.956053,10030.57938,177.38,-43.5,57.035,1.0
48.2,128.214254,37.956117,10023.531184800002,176.664,-44.456,57.328,1.0
48.3,128.21438,37.956181,10016.2330536,175.933,-45.406,57.638,1.0
48.4,128.214507,37.956245,10008.6849864,175.186,-46.351,57.965,1.0
48.5,128.214632,37.956309,10000.8866784,174.423,-47.29,58.31,1.0
48.6,128.214757,37.956372,9992.8384344,173.643,-48.224,58.673,1.0
48.7,128.214881,37.956435,9984.5402544,172.844,-49.152,59.057,1.0
48.8,128.215005,37.956497,9975.9921384,172.025,-50.074,59.463,1.0
48.9,128.215128,37.956559,9967.1943912,171.186,-50.99,59.891,1.0
49.0,128.215251,37.95662,9958.1473176,170.324,-51.899,60.344,1.0
49.1,128.215373,37.956681,9948.8512224,169.439,-52.802,60.823,1.0
49.2,128.215494,37.956741,9939.3067152,168.528,-53.698,61.329,1.0
49.3,128.215614,37.9568,9929.513796000001,167.59,-54.587,61.866,1.0
49.4,128.215734,37.956859,9919.4733792,166.622,-55.469,62.433,1.0
49.5,128.215853,37.956917,9909.1854648,165.622,-56.343,63.035,1.0
49.6,128.215971,37.956974,9898.651272000001,164.588,-57.209,63.672,1.0
49.7,128.216089,37.957031,9887.871410400001,163.517,-58.067,64.349,1.0
49.8,128.216206,37.957087,9876.8464896,162.405,-58.916,65.067,1.0
49.9,128.216321,37.957142,9865.5777288,161.25,-59.756,65.83,1.0
50.0,128.216436,37.957196,9854.0654328,160.048,-60.586,66.64,1.0
50.1,128.21655,37.957249,9842.3111256,158.796,-61.405,67.502,1.0
50.2,128.216663,37.957301,9830.3157216,157.489,-62.214,68.419,1.0
50.3,128.216776,37.957352,9818.08044,156.123,-63.011,69.396,1.0
50.4,128.216887,37.957403,9805.6068048,154.694,-63.795,70.436,1.0
50.5,128.216997,37.957452,9792.8954256,153.198,-64.567,71.545,1.0
50.6,128.217106,37.9575,9779.948436,151.627,-65.324,72.728,1.0
50.7,128.217215,37.957547,9766.76736,149.978,-66.065,73.991,1.0
50.8,128.217322,37.957593,9753.353112,148.245,-66.79,75.338,1.0
50.9,128.217428,37.957638,9739.7081304,146.42,-67.497,76.776,1.0
51.0,128.217533,37.957682,9725.8336344,144.499,-68.184,78.312,1.0
51.1,128.217637,37.957724,9711.7320624,142.474,-68.851,79.951,1.0
51.2,128.217739,37.957765,9697.4049384,140.34,-69.494,81.7,1.0
51.3,128.217841,37.957805,9682.8547008,138.089,-70.113,83.566,1.0
51.4,128.217941,37.957843,9668.0831784,135.716,-70.705,85.554,1.0
51.5,128.218041,37.95788,9653.0928096,133.216,-71.267,87.669,1.0
51.6,128.218139,37.957916,9637.886032800001,130.583,-71.798,89.916,1.0
51.7,128.218235,37.95795,9622.4652864,127.816,-72.294,92.299,1.0
51.8,128.218331,37.957982,9606.8330088,124.911,-72.754,94.818,1.0
51.9,128.218425,37.958013,9590.992248,121.866,-73.174,97.477,1.0
52.0,128.218518,37.958043,9574.945442400001,118.681,-73.553,100.277,1.0
52.1,128.218609,37.95807,9558.69564,115.359,-73.887,103.214,1.0
52.2,128.2187,37.958096,9542.2458888,111.908,-74.173,106.279,1.0
52.3,128.218788,37.958121,9525.598932,108.341,-74.408,109.46,1.0
52.4,128.218876,37.958143,9508.758732,104.677,-74.589,112.738,1.0
52.5,128.218962,37.958164,9491.728032,100.937,-74.714,116.09,1.0
52.6,128.219047,37.958183,9474.510794400001,97.147,-74.781,119.493,1.0
52.7,128.21913,37.958201,9457.1106768,93.335,-74.789,122.917,1.0
52.8,128.219211,37.958216,9439.531032,89.53,-74.737,126.335,1.0
52.9,128.219292,37.958229,9421.7761272,85.758,-74.627,129.717,1.0
53.0,128.21937,37.958241,9403.8502296,82.048,-74.457,133.037,1.0
53.1,128.219448,37.95825,9385.7569968,78.421,-74.232,136.271,1.0
53.2,128.219523,37.958257,9367.5010008,74.899,-73.952,139.4,1.0
53.3,128.219597,37.958262,9349.0868136,71.498,-73.621,142.407,1.0
53.4,128.21967,37.958265,9330.5190072,68.228,-73.241,145.28,1.0
53.5,128.219741,37.958266,9311.8024584,65.098,-72.815,148.011,1.0
53.6,128.21981,37.958265,9292.942044,62.112,-72.347,150.596,1.0
53.7,128.219878,37.958261,9273.942336,59.27,-71.839,153.033,1.0
53.8,128.219944,37.958255,9254.8094304,56.57,-71.295,155.326,1.0
53.9,128.220009,37.958247,9235.5478992,54.009,-70.716,157.477,1.0
54.0,128.220072,37.958236,9216.163838400002,51.582,-70.106,159.491,1.0
54.1,128.220133,37.958223,9196.6627344,49.283,-69.467,161.373,1.0
54.2,128.220193,37.958208,9177.050378400001,47.106,-68.802,163.129,1.0
54.3,128.220251,37.95819,9157.3331712,45.044,-68.113,164.765,1.0
54.4,128.220307,37.958169,9137.5178184,43.09,-67.4,166.289,1.0
54.5,128.220361,37.958146,9117.618036,41.232,-66.665,167.714,1.0
54.6,128.220414,37.958121,9097.6530264,39.458,-65.906,169.049,1.0
54.7,128.220465,37.958093,9077.6285808,37.772,-65.127,170.291,1.0
54.8,128.220515,37.958062,9057.5520144,36.172,-64.333,171.443,1.0
54.9,128.220562,37.958029,9037.429728000001,34.652,-63.527,172.508,1.0
55.0,128.220608,37.957993,9017.268732,33.207,-62.711,173.492,1.0
55.1,128.220653,37.957954,8997.076036800001,31.831,-61.884,174.4,1.0
55.2,128.220695,37.957913,8976.858348,30.518,-61.049,175.239,1.0
55.3,128.220736,37.957869,8956.6229808,29.262,-60.206,176.013,1.0
55.4,128.220775,37.957822,8936.3772504,28.058,-59.356,176.727,1.0
55.5,128.220813,37.957772,8916.1278624,26.9,-58.498,177.387,1.0
55.6,128.220849,37.95772,8895.8824368,25.786,-57.632,177.995,1.0
55.7,128.220883,37.957665,8875.6482888,24.711,-56.76,178.555,1.0
55.8,128.220915,37.957607,8855.4327336,23.672,-55.882,179.071,1.0
55.9,128.220946,37.957547,8835.243696000001,22.664,-54.996,179.545,1.0
56.0,128.220976,37.957483,8815.0878816,21.687,-54.105,179.979,1.0
56.1,128.221004,37.957417,8794.973824800001,20.736,-53.208,180.376,1.0
56.2,128.22103,37.957348,8774.908536,19.809,-52.306,180.737,1.0
56.3,128.221055,37.957276,8754.89994,18.904,-51.398,181.065,1.0
56.4,128.221078,37.957201,8734.9556568,18.018,-50.486,181.36,1.0
56.5,128.2211,37.957123,8715.083916,17.151,-49.568,181.625,1.0
56.6,128.221121,37.957043,8695.2920328,16.299,-48.646,181.861,1.0
56.7,128.22114,37.956959,8675.5882368,15.461,-47.72,182.069,1.0
56.8,128.221158,37.956873,8655.9798432,14.636,-46.79,182.249,1.0
56.9,128.221175,37.956784,8636.475386400001,13.823,-45.857,182.404,1.0
57.0,128.22119,37.956692,8617.0827912,13.019,-44.919,182.534,1.0
57.1,128.221204,37.956597,8597.8093728,12.224,-43.979,182.639,1.0
57.2,128.221217,37.956499,8578.663360800001,11.436,-43.036,182.721,1.0
57.3,128.221229,37.956399,8559.652984800001,10.654,-42.089,182.781,1.0
57.4,128.221239,37.956295,8540.78556,9.876,-41.14,182.818,1.0
57.5,128.221249,37.956189,8522.069011200001,9.101,-40.189,182.833,1.0
57.6,128.221258,37.95608,8503.511568,8.327,-39.235,182.826,1.0
57.7,128.221265,37.955968,8485.1208504,7.553,-38.28,182.799,1.0
57.8,128.221272,37.955853,8466.904478400002,6.778,-37.322,182.751,1.0
57.9,128.221278,37.955736,8448.870072,6.002,-36.363,182.683,1.0
58.0,128.221284,37.955616,8431.0252512,5.223,-35.403,182.595,1.0
58.1,128.221288,37.955493,8413.377636000001,4.44,-34.442,182.488,1.0
58.2,128.221293,37.955367,8395.9342368,3.654,-33.479,182.362,1.0
58.3,128.221296,37.955239,8378.7023688,2.864,-32.517,182.217,1.0
58.4,128.221299,37.955108,8361.689347200001,2.071,-31.554,182.054,1.0
58.5,128.221302,37.954975,8344.902182400001,1.272,-30.59,181.871,1.0
58.6,128.221304,37.954839,8328.3478848,0.467,-29.627,181.67,1.0
58.7,128.221306,37.9547,8312.0334648,-0.344,-28.665,181.45,1.0
58.8,128.221308,37.954559,8295.9650184,-1.164,-27.703,181.212,1.0
58.9,128.22131,37.954416,8280.1492512,-1.992,-26.742,180.954,1.0
59.0,128.221312,37.95427,8264.5928688,-2.831,-25.783,180.678,1.0
59.1,128.221314,37.954121,8249.3013576,-3.68,-24.825,180.383,1.0
59.2,128.221316,37.953971,8234.2805088,-4.538,-23.869,180.069,1.0
59.3,128.221318,37.953818,8219.536418400001,-5.405,-22.915,179.735,1.0
59.4,128.221321,37.953663,8205.0739632,-6.28,-21.964,179.383,1.0
59.5,128.221324,37.953505,8190.898324800001,-7.161,-21.017,179.011,1.0
59.6,128.221328,37.953346,8177.01438,-8.05,-20.072,178.621,1.0
59.7,128.221332,37.953184,8163.426396000001,-8.943,-19.132,178.211,1.0
59.8,128.221337,37.953021,8150.1389448,-9.842,-18.196,177.782,1.0
59.9,128.221343,37.952855,8137.155684000001,-10.744,-17.265,177.335,1.0
60.0,128.221349,37.952688,8124.480576,-11.65,-16.339,176.868,1.0
60.1,128.221357,37.952519,8112.1166688,-12.56,-15.419,176.383,1.0
60.2,128.221366,37.952348,8100.067315200001,-13.472,-14.505,175.88,1.0
60.3,128.221376,37.952176,8088.3349536000005,-14.389,-13.597,175.358,1.0
60.4,128.221387,37.952002,8076.922632000001,-15.309,-12.697,174.818,1.0
60.5,128.2214,37.951826,8065.831874400001,-16.232,-11.804,174.261,1.0
60.6,128.221414,37.951649,8055.064509600001,-17.158,-10.919,173.685,1.0
60.7,128.221429,37.951471,8044.6220616,-18.085,-10.043,173.092,1.0
60.8,128.221447,37.951291,8034.506054400001,-19.014,-9.175,172.482,1.0
60.9,128.221466,37.95111,8024.716488000001,-19.943,-8.316,171.855,1.0
61.0,128.221486,37.950928,8015.2545816,-20.873,-7.467,171.211,1.0
61.1,128.221509,37.950745,8006.1200304,-21.803,-6.627,170.55,1.0
61.2,128.221534,37.950561,7997.3131392,-22.731,-5.798,169.874,1.0
61.3,128.22156,37.950376,7988.8329936,-23.657,-4.979,169.181,1.0
61.4,128.221589,37.950191,7980.678679200001,-24.58,-4.171,168.473,1.0
61.5,128.22162,37.950004,7972.849586400001,-25.499,-3.375,167.75,1.0
61.6,128.221653,37.949817,7965.344191200001,-26.413,-2.59,167.012,1.0
61.7,128.221689,37.94963,7958.1609696000005,-27.322,-1.816,166.26,1.0
61.8,128.221727,37.949442,7951.297788000001,-28.225,-1.054,165.494,1.0
61.9,128.221767,37.949254,7944.7528176000005,-29.122,-0.305,164.715,1.0
62.0,128.22181,37.949065,7938.523620000001,-30.013,0.432,163.922,1.0
62.1,128.221856,37.948877,7932.607452000001,-30.9,1.157,163.117,1.0
62.2,128.221904,37.948688,7927.00218,-31.781,1.87,162.299,1.0
62.3,128.221955,37.9485,7921.7041464,-32.657,2.57,161.469,1.0
62.4,128.222008,37.948311,7916.710608,-33.528,3.257,160.628,1.0
62.5,128.222064,37.948123,7912.0179072,-34.394,3.932,159.775,1.0
62.6,128.222123,37.947935,7907.6226912,-35.255,4.594,158.912,1.0
62.7,128.222185,37.947747,7903.5213023999995,-36.112,5.243,158.037,1.0
62.8,128.22225,37.94756,7899.709778400001,-36.964,5.879,157.152,1.0
62.9,128.222318,37.947373,7896.1844616,-37.812,6.502,156.257,1.0
63.0,128.222388,37.947187,7892.9404752,-38.655,7.113,155.352,1.0
63.1,128.222462,37.947002,7889.9741616,-39.494,7.71,154.437,1.0
63.2,128.222538,37.946817,7887.2809488,-40.33,8.294,153.513,1.0
63.3,128.222617,37.946633,7884.8565696000005,-41.162,8.865,152.579,1.0
63.4,128.2227,37.946451,7882.6958424,-41.992,9.423,151.637,1.0
63.5,128.222785,37.946269,7880.794804800001,-42.818,9.968,150.685,1.0
63.6,128.222873,37.946088,7879.1482752,-43.641,10.499,149.725,1.0
63.7,128.222964,37.945909,7877.7513768,-44.461,11.017,148.756,1.0
63.8,128.223058,37.94573,7876.5992328,-45.281,11.521,147.778,1.0
63.9,128.223155,37.945554,7875.6866616,-46.103,12.01,146.789,1.0
64.0,128.223256,37.945378,7875.008481600001,-46.928,12.484,145.791,1.0
64.1,128.223359,37.945204,7874.559511200001,-47.757,12.943,144.784,1.0
64.2,128.223465,37.945032,7874.334264,-48.591,13.386,143.767,1.0
64.3,128.223574,37.944861,7874.326644,-49.431,13.814,142.742,1.0
64.4,128.223686,37.944692,7874.5317744,-50.275,14.227,141.707,1.0
64.5,128.2238,37.944524,7874.9432544,-51.124,14.624,140.664,1.0
64.6,128.223918,37.944359,7875.5555976000005,-51.976,15.005,139.612,1.0
64.7,128.224038,37.944195,7876.3630128,-52.831,15.369,138.552,1.0
64.8,128.224162,37.944033,7877.359708800001,-53.688,15.717,137.484,1.0
64.9,128.224288,37.943873,7878.5392848,-54.548,16.049,136.408,1.0
65.0,128.224417,37.943716,7879.895949600001,-55.41,16.364,135.325,1.0
65.1,128.224549,37.94356,7881.4242168,-56.275,16.663,134.235,1.0
65.2,128.224683,37.943406,7883.1173808,-57.143,16.944,133.138,1.0
65.3,128.22482,37.943255,7884.9699552,-58.013,17.209,132.035,1.0
65.4,128.22496,37.943106,7886.975844,-58.887,17.456,130.925,1.0
65.5,128.225102,37.94296,7889.128341600001,-59.763,17.687,129.81,1.0
65.6,128.225247,37.942815,7891.4219616,-60.642,17.9,128.688,1.0
65.7,128.225395,37.942673,7893.8512176,-61.523,18.095,127.562,1.0
65.8,128.225545,37.942534,7896.4151952,-62.405,18.27,126.437,1.0
65.9,128.225698,37.942397,7899.109322400001,-63.293,18.426,125.309,1.0
66.0,128.225854,37.942262,7901.927808,-64.189,18.565,124.176,1.0
66.1,128.226012,37.94213,7904.864556,-65.094,18.688,123.035,1.0
66.2,128.226172,37.942,7907.913165600001,-66.008,18.794,121.886,1.0
66.3,128.226336,37.941873,7911.0678456000005,-66.926,18.885,120.729,1.0
66.4,128.226501,37.941748,7914.3218904000005,-67.847,18.959,119.565,1.0
66.5,128.22667,37.941626,7917.669508800001,-68.767,19.016,118.395,1.0
66.6,128.22684,37.941507,7921.1043,-69.684,19.055,117.22,1.0
66.7,128.227013,37.94139,7924.6204728,-70.596,19.076,116.041,1.0
66.8,128.227188,37.941276,7928.2119312,-71.502,19.08,114.859,1.0
66.9,128.227366,37.941166,7931.8725792000005,-72.402,19.066,113.674,1.0
67.0,128.227545,37.941057,7935.5966256,-73.296,19.034,112.489,1.0
67.1,128.227727,37.940952,7939.3776696,-74.185,18.985,111.302,1.0
67.2,128.227911,37.94085,7943.2105296,-75.069,18.918,110.115,1.0
67.3,128.228097,37.94075,7947.088804800001,-75.949,18.834,108.927,1.0
67.4,128.228285,37.940654,7951.006704,-76.823,18.732,107.74,1.0
67.5,128.228475,37.940561,7954.9581312,-77.693,18.613,106.554,1.0
67.6,128.228667,37.94047,7958.9376,-78.557,18.477,105.369,1.0
67.7,128.22886,37.940383,7962.939014400001,-79.415,18.323,104.186,1.0
67.8,128.229055,37.940299,7966.956888000001,-80.266,18.153,103.005,1.0
67.9,128.229253,37.940218,7970.984820000001,-81.11,17.965,101.826,1.0
68.0,128.229451,37.94014,7975.017933600001,-81.946,17.761,100.649,1.0
68.1,128.229651,37.940065,7979.0495232,-82.773,17.541,99.475,1.0
68.2,128.229853,37.939993,7983.074712,-83.592,17.304,98.305,1.0
68.3,128.230057,37.939925,7987.087404,-84.403,17.051,97.138,1.0
68.4,128.230261,37.93986,7991.082417600001,-85.204,16.782,95.975,1.0
68.5,128.230467,37.939798,7995.0539616,-85.996,16.497,94.815,1.0
68.6,128.230674,37.939739,7998.996244800001,-86.779,16.196,93.66,1.0
68.7,128.230883,37.939683,8002.9043904,-87.553,15.88,92.509,1.0
68.8,128.231093,37.939631,8006.7726072,-88.317,15.549,91.363,1.0
68.9,128.231303,37.939582,8010.595713600001,-89.071,15.203,90.221,1.0
69.0,128.231515,37.939536,8014.3682232,-89.815,14.842,89.084,1.0
69.1,128.231728,37.939494,8018.0849544,-90.548,14.467,87.952,1.0
69.2,128.231941,37.939455,8021.7407256,-91.271,14.078,86.825,1.0
69.3,128.232155,37.939419,8025.330355200001,-91.983,13.674,85.703,1.0
69.4,128.23237,37.939386,8028.8486616,-92.685,13.257,84.586,1.0
69.5,128.232586,37.939357,8032.290768000001,-93.375,12.826,83.475,1.0
69.6,128.232802,37.939331,8035.651797600001,-94.054,12.382,82.369,1.0
69.7,128.233019,37.939309,8038.926264000001,-94.722,11.925,81.269,1.0
69.8,128.233237,37.939289,8042.1099,-95.378,11.455,80.173,1.0
69.9,128.233454,37.939273,8045.1972192,-96.023,10.973,79.084,1.0
70.0,128.233672,37.939261,8048.1842592,-96.656,10.479,77.999,1.0
70.1,128.233891,37.939251,8051.065838400001,-97.276,9.972,76.92,1.0
70.2,128.234109,37.939245,8053.8373848,-97.885,9.454,75.846,1.0
70.3,128.234328,37.939242,8056.4946312,-98.481,8.925,74.778,1.0
70.4,128.234546,37.939243,8059.0327008,-99.065,8.384,73.714,1.0
70.5,128.234765,37.939246,8061.4470216,-99.636,7.833,72.656,1.0
70.6,128.234984,37.939253,8063.7339360000005,-100.196,7.271,71.603,1.0
70.7,128.235202,37.939263,8065.888567200001,-100.745,6.699,70.554,1.0
70.8,128.23542,37.939277,8067.9069528,-101.281,6.117,69.511,1.0
70.9,128.235638,37.939293,8069.7848256,-101.806,5.525,68.472,1.0
71.0,128.235855,37.939313,8071.518223200001,-102.319,4.924,67.437,1.0
71.1,128.236072,37.939336,8073.102878400001,-102.82,4.314,66.406,1.0
71.2,128.236289,37.939362,8074.5348288000005,-103.31,3.694,65.38,1.0
71.3,128.236504,37.939391,8075.8104168,-103.788,3.066,64.358,1.0
71.4,128.23672,37.939424,8076.92568,-104.254,2.429,63.339,1.0
71.5,128.236934,37.939459,8077.876960800001,-104.707,1.784,62.325,1.0
71.6,128.237148,37.939498,8078.660296800001,-105.149,1.131,61.313,1.0
71.7,128.23736,37.939539,8079.2723352,-105.578,0.47,60.305,1.0
71.8,128.237572,37.939584,8079.709723200001,-105.995,-0.197,59.299,1.0
71.9,128.237783,37.939631,8079.9684984,-106.4,-0.872,58.297,1.0
72.0,128.237993,37.939682,8080.0459176,-106.793,-1.554,57.297,1.0
72.1,128.238201,37.939735,8079.938628000001,-107.174,-2.242,56.3,1.0
72.2,128.238408,37.939792,8079.642972000001,-107.543,-2.936,55.306,1.0
72.3,128.238614,37.939851,8079.155901600001,-107.901,-3.636,54.313,1.0
72.4,128.238819,37.939913,8078.474673600001,-108.246,-4.342,53.323,1.0
72.5,128.239022,37.939978,8077.5959352,-108.579,-5.053,52.334,1.0
72.6,128.239224,37.940046,8076.5169432,-108.9,-5.769,51.346,1.0
72.7,128.239424,37.940116,8075.2346496,-109.21,-6.491,50.359,1.0
72.8,128.239622,37.940189,8073.7463112000005,-109.507,-7.217,49.373,1.0
72.9,128.239819,37.940265,8072.0491848,-109.792,-7.948,48.387,1.0
73.0,128.240014,37.940344,8070.140832,-110.066,-8.683,47.401,1.0
73.1,128.240207,37.940425,8068.0185096000005,-110.327,-9.422,46.414,1.0
73.2,128.240398,37.940508,8065.679474400001,-110.576,-10.166,45.427,1.0
73.3,128.240588,37.940594,8063.121897600001,-110.813,-10.912,44.439,1.0
73.4,128.240775,37.940683,8060.343036,-111.037,-11.663,43.449,1.0
73.5,128.24096,37.940774,8057.3407560000005,-111.249,-12.416,42.457,1.0
73.6,128.241143,37.940867,8054.112619200001,-111.448,-13.173,41.464,1.0
73.7,128.241323,37.940963,8050.657101600001,-111.635,-13.932,40.467,1.0
73.8,128.241501,37.941061,8046.971460000001,-111.809,-14.694,39.468,1.0
73.9,128.241677,37.941162,8043.054170400001,-111.971,-15.458,38.466,1.0
74.0,128.241851,37.941264,8038.903404000001,-112.119,-16.223,37.46,1.0
74.1,128.242021,37.941369,8034.517332,-112.253,-16.991,36.451,1.0
74.2,128.24219,37.941476,8029.8938208,-112.374,-17.76,35.436,1.0
74.3,128.242355,37.941585,8025.031956000001,-112.482,-18.531,34.417,1.0
74.4,128.242518,37.941696,8019.929604,-112.575,-19.302,33.393,1.0
74.5,128.242679,37.941808,8014.585545600001,-112.655,-20.074,32.363,1.0
74.6,128.242836,37.941923,8008.9985616,-112.721,-20.847,31.327,1.0
74.7,128.24299,37.94204,8003.1668232,-112.772,-21.619,30.285,1.0
74.8,128.243142,37.942158,7997.0897208,-112.808,-22.392,29.235,1.0
74.9,128.243291,37.942278,7990.7660352,-112.83,-23.164,28.178,1.0
75.0,128.243436,37.9424,7984.194242400001,-112.837,-23.936,27.113,1.0
75.1,128.243578,37.942524,7977.3740376000005,-112.827,-24.706,26.04,1.0
75.2,128.243718,37.942649,7970.304201600001,-112.803,-25.476,24.958,1.0
75.3,128.243854,37.942775,7962.983820000001,-112.762,-26.244,23.866,1.0
75.4,128.243986,37.942903,7955.412892800001,-112.705,-27.01,22.764,1.0
75.5,128.244115,37.943033,7947.589896,-112.631,-27.774,21.651,1.0
75.6,128.244241,37.943163,7939.5151344,-112.539,-28.535,20.528,1.0
75.7,128.244364,37.943295,7931.1879984,-112.431,-29.294,19.393,1.0
75.8,128.244483,37.943428,7922.607878400001,-112.304,-30.049,18.245,1.0
75.9,128.244598,37.943563,7913.775079200001,-112.158,-30.801,17.085,1.0
76.0,128.24471,37.943698,7904.688991200001,-111.994,-31.549,15.911,1.0
76.1,128.244818,37.943834,7895.349919200001,-111.81,-32.293,14.722,1.0
76.2,128.244922,37.943971,7885.7578632,-111.607,-33.033,13.519,1.0
76.3,128.245023,37.944109,7875.913432800001,-111.383,-33.767,12.301,1.0
76.4,128.24512,37.944248,7865.816323200001,-111.139,-34.496,11.067,1.0
76.5,128.245213,37.944388,7855.467144,-110.873,-35.219,9.815,1.0
76.6,128.245302,37.944528,7844.8668096,-110.586,-35.936,8.546,1.0
76.7,128.245387,37.944669,7834.01532,-110.278,-36.647,7.259,1.0
76.8,128.245468,37.94481,7822.913894400001,-109.946,-37.35,5.953,1.0
76.9,128.245545,37.944951,7811.5655808,-109.591,-38.046,4.627,1.0
77.0,128.245618,37.945093,7799.982876,-109.206,-38.736,3.272,1.0
77.1,128.245687,37.945235,7788.1682184,-108.789,-39.419,1.894,1.0
77.2,128.245752,37.945377,7776.123132000001,-108.343,-40.091,0.496,1.0
77.3,128.245813,37.945518,7763.8491408,-107.869,-40.753,359.08,1.0
77.4,128.245869,37.94566,7751.348073600001,-107.368,-41.404,357.645,1.0
77.5,128.245922,37.945801,7738.622064,-106.842,-42.042,356.191,1.0
77.6,128.24597,37.945942,7725.6732456,-106.292,-42.668,354.716,1.0
77.7,128.246013,37.946083,7712.5037520000005,-105.717,-43.282,353.219,1.0
77.8,128.246053,37.946223,7699.116326400001,-105.119,-43.882,351.7,1.0
77.9,128.246088,37.946363,7685.5131024,-104.496,-44.469,350.156,1.0
78.0,128.246119,37.946502,7671.6965184,-103.848,-45.042,348.589,1.0
78.1,128.246145,37.94664,7657.6699272000005,-103.175,-45.601,346.996,1.0
78.2,128.246168,37.946777,7643.4354624,-102.474,-46.145,345.377,1.0
78.3,128.246186,37.946914,7628.996172,-101.745,-46.674,343.732,1.0
78.4,128.246199,37.947049,7614.3557136,-100.987,-47.187,342.06,1.0
78.5,128.246209,37.947184,7599.5162208,-100.2,-47.683,340.361,1.0
78.6,128.246214,37.947317,7584.481656000001,-99.384,-48.162,338.635,1.0
78.7,128.246214,37.94745,7569.2553720000005,-98.539,-48.623,336.882,1.0
78.8,128.246211,37.947581,7553.8404168,-97.666,-49.065,335.103,1.0
78.9,128.246203,37.94771,7538.240448,-96.764,-49.487,333.296,1.0
79.0,128.24619,37.947838,7522.459428,-95.835,-49.89,331.463,1.0
79.1,128.246174,37.947965,7506.501014400001,-94.881,-50.272,329.604,1.0
79.2,128.246153,37.94809,7490.3691696000005,-93.9,-50.632,327.719,1.0
79.3,128.246128,37.948213,7474.067551200001,-92.895,-50.971,325.81,1.0
79.4,128.246099,37.948334,7457.601036,-91.865,-51.286,323.877,1.0
79.5,128.246065,37.948454,7440.972976800001,-90.812,-51.578,321.922,1.0
79.6,128.246028,37.948571,7424.1882504000005,-89.736,-51.847,319.946,1.0
79.7,128.245986,37.948687,7407.251124,-88.638,-52.09,317.949,1.0
79.8,128.24594,37.9488,7390.166474400001,-87.521,-52.309,315.934,1.0
79.9,128.24589,37.948912,7372.9385688,-86.386,-52.502,313.902,1.0
80.0,128.245836,37.949021,7355.5725888,-85.236,-52.669,311.856,1.0
80.1,128.245778,37.949127,7338.073106400001,-84.074,-52.81,309.796,1.0
80.2,128.245716,37.949232,7320.4449984,-82.901,-52.926,307.725,1.0
80.3,128.24565,37.949333,7302.6937512,-81.722,-53.015,305.645,1.0
80.4,128.24558,37.949433,7284.8242416,-80.538,-53.078,303.558,1.0
80.5,128.245506,37.949529,7266.841956000001,-79.352,-53.116,301.465,1.0
80.6,128.245428,37.949623,7248.7517712,-78.166,-53.127,299.37,1.0
80.7,128.245347,37.949714,7230.5594784,-76.98,-53.112,297.274,1.0
80.8,128.245262,37.949802,7212.2702592000005,-75.796,-53.07,295.18,1.0
80.9,128.245173,37.949887,7193.8899048,-74.615,-53.002,293.09,1.0
81.0,128.24508,37.949969,7175.424206400001,-73.44,-52.908,291.007,1.0
81.1,128.244985,37.950048,7156.8783456,-72.273,-52.788,288.932,1.0
81.2,128.244885,37.950124,7138.258418400001,-71.114,-52.642,286.867,1.0
81.3,128.244783,37.950196,7119.5705208,-69.968,-52.471,284.815,1.0
81.4,128.244677,37.950266,7100.8201392,-68.836,-52.274,282.778,1.0
81.5,128.244567,37.950332,7082.013979200001,-67.72,-52.053,280.758,1.0
81.6,128.244455,37.950394,7063.1575272,-66.622,-51.807,278.755,1.0
81.7,128.244339,37.950453,7044.2574888,-65.543,-51.537,276.772,1.0
81.8,128.244221,37.950509,7025.319655200001,-64.486,-51.244,274.81,1.0
81.9,128.244099,37.950561,7006.3504272,-63.451,-50.927,272.87,1.0
82.0,128.243975,37.950609,6987.356510400001,-62.438,-50.589,270.954,1.0
82.1,128.243848,37.950653,6968.344000800001,-61.449,-50.228,269.062,1.0
82.2,128.243718,37.950694,6949.319604,-60.484,-49.846,267.195,1.0
82.3,128.243586,37.950731,6930.289416,-59.544,-49.443,265.355,1.0
82.4,128.243451,37.950764,6911.260447200001,-58.628,-49.02,263.541,1.0
82.5,128.243314,37.950794,6892.2390984,-57.739,-48.578,261.754,1.0
82.6,128.243175,37.950819,6873.2323799999995,-56.878,-48.117,259.994,1.0
82.7,128.243033,37.95084,6854.2463880000005,-56.044,-47.637,258.262,1.0
82.8,128.242889,37.950857,6835.288742400001,-55.239,-47.141,256.557,1.0
82.9,128.242744,37.950871,6816.3652344,-54.462,-46.628,254.878,1.0
83.0,128.242596,37.95088,6797.483484000001,-53.714,-46.098,253.227,1.0
83.1,128.242447,37.950885,6778.649892,-52.994,-45.554,251.603,1.0
83.2,128.242296,37.950886,6759.871468800001,-52.302,-44.995,250.004,1.0
83.3,128.242143,37.950883,6741.154920000001,-51.639,-44.422,248.431,1.0
83.4,128.241989,37.950875,6722.506951200001,-51.003,-43.836,246.884,1.0
83.5,128.241833,37.950863,6703.934572800001,-50.396,-43.237,245.361,1.0
83.6,128.241677,37.950847,6685.4444904,-49.815,-42.626,243.862,1.0
83.7,128.241519,37.950827,6667.043714400001,-49.261,-42.004,242.387,1.0
83.8,128.24136,37.950803,6648.7383408000005,-48.731,-41.371,240.934,1.0
83.9,128.2412,37.950774,6630.53538,-48.226,-40.728,239.504,1.0
84.0,128.24104,37.950741,6612.4418424000005,-47.745,-40.075,238.095,1.0
84.1,128.240879,37.950704,6594.4641288,-47.289,-39.413,236.707,1.0
84.2,128.240717,37.950662,6576.6089448,-46.858,-38.742,235.339,1.0
84.3,128.240555,37.950616,6558.8826912,-46.453,-38.063,233.991,1.0
84.4,128.240393,37.950566,6541.291768800001,-46.071,-37.377,232.66,1.0
84.5,128.24023,37.950512,6523.843188000001,-45.714,-36.684,231.348,1.0
84.6,128.240067,37.950453,6506.54274,-45.381,-35.983,230.053,1.0
84.7,128.239905,37.95039,6489.3968256,-45.07,-35.277,228.773,1.0
84.8,128.239743,37.950323,6472.411845600001,-44.783,-34.565,227.51,1.0
84.9,128.239581,37.950251,6455.5935912,-44.517,-33.848,226.261,1.0
85.0,128.239419,37.950176,6438.9478536,-44.272,-33.127,225.026,1.0
85.1,128.239258,37.950096,6422.481338400001,-44.051,-32.401,223.804,1.0
85.2,128.239098,37.950012,6406.1989224,-43.853,-31.671,222.594,1.0
85.3,128.238938,37.949924,6390.1070064000005,-43.679,-30.938,221.396,1.0
85.4,128.23878,37.949832,6374.210772,-43.527,-30.202,220.209,1.0
85.5,128.238622,37.949735,6358.515400800001,-43.398,-29.463,219.032,1.0
85.6,128.238466,37.949635,6343.0263792000005,-43.291,-28.723,217.864,1.0
85.7,128.238311,37.949531,6327.7488888,-43.205,-27.981,216.705,1.0
85.8,128.238157,37.949423,6312.6875016,-43.14,-27.238,215.554,1.0
85.9,128.238005,37.949311,6297.8467896,-43.097,-26.494,214.41,1.0
86.0,128.237855,37.949195,6283.2319344,-43.074,-25.75,213.273,1.0
86.1,128.237707,37.949075,6268.8468984,-43.073,-25.006,212.142,1.0
86.2,128.23756,37.948951,6254.6959488,-43.092,-24.262,211.015,1.0
86.3,128.237416,37.948824,6240.7833528,-43.133,-23.519,209.894,1.0
86.4,128.237273,37.948694,6227.1124632,-43.193,-22.778,208.776,1.0
86.5,128.237133,37.948559,6213.6872424,-43.273,-22.038,207.662,1.0
86.6,128.236996,37.948421,6200.510738400001,-43.372,-21.301,206.551,1.0
86.7,128.236861,37.94828,6187.586304,-43.488,-20.565,205.442,1.0
86.8,128.236729,37.948136,6174.9166824,-43.619,-19.832,204.335,1.0
86.9,128.236599,37.947988,6162.5046168,-43.766,-19.103,203.23,1.0
87.0,128.236473,37.947837,6150.352545600001,-43.926,-18.376,202.126,1.0
87.1,128.236349,37.947683,6138.4629072,-44.102,-17.653,201.022,1.0
87.2,128.236228,37.947525,6126.83814,-44.291,-16.934,199.92,1.0
87.3,128.236111,37.947365,6115.4794632,-44.494,-16.219,198.817,1.0
87.4,128.235997,37.947202,6104.389315200001,-44.71,-15.508,197.715,1.0
87.5,128.235887,37.947036,6093.568610400001,-44.938,-14.802,196.611,1.0
87.6,128.23578,37.946868,6083.018568,-45.179,-14.101,195.508,1.0
87.7,128.235677,37.946697,6072.740712,-45.432,-13.404,194.403,1.0
87.8,128.235577,37.946523,6062.735652000001,-45.697,-12.713,193.297,1.0
87.9,128.235481,37.946347,6053.003997600001,-45.973,-12.027,192.19,1.0
88.0,128.23539,37.946169,6043.5460536,-46.261,-11.348,191.08,1.0
88.1,128.235302,37.945988,6034.3627344,-46.559,-10.674,189.969,1.0
88.2,128.235218,37.945805,6025.4531256,-46.868,-10.006,188.856,1.0
88.3,128.235139,37.94562,6016.817836800001,-47.186,-9.344,187.74,1.0
88.4,128.235064,37.945434,6008.4559536,-47.513,-8.69,186.622,1.0
88.5,128.234993,37.945245,6000.367476,-47.849,-8.042,185.501,1.0
88.6,128.234926,37.945055,5992.5511848,-48.193,-7.4,184.377,1.0
88.7,128.234864,37.944864,5985.006165600001,-48.545,-6.766,183.251,1.0
88.8,128.234807,37.94467,5977.7318088,-48.905,-6.139,182.121,1.0
88.9,128.234754,37.944476,5970.7265904000005,-49.272,-5.52,180.988,1.0
89.0,128.234706,37.94428,5963.9892912000005,-49.647,-4.908,179.852,1.0
89.1,128.234662,37.944083,5957.518082400001,-50.029,-4.304,178.713,1.0
89.2,128.234623,37.943885,5951.3111352,-50.419,-3.708,177.569,1.0
89.3,128.234589,37.943686,5945.3669256,-50.815,-3.12,176.423,1.0
89.4,128.23456,37.943486,5939.6830152,-51.218,-2.54,175.272,1.0
89.5,128.234536,37.943285,5934.2575752,-51.629,-1.969,174.118,1.0
89.6,128.234517,37.943084,5929.0878624,-52.045,-1.406,172.96,1.0
89.7,128.234502,37.942883,5924.1717432,-52.469,-0.852,171.798,1.0
89.8,128.234493,37.942681,5919.506474400001,-52.899,-0.306,170.631,1.0
89.9,128.234489,37.942478,5915.0893128,-53.336,0.229,169.461,1.0
90.0,128.234489,37.942276,5910.917515200001,-53.779,0.756,168.286,1.0
90.1,128.234495,37.942074,5906.987728800001,-54.229,1.274,167.108,1.0
90.2,128.234506,37.941871,5903.2969056,-54.685,1.783,165.925,1.0
90.3,128.234521,37.941669,5899.8419976000005,-55.147,2.282,164.737,1.0
90.4,128.234542,37.941467,5896.619652000001,-55.615,2.772,163.546,1.0
90.5,128.234568,37.941266,5893.6259064000005,-56.088,3.251,162.349,1.0
90.6,128.234599,37.941065,5890.8580176000005,-56.567,3.721,161.149,1.0
90.7,128.234635,37.940865,5888.3114136,-57.051,4.18,159.944,1.0
90.8,128.234676,37.940665,5885.983046400001,-57.54,4.629,158.734,1.0
90.9,128.234722,37.940467,5883.8686488,-58.034,5.068,157.52,1.0
91.0,128.234773,37.940269,5881.9642584,-58.533,5.496,156.301,1.0
91.1,128.234829,37.940072,5880.2662176,-59.038,5.914,155.078,1.0
91.2,128.23489,37.939877,5878.769954400001,-59.547,6.321,153.851,1.0
91.3,128.234956,37.939682,5877.471506400001,-60.06,6.716,152.619,1.0
91.4,128.235027,37.93949,5876.366606400001,-60.579,7.101,151.382,1.0
91.5,128.235103,37.939298,5875.450987200001,-61.102,7.475,150.141,1.0
91.6,128.235183,37.939108,5874.7200768,-61.629,7.837,148.896,1.0
91.7,128.235268,37.93892,5874.1693032,-62.16,8.188,147.646,1.0
91.8,128.235359,37.938734,5873.7937896,-62.696,8.528,146.393,1.0
91.9,128.235453,37.938549,5873.588659200001,-63.236,8.855,145.136,1.0
92.0,128.235553,37.938367,5873.5496448,-63.78,9.17,143.875,1.0
92.1,128.235657,37.938186,5873.672174400001,-64.329,9.471,142.611,1.0
92.2,128.235765,37.938008,5873.9510664,-64.886,9.758,141.342,1.0
92.3,128.235878,37.937831,5874.381444,-65.45,10.033,140.069,1.0
92.4,128.235995,37.937657,5874.9581256,-66.021,10.293,138.792,1.0
92.5,128.236117,37.937486,5875.6765392,-66.598,10.54,137.512,1.0
92.6,128.236243,37.937317,5876.5308936,-67.18,10.772,136.228,1.0
92.7,128.236373,37.93715,5877.5166168,-67.767,10.991,134.94,1.0
92.8,128.236508,37.936986,5878.6279176,-68.358,11.195,133.649,1.0
92.9,128.236646,37.936825,5879.8596144,-68.952,11.385,132.355,1.0
93.0,128.236789,37.936666,5881.2065256,-69.549,11.56,131.058,1.0
93.1,128.236935,37.936511,5882.663469600001,-70.149,11.721,129.759,1.0
93.2,128.237085,37.936358,5884.2249600000005,-70.751,11.867,128.457,1.0
93.3,128.237239,37.936208,5885.8852056000005,-71.356,11.999,127.153,1.0
93.4,128.237397,37.936062,5887.6396343999995,-71.962,12.116,125.846,1.0
93.5,128.237558,37.935918,5889.4821504,-72.569,12.218,124.538,1.0
93.6,128.237723,37.935778,5891.407572,-73.178,12.306,123.228,1.0
93.7,128.237891,37.93564,5893.4104128,-73.788,12.379,121.917,1.0
93.8,128.238062,37.935506,5895.4854912,-74.399,12.437,120.604,1.0
93.9,128.238237,37.935376,5897.6273208,-75.01,12.481,119.29,1.0
94.0,128.238415,37.935248,5899.830415200001,-75.622,12.51,117.975,1.0
94.1,128.238596,37.935125,5902.089288000001,-76.233,12.524,116.659,1.0
94.2,128.23878,37.935004,5904.3987576,-76.843,12.524,115.343,1.0
94.3,128.238967,37.934887,5906.753337600001,-77.451,12.509,114.026,1.0
94.4,128.239156,37.934774,5909.1478464,-78.058,12.48,112.709,1.0
94.5,128.239348,37.934664,5911.576797600001,-78.664,12.435,111.393,1.0
94.6,128.239543,37.934558,5914.0347048,-79.267,12.377,110.077,1.0
94.7,128.23974,37.934456,5916.5166912,-79.867,12.304,108.761,1.0
94.8,128.23994,37.934357,5919.0175752,-80.465,12.216,107.447,1.0
94.9,128.240142,37.934263,5921.531565600001,-81.061,12.115,106.134,1.0
95.0,128.240346,37.934171,5924.0543952,-81.652,11.999,104.822,1.0
95.1,128.240552,37.934084,5926.579968,-82.241,11.869,103.511,1.0
95.2,128.24076,37.934001,5929.103712,-82.825,11.724,102.202,1.0
95.3,128.24097,37.933921,5931.6207504,-83.405,11.566,100.895,1.0
95.4,128.241181,37.933845,5934.1277304,-83.98,11.394,99.594,1.0
95.5,128.241395,37.933773,5936.623432800001,-84.552,11.208,98.3,1.0
95.6,128.241611,37.933705,5939.1023712,-85.127,11.009,97.007,1.0
95.7,128.241828,37.933641,5941.5599736,-85.704,10.797,95.713,1.0
95.8,128.242047,37.933581,5943.9907536,-86.282,10.572,94.418,1.0
95.9,128.242268,37.933525,5946.3898344,-86.858,10.334,93.121,1.0
96.0,128.242489,37.933473,5948.752644,-87.429,10.083,91.825,1.0
96.1,128.242713,37.933424,5951.073696,-87.993,9.819,90.529,1.0
96.2,128.242937,37.93338,5953.3484184,-88.549,9.542,89.234,1.0
96.3,128.243163,37.93334,5955.5716296,-89.097,9.252,87.94,1.0
96.4,128.243389,37.933304,5957.7390624,-89.635,8.949,86.648,1.0
96.5,128.243617,37.933271,5959.84584,-90.166,8.634,85.358,1.0
96.6,128.243845,37.933243,5961.8870856,-90.689,8.307,84.07,1.0
96.7,128.244074,37.933219,5963.858532,-91.204,7.968,82.785,1.0
96.8,128.244304,37.933199,5965.754997600001,-91.711,7.617,81.502,1.0
96.9,128.244534,37.933183,5967.572215200001,-92.211,7.255,80.221,1.0
97.0,128.244764,37.933171,5969.305917600001,-92.703,6.881,78.944,1.0
97.1,128.244995,37.933163,5970.951228000001,-93.186,6.496,77.668,1.0
97.2,128.245226,37.933159,5972.504184000001,-93.661,6.101,76.396,1.0
97.3,128.245456,37.933159,5973.9599088,-94.128,5.694,75.126,1.0
97.4,128.245687,37.933164,5975.3147448,-94.585,5.277,73.859,1.0
97.5,128.245918,37.933172,5976.563815200001,-95.033,4.849,72.594,1.0
97.6,128.246148,37.933184,5977.7031576,-95.471,4.412,71.332,1.0
97.7,128.246378,37.933201,5978.7288096,-95.899,3.964,70.073,1.0
97.8,128.246607,37.933221,5979.636504,-96.318,3.507,68.816,1.0
97.9,128.246836,37.933245,5980.4219736000005,-96.727,3.041,67.561,1.0
98.0,128.247064,37.933274,5981.081865600001,-97.125,2.566,66.309,1.0
98.1,128.247291,37.933306,5981.6119128,-97.514,2.081,65.059,1.0
98.2,128.247517,37.933342,5982.0084576,-97.892,1.589,63.811,1.0
98.3,128.247742,37.933382,5982.2678424000005,-98.259,1.087,62.565,1.0
98.4,128.247966,37.933426,5982.3858,-98.617,0.578,61.321,1.0
98.5,128.248189,37.933474,5982.3595872000005,-98.963,0.061,60.078,1.0
98.6,128.24841,37.933526,5982.1849368,-99.3,-0.463,58.838,1.0
98.7,128.24863,37.933581,5981.858496000001,-99.625,-0.995,57.598,1.0
98.8,128.248848,37.93364,5981.3772168,-99.94,-1.534,56.36,1.0
98.9,128.249064,37.933703,5980.7374416,-100.242,-2.08,55.122,1.0
99.0,128.249279,37.93377,5979.9361224,-100.533,-2.632,53.886,1.0
99.1,128.249492,37.93384,5978.969906400001,-100.812,-3.191,52.65,1.0
99.2,128.249703,37.933914,5977.8360504,-101.079,-3.755,51.414,1.0
99.3,128.249911,37.933991,5976.530896800001,-101.333,-4.325,50.179,1.0
99.4,128.250118,37.934072,5975.052312,-101.576,-4.901,48.943,1.0
99.5,128.250322,37.934156,5973.396943199999,-101.807,-5.481,47.708,1.0
99.6,128.250524,37.934244,5971.562352000001,-102.026,-6.066,46.472,1.0
99.7,128.250723,37.934335,5969.545795200001,-102.233,-6.656,45.235,1.0
99.8,128.250919,37.93443,5967.344224800001,-102.428,-7.249,43.997,1.0
99.9,128.251113,37.934527,5964.955812,-102.61,-7.847,42.758,1.0
100.0,128.251304,37.934628,5962.3778136,-102.78,-8.448,41.517,1.0
100.1,128.251492,37.934732,5959.608096000001,-102.937,-9.053,40.274,1.0
100.2,128.251677,37.93484,5956.6442208,-103.081,-9.66,39.03,1.0
100.3,128.251859,37.93495,5953.484359200001,-103.211,-10.27,37.783,1.0
100.4,128.252038,37.935063,5950.126072800001,-103.328,-10.883,36.533,1.0
100.5,128.252214,37.935179,5946.5678376000005,-103.431,-11.497,35.281,1.0
100.6,128.252386,37.935298,5942.80752,-103.521,-12.113,34.025,1.0
100.7,128.252554,37.93542,5938.843291200001,-103.598,-12.731,32.765,1.0
100.8,128.252719,37.935544,5934.673932000001,-103.662,-13.349,31.502,1.0
100.9,128.252881,37.935671,5930.297613600001,-103.712,-13.969,30.234,1.0
101.0,128.253039,37.935801,5925.712812,-103.749,-14.589,28.962,1.0
101.1,128.253193,37.935933,5920.9186128,-103.772,-15.209,27.685,1.0
101.2,128.253343,37.936068,5915.913187200001,-103.78,-15.828,26.403,1.0
101.3,128.253489,37.936204,5910.6977544,-103.773,-16.448,25.113,1.0
101.4,128.25363,37.936343,5905.2765816,-103.746,-17.068,23.811,1.0
101.5,128.253768,37.936484,5899.649668800001,-103.698,-17.688,22.503,1.0
101.6,128.253901,37.936627,5893.8161016,-103.629,-18.305,21.191,1.0
101.7,128.25403,37.936771,5887.77588,-103.541,-18.919,19.877,1.0
101.8,128.254155,37.936918,5881.5286992,-103.435,-19.53,18.559,1.0
101.9,128.254275,37.937066,5875.0745592,-103.313,-20.138,17.237,1.0
102.0,128.25439,37.937215,5868.4137648000005,-103.176,-20.741,15.909,1.0
102.1,128.254501,37.937366,5861.546316,-103.026,-21.341,14.576,1.0
102.2,128.254607,37.937518,5854.4728224,-102.863,-21.936,13.235,1.0
102.3,128.254708,37.937672,5847.1935888,-102.687,-22.526,11.887,1.0
102.4,128.254805,37.937827,5839.7095296,-102.496,-23.112,10.531,1.0
102.5,128.254897,37.937982,5832.0209496,-102.291,-23.693,9.167,1.0
102.6,128.254984,37.938139,5824.129068,-102.07,-24.267,7.795,1.0
102.7,128.255066,37.938297,5816.0344944,-101.833,-24.837,6.413,1.0
102.8,128.255143,37.938456,5807.738448,-101.579,-25.4,5.021,1.0
102.9,128.255215,37.938615,5799.242147999999,-101.308,-25.956,3.62,1.0
103.0,128.255282,37.938775,5790.5465088,-101.02,-26.505,2.209,1.0
103.1,128.255345,37.938935,5781.6533592000005,-100.715,-27.047,0.788,1.0
103.2,128.255402,37.939096,5772.5636136,-100.391,-27.581,359.356,1.0
103.3,128.255454,37.939257,5763.2794056,-100.05,-28.107,357.912,1.0
103.4,128.255501,37.939419,5753.8019544,-99.691,-28.623,356.458,1.0
103.5,128.255543,37.93958,5744.1336984,-99.314,-29.131,354.993,1.0
103.6,128.25558,37.939742,5734.275856800001,-98.92,-29.629,353.516,1.0
103.7,128.255612,37.939903,5724.2311728,-98.509,-30.117,352.027,1.0
103.8,128.255638,37.940065,5714.001170400001,-98.08,-30.594,350.526,1.0
103.9,128.255659,37.940226,5703.588592800001,-97.633,-31.06,349.013,1.0
104.0,128.255676,37.940387,5692.9955736,-97.168,-31.515,347.489,1.0
104.1,128.255687,37.940547,5682.224856000001,-96.685,-31.957,345.952,1.0
104.2,128.255692,37.940707,5671.2788784,-96.182,-32.388,344.403,1.0
104.3,128.255693,37.940866,5660.160079200001,-95.66,-32.805,342.842,1.0
104.4,128.255689,37.941024,5648.872116,-95.121,-33.209,341.269,1.0
104.5,128.255679,37.941181,5637.4171224,-94.564,-33.598,339.685,1.0
104.6,128.255664,37.941338,5625.798756000001,-93.99,-33.974,338.088,1.0
104.7,128.255644,37.941493,5614.01976,-93.399,-34.334,336.48,1.0
104.8,128.255619,37.941648,5602.083792,-92.791,-34.679,334.86,1.0
104.9,128.255589,37.941801,5589.9945096,-92.165,-35.009,333.229,1.0
105.0,128.255553,37.941952,5577.754960800001,-91.521,-35.322,331.588,1.0
105.1,128.255513,37.942103,5565.3688032,-90.86,-35.618,329.936,1.0
105.2,128.255468,37.942251,5552.8406088,-90.182,-35.897,328.274,1.0
105.3,128.255417,37.942399,5540.1734256,-89.488,-36.159,326.602,1.0
105.4,128.255362,37.942544,5527.371520799999,-88.779,-36.402,324.922,1.0
105.5,128.255301,37.942687,5514.4394664,-88.058,-36.627,323.233,1.0
105.6,128.255236,37.942829,5501.3812248,-87.326,-36.833,321.536,1.0
105.7,128.255165,37.942969,5488.201368,-86.584,-37.02,319.832,1.0
105.8,128.25509,37.943106,5474.9038584,-85.833,-37.187,318.121,1.0
105.9,128.25501,37.943241,5461.4938776,-85.074,-37.335,316.405,1.0
106.0,128.254926,37.943374,5447.975692800001,-84.307,-37.463,314.683,1.0
106.1,128.254836,37.943505,5434.3544856,-83.532,-37.571,312.957,1.0
106.2,128.254742,37.943633,5420.634828,-82.751,-37.659,311.227,1.0
106.3,128.254643,37.943759,5406.8215968,-81.965,-37.726,309.494,1.0
106.4,128.25454,37.943881,5392.920278400001,-81.177,-37.774,307.759,1.0
106.5,128.254432,37.944001,5378.9357496,-80.388,-37.801,306.023,1.0
106.6,128.25432,37.944119,5364.873192000001,-79.6,-37.808,304.287,1.0
106.7,128.254203,37.944233,5350.7380920000005,-78.815,-37.795,302.551,1.0
106.8,128.254083,37.944344,5336.535936,-78.036,-37.763,300.815,1.0
106.9,128.253957,37.944453,5322.2719056000005,-77.262,-37.711,299.081,1.0
107.0,128.253828,37.944558,5307.951487200001,-76.496,-37.639,297.35,1.0
107.1,128.253695,37.94466,5293.580472,-75.738,-37.549,295.621,1.0
107.2,128.253557,37.944758,5279.1640416,-74.989,-37.44,293.896,1.0
107.3,128.253416,37.944853,5264.708292,-74.25,-37.312,292.176,1.0
107.4,128.253271,37.944945,5250.2184048,-73.522,-37.167,290.46,1.0
107.5,128.253122,37.945033,5235.7001712,-72.808,-37.004,288.75,1.0
107.6,128.25297,37.945117,5221.1593824,-72.109,-36.823,287.045,1.0
107.7,128.252814,37.945198,5206.601829599999,-71.428,-36.626,285.346,1.0
107.8,128.252654,37.945275,5192.0333040000005,-70.765,-36.413,283.654,1.0
107.9,128.252491,37.945348,5177.458987200001,-70.121,-36.185,281.968,1.0
108.0,128.252325,37.945417,5162.8849752,-69.497,-35.941,280.29,1.0
108.1,128.252156,37.945482,5148.3167544,-68.893,-35.683,278.618,1.0
108.2,128.251984,37.945543,5133.7601159999995,-68.309,-35.411,276.954,1.0
108.3,128.251809,37.9456,5119.2202416,-67.747,-35.125,275.298,1.0
108.4,128.251631,37.945653,5104.7029224,-67.206,-34.827,273.649,1.0
108.5,128.25145,37.945702,5090.2136448,-66.691,-34.517,272.007,1.0
108.6,128.251267,37.945746,5075.7575904000005,-66.201,-34.195,270.372,1.0
108.7,128.251082,37.945786,5061.3405504,-65.74,-33.863,268.745,1.0
108.8,128.250894,37.945822,5046.967401600001,-65.308,-33.52,267.125,1.0
108.9,128.250704,37.945853,5032.6436304,-64.906,-33.168,265.512,1.0
109.0,128.250512,37.945879,5018.3738088,-64.533,-32.808,263.905,1.0
109.1,128.250318,37.945901,5004.163118400001,-64.187,-32.439,262.304,1.0
109.2,128.250123,37.945919,4990.0161312,-63.868,-32.063,260.71,1.0
109.3,128.249925,37.945931,4975.9374192000005,-63.572,-31.68,259.122,1.0
109.4,128.249727,37.94594,4961.9312496,-63.3,-31.291,257.539,1.0
109.5,128.249527,37.945943,4948.0024992,-63.049,-30.897,255.961,1.0
109.6,128.249327,37.945942,4934.154520800001,-62.82,-30.497,254.389,1.0
109.7,128.249125,37.945936,4920.3921912000005,-62.611,-30.093,252.821,1.0
109.8,128.248922,37.945925,4906.7191680000005,-62.422,-29.685,251.258,1.0
109.9,128.248719,37.945909,4893.1391088,-62.254,-29.273,249.7,1.0
110.0,128.248516,37.945889,4879.655976000001,-62.105,-28.857,248.146,1.0
110.1,128.248312,37.945864,4866.2734272,-61.976,-28.44,246.596,1.0
110.2,128.248108,37.945834,4852.994205600001,-61.868,-28.02,245.05,1.0
110.3,128.247904,37.945799,4839.822273600001,-61.782,-27.599,243.507,1.0
110.4,128.247701,37.945759,4826.7600696,-61.717,-27.177,241.967,1.0
110.5,128.247498,37.945714,4813.810946400001,-61.671,-26.755,240.43,1.0
110.6,128.247296,37.945665,4800.9773424,-61.645,-26.332,238.896,1.0
110.7,128.247094,37.945611,4788.2616960000005,-61.635,-25.909,237.364,1.0
110.8,128.246893,37.945552,4775.6664456,-61.64,-25.487,235.835,1.0
110.9,128.246694,37.945488,4763.1934200000005,-61.657,-25.066,234.308,1.0
111.0,128.246496,37.94542,4750.8450576000005,-61.685,-24.645,232.783,1.0
111.1,128.246299,37.945347,4738.623187200001,-61.723,-24.227,231.261,1.0
111.2,128.246104,37.945269,4726.529332800001,-61.771,-23.809,229.74,1.0
111.3,128.245911,37.945186,4714.565628,-61.827,-23.393,228.222,1.0
111.4,128.245721,37.945099,4702.733292000001,-61.892,-22.979,226.706,1.0
111.5,128.245532,37.945008,4691.033544000001,-61.964,-22.567,225.191,1.0
111.6,128.245345,37.944912,4679.4682128,-62.046,-22.157,223.679,1.0
111.7,128.245162,37.944811,4668.0385176,-62.134,-21.749,222.169,1.0
111.8,128.244981,37.944706,4656.745068,-62.231,-21.344,220.661,1.0
111.9,128.244802,37.944597,4645.589388,-62.334,-20.94,219.154,1.0
112.0,128.244627,37.944484,4634.5720872,-62.444,-20.54,217.65,1.0
112.1,128.244456,37.944366,4623.6937752,-62.559,-20.142,216.147,1.0
112.2,128.244287,37.944245,4612.9553664000005,-62.681,-19.747,214.646,1.0
112.3,128.244122,37.944119,4602.3577752,-62.807,-19.354,213.146,1.0
112.4,128.243961,37.943989,4591.9006968,-62.938,-18.965,211.649,1.0
112.5,128.243804,37.943856,4581.585350400001,-63.074,-18.579,210.153,1.0
112.6,128.24365,37.943719,4571.411736,-63.215,-18.195,208.658,1.0
112.7,128.243501,37.943578,4561.3798536,-63.359,-17.815,207.165,1.0
112.8,128.243356,37.943434,4551.4903128,-63.506,-17.438,205.674,1.0
112.9,128.243216,37.943286,4541.742808800001,-63.656,-17.065,204.184,1.0
113.0,128.24308,37.943135,4532.1376464,-63.809,-16.695,202.696,1.0
113.1,128.242948,37.94298,4522.6748256,-63.964,-16.328,201.209,1.0
113.2,128.242822,37.942823,4513.3540416000005,-64.123,-15.964,199.724,1.0
113.3,128.2427,37.942662,4504.1749896,-64.285,-15.604,198.24,1.0
113.4,128.242584,37.942498,4495.1376696,-64.45,-15.248,196.757,1.0
113.5,128.242472,37.942332,4486.2417768000005,-64.618,-14.895,195.276,1.0
113.6,128.242366,37.942163,4477.4867016,-64.79,-14.546,193.796,1.0
113.7,128.242265,37.941992,4468.872139200001,-64.966,-14.2,192.317,1.0
113.8,128.24217,37.941818,4460.3977848,-65.144,-13.859,190.839,1.0
113.9,128.24208,37.941642,4452.062724,-65.326,-13.521,189.362,1.0
114.0,128.241996,37.941463,4443.866652,-65.51,-13.188,187.886,1.0
114.1,128.241917,37.941283,4435.8083496,-65.697,-12.858,186.41,1.0
114.2,128.241845,37.9411,4427.8872072,-65.886,-12.532,184.936,1.0
114.3,128.241778,37.940916,4420.1026152,-66.078,-12.211,183.463,1.0
114.4,128.241717,37.940731,4412.4536592,-66.271,-11.894,181.99,1.0
114.5,128.241662,37.940543,4404.93912,-66.467,-11.581,180.518,1.0
114.6,128.241613,37.940355,4397.558388,-66.666,-11.273,179.046,1.0
114.7,128.24157,37.940165,4390.3099392,-66.867,-10.969,177.575,1.0
114.8,128.241533,37.939974,4383.193164,-67.07,-10.669,176.105,1.0
114.9,128.241503,37.939782,4376.2065384,-67.276,-10.374,174.635,1.0
115.0,128.241478,37.939589,4369.349148,-67.484,-10.084,173.165,1.0
115.1,128.24146,37.939396,4362.6194688000005,-67.695,-9.799,171.695,1.0
115.2,128.241448,37.939202,4356.0159768,-67.91,-9.519,170.226,1.0
115.3,128.241443,37.939007,4349.5377576,-68.127,-9.245,168.756,1.0
115.4,128.241443,37.938813,4343.182677600001,-68.348,-8.976,167.287,1.0
115.5,128.24145,37.938618,4336.9495176,-68.571,-8.712,165.818,1.0
115.6,128.241464,37.938423,4330.8367536,-68.798,-8.454,164.348,1.0
115.7,128.241483,37.938229,4324.842252,-69.027,-8.202,162.879,1.0
115.8,128.241509,37.938034,4318.9647936,-69.258,-7.955,161.409,1.0
115.9,128.241541,37.937841,4313.202549600001,-69.492,-7.714,159.939,1.0
116.0,128.24158,37.937648,4307.5533864,-69.728,-7.479,158.469,1.0
116.1,128.241624,37.937455,4302.0154752,-69.967,-7.25,156.999,1.0
116.2,128.241675,37.937263,4296.587292,-70.207,-7.027,155.529,1.0
116.3,128.241732,37.937073,4291.2660936,-70.45,-6.81,154.059,1.0
116.4,128.241796,37.936883,4286.0506608000005,-70.694,-6.6,152.588,1.0
116.5,128.241865,37.936695,4280.9385552,-70.94,-6.395,151.117,1.0
116.6,128.24194,37.936508,4275.927643200001,-71.188,-6.197,149.646,1.0
116.7,128.242022,37.936323,4271.016096,-71.438,-6.005,148.174,1.0
116.8,128.242109,37.93614,4266.201170400001,-71.69,-5.819,146.703,1.0
116.9,128.242202,37.935958,4261.4813424,-71.943,-5.64,145.231,1.0
117.0,128.242301,37.935778,4256.853564,-72.198,-5.467,143.758,1.0
117.1,128.242406,37.9356,4252.3163112,-72.455,-5.301,142.286,1.0
117.2,128.242517,37.935425,4247.8668408,-72.713,-5.141,140.813,1.0
117.3,128.242633,37.935251,4243.5030192,-72.972,-4.988,139.339,1.0
117.4,128.242755,37.93508,4239.222103200001,-73.233,-4.842,137.866,1.0
117.5,128.242882,37.934912,4235.0219592,-73.494,-4.702,136.392,1.0
117.6,128.243014,37.934746,4230.9001488,-73.755,-4.569,134.917,1.0
117.7,128.243152,37.934583,4226.8542336,-74.017,-4.443,133.443,1.0
117.8,128.243295,37.934423,4222.881470400001,-74.278,-4.324,131.968,1.0
117.9,128.243443,37.934266,4218.9797256,-74.54,-4.211,130.493,1.0
118.0,128.243596,37.934112,4215.146256,-74.801,-4.105,129.017,1.0
118.1,128.243754,37.933961,4211.3786232,-75.063,-4.006,127.541,1.0
118.2,128.243917,37.933813,4207.674084,-75.325,-3.914,126.066,1.0
118.3,128.244084,37.933669,4204.0305048,-75.587,-3.828,124.589,1.0
118.4,128.244256,37.933528,4200.4448376,-75.85,-3.749,123.113,1.0
118.5,128.244432,37.933391,4196.9149488,-76.113,-3.677,121.636,1.0
118.6,128.244612,37.933258,4193.4380952,-76.375,-3.612,120.159,1.0
118.7,128.244797,37.933128,4190.0115336,-76.638,-3.554,118.682,1.0
118.8,128.244985,37.933002,4186.632825600001,-76.899,-3.502,117.205,1.0
118.9,128.245178,37.93288,4183.299228000001,-77.161,-3.457,115.728,1.0
119.0,128.245374,37.932762,4180.0083024000005,-77.421,-3.419,114.25,1.0
119.1,128.245574,37.932648,4176.7573056,-77.681,-3.388,112.772,1.0
119.2,128.245777,37.932539,4173.5434944,-77.939,-3.364,111.294,1.0
119.3,128.245983,37.932433,4170.364430400001,-78.196,-3.346,109.816,1.0
119.4,128.246193,37.932332,4167.2176752000005,-78.452,-3.336,108.338,1.0
119.5,128.246406,37.932235,4164.1001808,-78.707,-3.331,106.86,1.0
119.6,128.246622,37.932142,4161.0095088,-78.96,-3.334,105.381,1.0
119.7,128.24684,37.932054,4157.943220800001,-79.212,-3.343,103.903,1.0
119.8,128.247061,37.93197,4154.8988784,-79.461,-3.358,102.425,1.0
119.9,128.247285,37.931891,4151.8734336,-79.708,-3.381,100.946,1.0
120.0,128.247511,37.931817,4148.864448,-79.953,-3.409,99.467,1.0
120.1,128.247739,37.931747,4145.8694832,-80.196,-3.444,97.989,1.0
120.2,128.247969,37.931682,4142.8861008,-80.437,-3.485,96.51,1.0
120.3,128.2482,37.931622,4139.9115576,-80.675,-3.533,95.032,1.0
120.4,128.248434,37.931566,4136.94372,-80.912,-3.587,93.553,1.0
120.5,128.248669,37.931515,4133.97954,-81.145,-3.647,92.074,1.0
120.6,128.248905,37.931469,4131.0171888,-81.376,-3.713,90.596,1.0
120.7,128.249143,37.931428,4128.0536184,-81.604,-3.785,89.117,1.0
120.8,128.249381,37.931391,4125.086695200001,-81.829,-3.863,87.638,1.0
120.9,128.249621,37.93136,4122.1139808,-82.05,-3.947,86.16,1.0
121.0,128.249861,37.931333,4119.133341600001,-82.268,-4.036,84.681,1.0
121.1,128.250102,37.931311,4116.1420344,-82.483,-4.131,83.202,1.0
121.2,128.250343,37.931294,4113.1379256,-82.693,-4.232,81.724,1.0
121.3,128.250584,37.931282,4110.1185768000005,-82.9,-4.339,80.245,1.0
121.4,128.250825,37.931275,4107.0821592,-83.103,-4.45,78.766,1.0
121.5,128.251067,37.931273,4104.0259296,-83.301,-4.567,77.288,1.0
121.6,128.251308,37.931276,4100.9480592,-83.495,-4.689,75.809,1.0
121.7,128.251549,37.931283,4097.8464144,-83.685,-4.816,74.33,1.0
121.8,128.251789,37.931295,4094.7185568,-83.87,-4.948,72.851,1.0
121.9,128.252028,37.931313,4091.5626576000004,-84.051,-5.084,71.373,1.0
122.0,128.252267,37.931335,4088.3765832,-84.228,-5.225,69.894,1.0
122.1,128.252504,37.931362,4085.1585048,-84.4,-5.371,68.415,1.0
122.2,128.25274,37.931393,4081.9062888000003,-84.566,-5.521,66.935,1.0
122.3,128.252975,37.931429,4078.6178016,-84.727,-5.675,65.456,1.0
122.4,128.253209,37.93147,4075.291824,-84.884,-5.834,63.977,1.0
122.5,128.253441,37.931516,4071.9259176,-85.035,-5.996,62.497,1.0
122.6,128.25367,37.931567,4068.5188632,-85.181,-6.162,61.017,1.0
122.7,128.253899,37.931621,4065.0682224,-85.321,-6.332,59.537,1.0
122.8,128.254124,37.931681,4061.5727760000004,-85.455,-6.505,58.056,1.0
122.9,128.254348,37.931745,4058.0310000000004,-85.584,-6.681,56.575,1.0
123.0,128.254569,37.931813,4054.4410656,-85.706,-6.861,55.094,1.0
123.1,128.254788,37.931886,4050.8011440000005,-85.822,-7.043,53.612,1.0
123.2,128.255004,37.931963,4047.1106256000003,-85.932,-7.229,52.13,1.0
123.3,128.255218,37.932045,4043.367072,-86.036,-7.417,50.648,1.0
123.4,128.255428,37.93213,4039.5698736000004,-86.133,-7.607,49.165,1.0
123.5,128.255635,37.93222,4035.7175064000003,-86.225,-7.8,47.682,1.0
123.6,128.255839,37.932314,4031.8087511999997,-86.309,-7.995,46.198,1.0
123.7,128.25604,37.932412,4027.8420840000003,-86.386,-8.192,44.713,1.0
123.8,128.256237,37.932514,4023.8165904,-86.454,-8.39,43.228,1.0
123.9,128.256431,37.932619,4019.731356,-86.514,-8.59,41.742,1.0
124.0,128.25662,37.932729,4015.5851616000004,-86.565,-8.791,40.255,1.0
124.1,128.256806,37.932842,4011.3773976,-86.609,-8.993,38.768,1.0
124.2,128.256988,37.932959,4007.1068448,-86.644,-9.195,37.28,1.0
124.3,128.257166,37.933079,4002.7728936000003,-86.673,-9.398,35.791,1.0
124.4,128.25734,37.933203,3998.3749344000003,-86.693,-9.601,34.301,1.0
124.5,128.25751,37.93333,3993.9120528000003,-86.706,-9.805,32.811,1.0
124.6,128.257675,37.93346,3989.3839440000006,-86.711,-10.008,31.319,1.0
124.7,128.257835,37.933594,3984.7903032000004,-86.707,-10.21,29.827,1.0
124.8,128.257991,37.933731,3980.130216,-86.695,-10.412,28.334,1.0
124.9,128.258143,37.93387,3975.4033776,-86.676,-10.614,26.84,1.0
125.0,128.258289,37.934013,3970.609788,-86.648,-10.814,25.344,1.0
125.1,128.258431,37.934158,3965.7494472,-86.613,-11.012,23.848,1.0
125.2,128.258567,37.934307,3960.8217456,-86.57,-11.21,22.351,1.0
125.3,128.258699,37.934457,3955.8266832,-86.519,-11.405,20.852,1.0
125.4,128.258825,37.934611,3950.7645648,-86.46,-11.599,19.353,1.0
125.5,128.258946,37.934766,3945.6350856,-86.393,-11.79,17.852,1.0
125.6,128.259062,37.934924,3940.4385504,-86.317,-11.979,16.35,1.0
125.7,128.259172,37.935084,3935.1755688000003,-86.233,-12.165,14.847,1.0
125.8,128.259277,37.935246,3929.845836,-86.141,-12.348,13.343,1.0
125.9,128.259377,37.93541,3924.4502664,-86.04,-12.528,11.837,1.0
126.0,128.259471,37.935576,3918.9888600000004,-85.932,-12.705,10.331,1.0
126.1,128.259559,37.935744,3913.4625312,-85.817,-12.878,8.823,1.0
126.2,128.259642,37.935913,3907.8718896000005,-85.694,-13.047,7.314,1.0
126.3,128.259719,37.936084,3902.21724,-85.565,-13.212,5.804,1.0
126.4,128.25979,37.936256,3896.4998016,-85.428,-13.373,4.293,1.0
126.5,128.259855,37.936429,3890.7201840000002,-85.283,-13.53,2.781,1.0
126.6,128.259914,37.936603,3884.8789968,-85.131,-13.682,1.267,1.0
126.7,128.259968,37.936779,3878.977764,-84.971,-13.829,359.753,1.0
126.8,128.260016,37.936955,3873.0170952000003,-84.804,-13.972,358.237,1.0
126.9,128.260057,37.937133,3866.9985144,-84.633,-14.109,356.72,1.0
127.0,128.260093,37.93731,3860.9226312,-84.456,-14.241,355.203,1.0
127.1,128.260123,37.937489,3854.7912744,-84.274,-14.368,353.684,1.0
127.2,128.260146,37.937668,3848.6056632,-84.088,-14.49,352.164,1.0
127.3,128.260164,37.937847,3842.3664072,-83.896,-14.605,350.643,1.0
127.4,128.260175,37.938026,3836.0759448,-83.698,-14.716,349.121,1.0
127.5,128.260181,37.938206,3829.7348856,-83.494,-14.82,347.599,1.0
127.6,128.26018,37.938385,3823.3450584,-83.284,-14.918,346.075,1.0
127.7,128.260174,37.938564,3816.9082920000005,-83.067,-15.01,344.551,1.0
127.8,128.260161,37.938743,3810.4258056000003,-82.844,-15.096,343.026,1.0
127.9,128.260143,37.938921,3803.899428,-82.616,-15.175,341.501,1.0
128.0,128.260118,37.939099,3797.3312928,-82.381,-15.247,339.975,1.0
128.1,128.260087,37.939276,3790.722924,-82.141,-15.313,338.449,1.0
128.2,128.260051,37.939453,3784.0761504,-81.898,-15.372,336.923,1.0
128.3,128.260008,37.939628,3777.3931056000006,-81.654,-15.423,335.396,1.0
128.4,128.259959,37.939803,3770.6759232000004,-81.409,-15.468,333.869,1.0
128.5,128.259905,37.939976,3763.926432,-81.165,-15.506,332.342,1.0
128.6,128.259845,37.940148,3757.1467656,-80.922,-15.537,330.814,1.0
128.7,128.259779,37.940319,3750.3390576,-80.68,-15.562,329.287,1.0
128.8,128.259707,37.940488,3743.5051368000004,-80.44,-15.58,327.759,1.0
128.9,128.259629,37.940656,3736.6471368,-80.2,-15.591,326.231,1.0
129.0,128.259546,37.940822,3729.7674960000004,-79.963,-15.596,324.703,1.0
129.1,128.259457,37.940986,3722.8677384000002,-79.73,-15.595,323.175,1.0
129.2,128.259362,37.941148,3715.9506072000004,-79.504,-15.588,321.647,1.0
129.3,128.259262,37.941308,3709.0179312,-79.286,-15.575,320.119,1.0
129.4,128.259157,37.941466,3702.0718440000005,-79.078,-15.557,318.59,1.0
129.5,128.259046,37.941621,3695.1141744,-78.88,-15.534,317.062,1.0
129.6,128.25893,37.941774,3688.147056,-78.692,-15.507,315.532,1.0
129.7,128.258808,37.941925,3681.1720128,-78.516,-15.475,314.003,1.0
129.8,128.258682,37.942073,3674.1960552000005,-78.87,-15.507,312.661,1.0
129.9,128.25855,37.942217,3667.2310704,-81.11,-15.834,312.55,1.0
130.0,128.258412,37.942358,3660.2526744,-84.921,-16.289,313.072,1.0
130.1,128.25827,37.942497,3653.2236816,-90.002,-16.754,313.66,1.0
130.2,128.258124,37.942632,3646.1062968,-96.202,-17.202,314.183,1.0
130.3,128.257974,37.942765,3638.8645536,-103.423,-17.625,314.634,1.0
130.4,128.257822,37.942896,3631.4691912000003,-111.555,-18.01,315.033,1.0
130.5,128.257668,37.943025,3623.8961304000004,-120.493,-18.347,315.389,1.0
130.6,128.257513,37.943153,3616.1295216,-130.204,-18.634,315.719,1.0
130.7,128.257356,37.943279,3608.1611352000004,-140.739,-18.864,316.035,1.0
130.8,128.257199,37.943403,3599.9894472,-152.097,-19.025,316.329,1.0
130.9,128.257041,37.943528,3591.6178104,-164.208,-19.114,316.579,1.0
131.0,128.256884,37.943651,3583.0529304000006,-176.929,-19.138,316.762,1.0
131.1,128.256727,37.943775,3574.3359552,172.95,-19.561,316.567,1.0
131.2,128.25657,37.943898,3565.538208,167.463,-21.494,316.426,1.0
131.3,128.256412,37.944023,3556.6999224,165.996,-24.373,316.649,1.0
131.4,128.256253,37.944148,3547.7964096000005,167.656,-27.662,317.104,1.0
131.5,128.256093,37.944273,3538.7426304000005,171.684,-30.8,317.464,1.0
131.6,128.255934,37.944399,3529.4206272,176.655,-33.553,317.586,1.0
131.7,128.255776,37.944524,3519.6783048,-179.646,-35.947,317.503,1.0
131.8,128.255619,37.944648,3509.4559224,-176.981,-38.098,317.191,1.0
131.9,128.255464,37.944771,3498.712332,-175.681,-40.089,316.771,1.0
132.0,128.255311,37.944892,3487.4585064000003,-175.273,-41.976,316.3,1.0
132.1,128.25516,37.945011,3475.7035896,-175.264,-43.796,315.865,1.0
132.2,128.25501,37.945128,3463.4424000000004,-175.523,-45.57,315.555,1.0
132.3,128.254863,37.945243,3450.669756,-176.084,-47.305,315.316,1.0
132.4,128.254718,37.945356,3437.3844384,-176.918,-49.011,315.141,1.0
132.5,128.254576,37.945467,3423.5882760000004,-177.97,-50.695,315.041,1.0
132.6,128.254436,37.945575,3409.2849264,-179.182,-52.361,315.024,1.0
132.7,128.2543,37.945681,3394.4798760000003,179.493,-54.014,315.1,1.0
132.8,128.254166,37.945785,3379.1798304000004,178.093,-55.656,315.275,1.0
132.9,128.254036,37.945886,3363.3918000000003,176.632,-57.288,315.557,1.0
133.0,128.25391,37.945984,3347.1249288,175.113,-58.91,315.956,1.0
133.1,128.253787,37.94608,3330.3883608,173.524,-60.523,316.482,1.0
133.2,128.253668,37.946174,3313.1918496000003,171.85,-62.126,317.147,1.0
133.3,128.253554,37.946265,3295.5469776000004,170.067,-63.717,317.969,1.0
133.4,128.253444,37.946354,3277.4653272,168.146,-65.296,318.969,1.0
133.5,128.253338,37.94644,3258.9590904,166.056,-66.858,320.177,1.0
133.6,128.253237,37.946523,3240.0416784000004,163.756,-68.401,321.627,1.0
133.7,128.253141,37.946604,3220.7268072,161.198,-69.919,323.367,1.0
133.8,128.25305,37.946682,3201.0284976000003,158.321,-71.407,325.455,1.0
133.9,128.252965,37.946758,3180.9616848000005,155.044,-72.857,327.968,1.0
134.0,128.252884,37.946831,3160.5406944,151.273,-74.256,331.003,1.0
134.1,128.25281,37.946901,3139.7819856,146.883,-75.591,334.679,1.0
134.2,128.25274,37.946969,3118.7007984,141.73,-76.843,339.142,1.0
134.3,128.252677,37.947035,3097.3138968,135.647,-77.986,344.557,1.0
134.4,128.25262,37.947098,3075.6374352000003,128.474,-78.987,351.082,1.0
134.5,128.252568,37.947158,3053.6890920000005,120.107,-79.803,358.823,1.0
134.6,128.252523,37.947215,3031.4862408,110.587,-80.39,7.735,1.0
134.7,128.252484,37.947271,3009.0462552000004,100.194,-80.704,17.538,1.0
134.8,128.252452,37.947323,2986.3874232000003,89.466,-80.72,27.695,1.0
134.9,128.252426,37.947373,2963.5283375999998,79.055,-80.436,37.55,1.0
135.0,128.252407,37.947421,2940.4875912,69.509,-79.879,46.556,1.0
135.1,128.252394,37.947466,2917.2840816000003,61.127,-79.091,54.413,1.0
135.2,128.252388,37.947509,2893.9376208000003,53.962,-78.12,61.068,1.0
135.3,128.252389,37.947549,2870.467716,47.92,-77.007,66.615,1.0
135.4,128.252397,37.947587,2846.8941792,42.878,-75.779,71.186,1.0
135.5,128.252412,37.947622,2823.2374320000004,38.665,-74.462,74.942,1.0
135.6,128.252435,37.947655,2799.5175912000004,35.09,-73.081,78.056,1.0
135.7,128.252464,37.947685,2775.7559928,31.995,-71.657,80.68,1.0
135.8,128.2525,37.947714,2751.9727536,29.27,-70.204,82.929,1.0
135.9,128.252544,37.947739,2728.1886,26.86,-68.727,84.877,1.0
136.0,128.252595,37.947763,2704.4251728,24.758,-67.228,86.551,1.0
136.1,128.252653,37.947784,2680.7038079999998,22.912,-65.709,87.993,1.0
136.2,128.252718,37.947803,2657.0458416,21.271,-64.175,89.246,1.0
136.3,128.252791,37.94782,2633.4732192000006,19.801,-62.627,90.34,1.0
136.4,128.252871,37.947835,2610.006972,18.474,-61.069,91.302,1.0
136.5,128.252958,37.947847,2586.6693504000004,17.269,-59.502,92.151,1.0
136.6,128.253053,37.947857,2563.4816904,16.17,-57.927,92.903,1.0
136.7,128.253154,37.947866,2540.465328,15.161,-56.345,93.573,1.0
136.8,128.253263,37.947872,2517.6422088,14.233,-54.758,94.17,1.0
136.9,128.25338,37.947876,2495.0336688,13.376,-53.167,94.705,1.0
137.0,128.253503,37.947878,2472.661044,12.58,-51.571,95.185,1.0
137.1,128.253633,37.947878,2450.5453656,11.84,-49.971,95.617,1.0
137.2,128.25377,37.947877,2428.7082744000004,11.151,-48.369,96.007,1.0
137.3,128.253914,37.947873,2407.1698872,10.506,-46.764,96.359,1.0
137.4,128.254065,37.947868,2385.95154,9.903,-45.157,96.677,1.0
137.5,128.254223,37.947861,2365.0730448000004,9.337,-43.547,96.965,1.0
137.6,128.254387,37.947852,2344.5548232,8.806,-41.936,97.227,1.0
137.7,128.254558,37.947841,2324.4163824,8.306,-40.323,97.465,1.0
137.8,128.254735,37.947829,2304.6772296,7.837,-38.709,97.681,1.0
137.9,128.254919,37.947815,2285.3562624,7.395,-37.094,97.877,1.0
138.0,128.255108,37.9478,2266.4720736,6.979,-35.479,98.057,1.0
138.1,128.255304,37.947783,2248.0429512,6.587,-33.862,98.22,1.0
138.2,128.255505,37.947764,2230.0862688,6.218,-32.245,98.369,1.0
138.3,128.255712,37.947745,2212.6194,5.871,-30.627,98.505,1.0
138.4,128.255925,37.947724,2195.6591088,5.542,-29.01,98.63,1.0
138.5,128.256142,37.947701,2179.2212448,5.232,-27.392,98.743,1.0
138.6,128.256365,37.947678,2163.3213528,4.938,-25.774,98.847,1.0
138.7,128.256593,37.947653,2147.974368,4.66,-24.156,98.942,1.0
138.8,128.256826,37.947627,2133.1949208,4.395,-22.538,99.028,1.0
138.9,128.257063,37.9476,2118.9961176,4.143,-20.92,99.107,1.0
139.0,128.257305,37.947571,2105.3913696,3.901,-19.303,99.179,1.0
139.1,128.25755,37.947542,2092.392564,3.667,-17.686,99.243,1.0
139.2,128.2578,37.947512,2080.0118928,3.441,-16.07,99.301,1.0
139.3,128.258053,37.947481,2068.260024,3.222,-14.454,99.352,1.0
139.4,128.25831,37.947449,2057.1467112,3.008,-12.839,99.398,1.0
139.5,128.25857,37.947417,2046.681708,2.798,-11.225,99.437,1.0
139.6,128.258833,37.947383,2036.873244,2.591,-9.612,99.471,1.0
139.7,128.259099,37.94735,2027.7295488,2.388,-7.999,99.499,1.0
139.8,128.259368,37.947315,2019.257328,2.188,-6.388,99.521,1.0
139.9,128.259639,37.94728,2011.4623728000001,1.991,-4.778,99.537,1.0
140.0,128.259912,37.947244,2004.3501696,1.796,-3.169,99.549,1.0
140.1,128.260186,37.947208,1997.9255952,1.605,-1.562,99.555,1.0
140.2,128.260463,37.947172,1992.1916976,1.416,0.043,99.556,1.0
140.3,128.26074,37.947135,1987.1515248,1.23,1.647,99.551,1.0
140.4,128.261019,37.947098,1982.8072104,1.047,3.249,99.542,0.9958579084983292
140.5,128.261299,37.94706,1979.1596688,0.866,4.849,99.528,0.987186579178886
140.6,128.261579,37.947023,1976.2092048000002,0.689,6.448,99.509,0.9780031713869124
140.7,128.26186,37.946985,1973.9555136000001,0.513,8.044,99.485,0.9606504166456565
140.8,128.262141,37.946948,1972.3970712,0.341,9.638,99.456,0.9398919392829527
140.9,128.262421,37.94691,1971.5320488,0.171,11.229,99.422,0.9253577810040275
141.0,128.262702,37.946872,1971.3577032,0.003,12.818,99.384,0.9141904771286832
141.1,128.262982,37.946835,1971.8697672,-0.161,14.405,99.341,0.9103615575681435
141.2,128.26326,37.946798,1973.0639736,-0.324,15.988,99.294,0.9103615575681435
141.3,128.263538,37.946761,1974.9357504000002,-0.485,17.569,99.242,0.9103615575681435
141.4,128.263815,37.946724,1977.4786968,-0.644,19.147,99.185,0.9103615575681435
141.5,128.26409,37.946687,1980.6861072000002,-0.802,20.721,99.123,0.9103615575681435
141.6,128.264364,37.946651,1984.5509712,-0.957,22.293,99.057,0.9103615575681435
141.7,128.264635,37.946615,1989.0650592000002,-1.112,23.861,98.986,0.9103615575681435
141.8,128.264904,37.94658,1994.2201416,-1.265,25.426,98.91,0.9103615575681435
141.9,128.265171,37.946545,2000.0070744000002,-1.418,26.987,98.829,0.9103615575681435
142.0,128.265436,37.94651,2006.4154944000002,-1.571,28.545,98.743,0.9103615575681435
142.1,128.265697,37.946476,2013.4356480000001,-1.725,30.099,98.652,0.9103615575681435
142.2,128.265956,37.946443,2021.0562576,-1.881,31.649,98.555,0.9103615575681435
142.3,128.266212,37.94641,2029.2663504000002,-2.041,33.195,98.451,0.9103615575681435
142.4,128.266464,37.946378,2038.0537344000002,-2.206,34.737,98.341,0.9103615575681435
142.5,128.266713,37.946347,2047.4062176000002,-2.376,36.276,98.224,0.9103615575681435
142.6,128.266958,37.946316,2057.3109984,-2.553,37.81,98.099,0.9103615575681435
142.7,128.267199,37.946286,2067.7546656,-2.738,39.339,97.965,0.9103615575681435
142.8,128.267436,37.946257,2078.7241128,-2.932,40.865,97.822,0.9103615575681435
142.9,128.26767,37.946229,2090.2050144,-3.136,42.386,97.669,0.9103615575681435
143.0,128.267899,37.946201,2102.1833496,-3.352,43.903,97.504,0.9103615575681435
143.1,128.268123,37.946174,2114.6444880000004,-3.579,45.414,97.327,0.9103615575681435
143.2,128.268343,37.946148,2127.5734944,-3.821,46.922,97.136,0.9103615575681435
143.3,128.268558,37.946123,2140.9554336,-4.077,48.424,96.931,0.9103615575681435
143.4,128.268769,37.946099,2154.7747608,-4.35,49.922,96.708,0.9103615575681435
143.5,128.268975,37.946076,2169.016236,-4.642,51.414,96.467,0.9103615575681435
143.6,128.269175,37.946054,2183.6640096,-4.955,52.901,96.205,0.9103615575681435
143.7,128.269371,37.946033,2198.7025368000004,-5.29,54.383,95.921,0.9103615575681435
143.8,128.269561,37.946013,2214.1156632,-5.65,55.86,95.61,0.9103615575681435
143.9,128.269746,37.945994,2229.8875392000004,-6.04,57.331,95.27,0.9103615575681435
144.0,128.269926,37.945975,2246.0020104,-6.462,58.796,94.897,0.9103615575681435
144.1,128.270101,37.945958,2262.4429224,-6.924,60.255,94.486,0.9103615575681435
144.2,128.27027,37.945942,2279.1944256,-7.429,61.708,94.031,0.9103615575681435
144.3,128.270433,37.945927,2296.2400608,-7.986,63.154,93.525,0.9103615575681435
144.4,128.270591,37.945913,2313.5639784,-8.602,64.594,92.96,0.9103615575681435
144.5,128.270743,37.9459,2331.1497192,-9.288,66.026,92.326,0.9103615575681435
144.6,128.27089,37.945888,2348.9817384000003,-10.058,67.45,91.609,0.9103615575681435
144.7,128.271031,37.945877,2367.0438816,-10.926,68.866,90.795,0.9103615575681435
144.8,128.271166,37.945867,2385.3202992,-11.913,70.272,89.862,0.9103615575681435
144.9,128.271295,37.945859,2403.7951416,-13.046,71.668,88.785,0.9103615575681435
145.0,128.271419,37.945851,2422.4528640000003,-14.359,73.052,87.529,0.9103615575681435
145.1,128.271537,37.945845,2441.2782264,-15.896,74.421,86.05,0.9103615575681435
145.2,128.271649,37.945839,2460.255684,-17.718,75.774,84.287,0.9103615575681435
145.3,128.271755,37.945835,2479.3703016000004,-19.91,77.106,82.155,0.9103615575681435
145.4,128.271856,37.945832,2498.6068392,-22.589,78.411,79.537,0.9103615575681435
145.5,128.271951,37.94583,2517.9509712000004,-25.925,79.682,76.265,0.9103615575681435
145.6,128.27204,37.945829,2537.3880672,-30.159,80.905,72.095,0.9103615575681435
145.7,128.272123,37.945829,2556.9038016,-35.645,82.061,66.676,0.9103615575681435
145.8,128.272201,37.94583,2576.4838488000005,-42.877,83.118,59.512,0.9103615575681435
145.9,128.272272,37.945832,2596.1144928,-52.478,84.026,49.983,0.9103615575681435
146.0,128.272339,37.945836,2615.7948192000003,-64.939,84.711,37.596,0.9103615575681435
146.1,128.272399,37.94584,2635.5294000000004,-80.042,85.082,22.57,0.9103615575681435
146.2,128.272454,37.945846,2655.304824,-96.29,85.076,6.4,0.9103615575681435
146.3,128.272504,37.945852,2675.1085943999997,-111.328,84.693,351.443,0.9103615575681435
146.4,128.272548,37.94586,2694.9273000000003,-123.595,83.999,339.25,0.9103615575681435
146.5,128.272586,37.945869,2714.7490536,-132.898,83.08,330.012,0.9103615575681435
146.6,128.272619,37.945879,2734.5613584,-139.753,82.008,323.22,0.9103615575681435
146.7,128.272646,37.94589,2754.3517176,-144.769,80.83,318.277,0.9103615575681435
146.8,128.272668,37.945902,2774.1082440000005,-148.485,79.578,314.672,0.9103615575681435
146.9,128.272685,37.945915,2793.8193552000002,-151.329,78.276,312.011,0.9103615575681435
147.0,128.272696,37.945929,2813.4731640000005,-153.64,76.944,309.989,0.9103615575681435
147.1,128.272702,37.945944,2833.0593072,-155.638,75.593,308.396,0.9103615575681435
147.2,128.272703,37.945961,2852.5671168000003,-157.45,74.233,307.096,0.9103615575681435
147.3,128.272699,37.945978,2871.9862296,-159.138,72.87,306.004,0.9103615575681435
147.4,128.27269,37.945997,2891.3068920000005,-160.723,71.507,305.064,0.9103615575681435
147.5,128.272676,37.946017,2910.5190456,-162.206,70.148,304.244,0.9103615575681435
147.6,128.272657,37.946038,2929.6126320000003,-163.605,68.794,303.504,0.9103615575681435
147.7,128.272633,37.946061,2948.5775928000003,-164.936,67.448,302.81,0.9103615575681435
147.8,128.272605,37.946084,2967.4041744,-166.203,66.111,302.135,0.9103615575681435
147.9,128.272572,37.946109,2986.0826232000004,-167.361,64.778,301.491,0.9103615575681435
148.0,128.272534,37.946136,3004.6022712000004,-168.353,63.445,300.904,0.9103615575681435
148.1,128.272492,37.946163,3022.9527552000004,-169.166,62.109,300.388,0.9103615575681435
148.2,128.272445,37.946192,3041.1237120000005,-169.821,60.769,299.94,0.9103615575681435
148.3,128.272394,37.946223,3059.1050832,-170.358,59.422,299.55,0.9103615575681435
148.4,128.272338,37.946254,3076.8871152,-170.814,58.07,299.205,0.9103615575681435
148.5,128.272278,37.946287,3094.4609688000005,-171.216,56.712,298.897,0.9103615575681435
148.6,128.272213,37.946321,3111.8178048000004,-171.584,55.349,298.62,0.9103615575681435
148.7,128.272145,37.946356,3128.9493936000003,-171.931,53.98,298.37,0.9103615575681435
148.8,128.272071,37.946393,3145.8472008000003,-172.263,52.606,298.143,0.9103615575681435
148.9,128.271994,37.94643,3162.5036064,-172.585,51.227,297.937,0.9103615575681435
149.0,128.271913,37.946469,3178.9106856,-172.9,49.845,297.751,0.9103615575681435
149.1,128.271828,37.946509,3195.0611232,-173.209,48.459,297.583,0.9103615575681435
149.2,128.271738,37.946551,3210.9472992,-173.513,47.069,297.432,0.9103615575681435
149.3,128.271645,37.946593,3226.5615936000004,-173.811,45.676,297.297,0.9103615575681435
149.4,128.271548,37.946637,3241.8976056000006,-174.104,44.28,297.177,0.9103615575681435
149.5,128.271448,37.946681,3256.9474104,-174.393,42.881,297.07,0.9103615575681435
149.6,128.271343,37.946727,3271.704912,-174.677,41.48,296.976,0.9103615575681435
149.7,128.271235,37.946774,3286.1627952,-174.957,40.076,296.895,0.9103615575681435
149.8,128.271124,37.946822,3300.314964,-175.234,38.669,296.824,0.9103615575681435
149.9,128.271009,37.94687,3314.1547127999997,-175.507,37.26,296.765,0.9103615575681435
150.0,128.270891,37.94692,3327.6756408,-175.777,35.849,296.715,0.9103615575681435
150.1,128.27077,37.946971,3340.8722616,-176.044,34.435,296.675,0.9103615575681435
150.2,128.270645,37.947023,3353.7378696,-176.308,33.019,296.644,0.9103615575681435
150.3,128.270517,37.947076,3366.2672832,-176.569,31.601,296.621,0.9103615575681435
150.4,128.270387,37.94713,3378.4544064,-176.828,30.181,296.607,0.9103615575681435
150.5,128.270253,37.947185,3390.2937528,-177.085,28.759,296.6,0.9103615575681435
150.6,128.270117,37.947241,3401.7804456000003,-177.34,27.335,296.6,0.9103615575681435
150.7,128.269977,37.947298,3412.9086936000003,-177.594,25.909,296.607,0.9103615575681435
150.8,128.269835,37.947355,3423.6739248000003,-177.846,24.481,296.621,0.9103615575681435
150.9,128.269691,37.947414,3434.0709576000004,-178.096,23.051,296.641,0.9103615575681435
151.0,128.269544,37.947473,3444.0946104,-178.345,21.62,296.667,0.9103615575681435
151.1,128.269394,37.947534,3453.7409208000004,-178.594,20.187,296.699,0.9103615575681435
151.2,128.269243,37.947595,3463.0047072,-178.841,18.753,296.737,0.9103615575681435
151.3,128.269089,37.947657,3471.8817024,-179.089,17.316,296.78,0.9103615575681435
151.4,128.268933,37.947719,3480.3679440000005,-179.336,15.879,296.829,0.9103615575681435
151.5,128.268774,37.947783,3488.4585552000003,-179.583,14.44,296.883,0.9103615575681435
151.6,128.268614,37.947847,3496.1501832,-179.83,13.0,296.942,0.9103615575681435
151.7,128.268452,37.947912,3503.4385608000002,179.922,11.558,297.006,0.9103615575681435
151.8,128.268288,37.947978,3510.3197256000003,179.675,10.116,297.076,0.9103615575681435
151.9,128.268122,37.948044,3516.7903248000002,179.427,8.672,297.15,0.9103615575681435
152.0,128.267955,37.948112,3522.8463960000004,179.179,7.227,297.23,0.9103615575681435
152.1,128.267786,37.948179,3528.4845864000004,178.929,5.782,297.315,0.9103615575681435
152.2,128.267616,37.948248,3533.7015432000003,178.68,4.335,297.404,0.9103615575681435
152.3,128.267445,37.948317,3538.4939136000003,178.428,2.888,297.499,0.9103615575681435
152.4,128.267272,37.948387,3542.8586496000003,178.176,1.439,297.598,0.9103615575681435
152.5,128.267098,37.948457,3546.7927032000002,177.922,-0.008,297.703,0.9103615575681435
152.6,128.266923,37.948528,3550.2933312,177.667,-1.458,297.813,0.9103615575681435
152.7,128.266747,37.948599,3553.3571808,177.409,-2.908,297.928,0.9103615575681435
152.8,128.26657,37.948671,3555.9818136000004,177.15,-4.358,298.048,0.9103615575681435
152.9,128.266392,37.948744,3558.1647912000003,176.888,-5.808,298.174,0.9103615575681435
153.0,128.266214,37.948817,3559.9033704000003,176.625,-7.259,298.306,0.9103615575681435
153.1,128.266035,37.94889,3561.1957224000002,176.358,-8.71,298.444,0.9103615575681435
153.2,128.265856,37.948964,3562.0387992,176.088,-10.162,298.587,0.9103615575681435
153.3,128.265676,37.949038,3562.4310768,175.816,-11.613,298.737,0.9103615575681435
153.4,128.265496,37.949113,3562.3707264,175.539,-13.064,298.893,0.9103615575681435
153.5,128.265316,37.949187,3561.8550048,175.259,-14.515,299.056,0.9103615575681435
153.6,128.265136,37.949263,3560.8829976,174.973,-15.965,299.226,0.9103615575681435
153.7,128.264956,37.949338,3559.4528760000003,174.683,-17.416,299.403,0.9103615575681435
153.8,128.264775,37.949414,3557.5628112,174.387,-18.866,299.588,0.9103615575681435
153.9,128.264596,37.94949,3555.2118888,174.084,-20.315,299.781,0.9103615575681435
154.0,128.264416,37.949567,3552.3988896000005,173.775,-21.764,299.983,0.9103615575681435
154.1,128.264237,37.949643,3549.1225944,173.458,-23.212,300.194,0.9103615575681435
154.2,128.264059,37.94972,3545.3820888,173.134,-24.66,300.414,0.9103615575681435
154.3,128.263881,37.949797,3541.177068,172.8,-26.106,300.645,0.9103615575681435
154.4,128.263704,37.949874,3536.5066176,172.457,-27.552,300.887,0.9103615575681435
154.5,128.263528,37.949951,3531.3704328000003,172.104,-28.997,301.141,0.9103615575681435
154.6,128.263353,37.950028,3525.7688184000003,171.74,-30.44,301.407,0.9103615575681435
154.7,128.263179,37.950105,3519.7011648,171.364,-31.882,301.687,0.9103615575681435
154.8,128.263007,37.950182,3513.1677768,170.974,-33.323,301.981,0.9103615575681435
154.9,128.262836,37.950259,3506.1695688000004,170.57,-34.762,302.291,0.9103615575681435
155.0,128.262666,37.950336,3498.7068456,170.151,-36.2,302.617,0.9103615575681435
155.1,128.262498,37.950413,3490.7805215999997,169.714,-37.636,302.962,0.9103615575681435
155.2,128.262331,37.950489,3482.3918160000003,169.259,-39.07,303.326,0.9103615575681435
155.3,128.262167,37.950566,3473.541948,168.784,-40.502,303.711,0.9103615575681435
155.4,128.262004,37.950642,3464.2324416,168.286,-41.931,304.12,0.9103615575681435
155.5,128.261844,37.950718,3454.4651256,167.764,-43.358,304.554,0.9103615575681435
155.6,128.261685,37.950794,3444.2424384,167.215,-44.782,305.015,0.9103615575681435
155.7,128.261529,37.95087,3433.5665136000002,166.637,-46.203,305.506,0.9103615575681435
155.8,128.261376,37.950945,3422.4397896000005,166.026,-47.62,306.031,0.9103615575681435
155.9,128.261225,37.95102,3410.8656192000003,165.38,-49.034,306.592,0.9103615575681435
156.0,128.261077,37.951094,3398.8473552000005,164.693,-50.444,307.193,0.9103615575681435
156.1,128.260932,37.951168,3386.3880456,163.963,-51.85,307.832,0.9103615575681435
156.2,128.260789,37.951241,3373.4922624000005,163.188,-53.254,308.514,0.9103615575681435
156.3,128.26065,37.951314,3360.1636632,162.368,-54.657,309.244,0.9103615575681435
156.4,128.260514,37.951387,3346.4065152,161.501,-56.057,310.028,0.9103615575681435
156.5,128.260381,37.951458,3332.2256952000002,160.582,-57.455,310.874,0.9103615575681435
156.6,128.260252,37.951529,3317.6257752,159.605,-58.849,311.79,0.9103615575681435
156.7,128.260127,37.9516,3302.6122416000003,158.561,-60.238,312.787,0.9103615575681435
156.8,128.260005,37.95167,3287.1899712000004,157.438,-61.621,313.876,0.9103615575681435
156.9,128.259887,37.951738,3271.3656696,156.222,-62.996,315.071,0.9103615575681435
157.0,128.259774,37.951806,3255.1454328000004,154.896,-64.363,316.391,0.9103615575681435
157.1,128.259664,37.951874,3238.5402336,153.437,-65.719,317.857,0.9103615575681435
157.2,128.259559,37.95194,3221.5790280000006,151.813,-67.068,319.501,0.9103615575681435
157.3,128.259458,37.952005,3204.2715696,150.0,-68.398,321.346,0.9103615575681435
157.4,128.259362,37.952069,3186.6263928,147.963,-69.703,323.423,0.9103615575681435
157.5,128.259271,37.952131,3168.6526416,145.659,-70.978,325.775,0.9103615575681435
157.6,128.259184,37.952193,3150.3600696,143.037,-72.217,328.452,0.9103615575681435
157.7,128.259103,37.952253,3131.7584304,140.031,-73.413,331.518,0.9103615575681435
157.8,128.259026,37.952312,3112.8577824000004,136.571,-74.555,335.043,0.9103615575681435
157.9,128.258955,37.95237,3093.6687936000003,132.572,-75.631,339.109,0.9103615575681435
158.0,128.258889,37.952427,3074.2027416000005,127.948,-76.626,343.802,0.9103615575681435
158.1,128.258828,37.952481,3054.4712088,122.617,-77.519,349.204,0.9103615575681435
158.2,128.258773,37.952535,3034.4854728,116.519,-78.287,355.373,0.9103615575681435
158.3,128.258723,37.952587,3014.2583352000006,109.649,-78.904,2.315,0.9103615575681435
158.4,128.258679,37.952637,2993.8016832,102.086,-79.343,9.949,0.9103615575681435
158.5,128.25864,37.952686,2973.1286232,94.019,-79.582,18.086,0.9103615575681435
158.6,128.258607,37.952733,2952.2522616,85.741,-79.606,26.434,0.9103615575681435
158.7,128.25858,37.952778,2931.1863144000004,77.588,-79.413,34.657,0.9103615575681435
158.8,128.258559,37.952822,2909.9448024000003,69.871,-79.015,42.443,0.9103615575681435
158.9,128.258544,37.952864,2888.5414416000003,62.808,-78.432,49.576,0.9103615575681435
159.0,128.258535,37.952904,2866.9911672,56.505,-77.69,55.949,0.9103615575681435
159.1,128.258532,37.952942,2845.3086096,50.966,-76.817,61.555,0.9103615575681435
159.2,128.258535,37.952979,2823.5090088,46.14,-75.839,66.448,0.9103615575681435
159.3,128.258544,37.953013,2801.6079096000003,41.951,-74.774,70.704,0.9103615575681435
159.4,128.258559,37.953046,2779.6208568,38.323,-73.64,74.406,0.9103615575681435
159.5,128.258581,37.953076,2757.5640048,35.182,-72.447,77.63,0.9103615575681435
159.6,128.258609,37.953105,2735.4538128,32.464,-71.206,80.44,0.9103615575681435
159.7,128.258643,37.953131,2713.30674,30.109,-69.923,82.897,0.9103615575681435
159.8,128.258684,37.953155,2691.1395504,28.062,-68.605,85.05,0.9103615575681435
159.9,128.258731,37.953178,2668.9696176,26.266,-67.258,86.95,0.9103615575681435
160.0,128.258785,37.953198,2646.8134008,24.67,-65.889,88.643,0.9103615575681435
160.1,128.258844,37.953215,2624.6888832,23.243,-64.501,90.16,0.9103615575681435
160.2,128.258911,37.953231,2602.6134384,21.963,-63.097,91.527,0.9103615575681435
160.3,128.258983,37.953245,2580.6041352,20.809,-61.678,92.765,0.9103615575681435
160.4,128.259062,37.953256,2558.6795664,19.765,-60.248,93.891,0.9103615575681435
160.5,128.259148,37.953265,2536.8571056000005,18.815,-58.807,94.921,0.9103615575681435
160.6,128.259239,37.953271,2515.1550408000003,17.948,-57.358,95.866,0.9103615575681435
160.7,128.259337,37.953276,2493.5913552,17.155,-55.9,96.737,0.9103615575681435
160.8,128.259441,37.953278,2472.184032,16.426,-54.435,97.544,0.9103615575681435
160.9,128.259552,37.953278,2450.951664,15.755,-52.963,98.294,0.9103615575681435
161.0,128.259668,37.953275,2429.9122344,15.137,-51.486,98.993,0.9103615575681435
161.1,128.259791,37.95327,2409.0840312,14.565,-50.003,99.647,0.9103615575681435
161.2,128.25992,37.953263,2388.4850376,14.036,-48.516,100.26,0.9103615575681435
161.3,128.260055,37.953254,2368.1332368000003,13.546,-47.024,100.838,0.9103615575681435
161.4,128.260195,37.953242,2348.0469168,13.092,-45.528,101.383,0.9103615575681435
161.5,128.260342,37.953228,2328.2434512,12.67,-44.028,101.898,0.9103615575681435
161.6,128.260494,37.953211,2308.741128,12.278,-42.525,102.386,0.9103615575681435
161.7,128.260652,37.953193,2289.5567112,11.915,-41.019,102.85,0.9103615575681435
161.8,128.260815,37.953172,2270.7078792,11.576,-39.509,103.291,0.9103615575681435
161.9,128.260984,37.953148,2252.2117008,11.261,-37.997,103.712,0.9103615575681435
162.0,128.261158,37.953123,2234.0846352000003,10.967,-36.481,104.114,0.9103615575681435
162.1,128.261338,37.953095,2216.3434464,10.693,-34.964,104.499,0.9103615575681435
162.2,128.261522,37.953065,2199.003984,10.438,-33.444,104.869,0.9103615575681435
162.3,128.261711,37.953032,2182.0820976,10.199,-31.922,105.224,0.9103615575681435
162.4,128.261906,37.952998,2165.5930272,9.976,-30.398,105.565,0.9103615575681435
162.5,128.262104,37.952961,2149.5520128000003,9.767,-28.873,105.895,0.9103615575681435
162.6,128.262308,37.952923,2133.9736848000002,9.572,-27.345,106.214,0.9103615575681435
162.7,128.262515,37.952882,2118.8717592000003,9.389,-25.817,106.523,0.9103615575681435
162.8,128.262727,37.952839,2104.2602568,9.218,-24.287,106.822,0.9103615575681435
162.9,128.262943,37.952794,2090.1519792,9.058,-22.756,107.113,0.9103615575681435
163.0,128.263163,37.952747,2076.559728,8.908,-21.225,107.396,0.9103615575681435
163.1,128.263386,37.952698,2063.496,8.768,-19.692,107.672,0.9103615575681435
163.2,128.263613,37.952647,2050.9714632,8.638,-18.159,107.941,0.9103615575681435
163.3,128.263843,37.952595,2038.9977000000001,8.517,-16.625,108.204,0.9103615575681435
163.4,128.264076,37.95254,2027.5850736,8.403,-15.091,108.461,0.9103615575681435
163.5,128.264313,37.952484,2016.7430328,8.298,-13.556,108.713,0.9103615575681435
163.6,128.264552,37.952426,2006.4807216000002,8.2,-12.021,108.96,0.9103615575681435
163.7,128.264793,37.952367,1996.8069792000001,8.109,-10.487,109.203,0.9103615575681435
163.8,128.265037,37.952305,1987.7291208000001,8.025,-8.952,109.442,0.9103615575681435
163.9,128.265282,37.952243,1979.2544616000002,7.947,-7.418,109.678,0.9103615575681435
164.0,128.26553,37.952178,1971.3897072000002,7.876,-5.884,109.911,0.9103615575681435
164.1,128.26578,37.952113,1964.140344,7.81,-4.35,110.14,0.9103615575681435
164.2,128.266031,37.952046,1957.5115536,7.751,-2.817,110.368,0.9103615575681435
164.3,128.266283,37.951977,1951.507908,7.698,-1.285,110.592,0.9103615575681435
164.4,128.266536,37.951908,1946.13276,7.65,0.245,110.815,0.9103615575681435
164.5,128.26679,37.951837,1941.3894624000002,7.607,1.776,111.035,0.9103615575681435
164.6,128.267045,37.951765,1937.279844,7.569,3.305,111.254,0.9103615575681435
164.7,128.267301,37.951692,1933.8057336,7.536,4.833,111.47,0.9103615575681435
164.8,128.267556,37.951618,1930.9680456,7.508,6.36,111.686,0.9103615575681435
164.9,128.267812,37.951543,1928.7667800000002,7.483,7.886,111.9,0.9103615575681435
165.0,128.268067,37.951467,1927.2013272000002,7.462,9.41,112.112,0.9103615575681435
165.1,128.268322,37.951391,1926.2701632,7.445,10.933,112.324,0.9103615575681435
165.2,128.268576,37.951314,1925.9720688,7.43,12.454,112.535,0.9103615575681435
165.3,128.26883,37.951236,1926.3036912000002,7.419,13.973,112.746,0.9103615575681435
165.4,128.269082,37.951158,1927.2619823999999,7.41,15.49,112.956,0.9103615575681435
165.5,128.269334,37.951079,1928.8429800000001,7.403,17.005,113.166,0.9103615575681435
165.6,128.269584,37.950999,1931.042112,7.399,18.517,113.377,0.9103615575681435
165.7,128.269832,37.95092,1933.8541968000002,7.397,20.028,113.588,0.9103615575681435
165.8,128.270079,37.95084,1937.2734432000002,7.397,21.536,113.799,0.9103615575681435
165.9,128.270324,37.95076,1941.2931456000001,7.398,23.041,114.011,0.9103615575681435
166.0,128.270566,37.95068,1945.9062936000003,7.402,24.544,114.224,0.9103615575681435
166.1,128.270807,37.950599,1951.1055720000002,7.408,26.044,114.439,0.9103615575681435
166.2,128.271044,37.950519,1956.8830560000001,7.416,27.541,114.654,0.9103615575681435
166.3,128.27128,37.950439,1963.2296016000003,7.425,29.036,114.871,0.9103615575681435
166.4,128.271512,37.950359,1970.1366744000002,7.436,30.527,115.09,0.9103615575681435
166.5,128.271741,37.950279,1977.5942160000002,7.449,32.015,115.311,0.9103615575681435
166.6,128.271968,37.9502,1985.5921680000001,7.465,33.5,115.535,0.9103615575681435
166.7,128.272191,37.950121,1994.1204720000003,7.484,34.981,115.761,0.9103615575681435
166.8,128.272411,37.950042,2003.1678504000001,7.506,36.459,115.99,0.9103615575681435
166.9,128.272627,37.949964,2012.7230256,7.531,37.934,116.222,0.9103615575681435
167.0,128.272839,37.949886,2022.7750248,7.56,39.405,116.458,0.9103615575681435
167.1,128.273048,37.949809,2033.3110464000001,7.592,40.873,116.697,0.9103615575681435
167.2,128.273253,37.949733,2044.319508,7.627,42.336,116.94,0.9103615575681435
167.3,128.273454,37.949658,2055.7873032,7.666,43.797,117.187,0.9103615575681435
167.4,128.273651,37.949583,2067.7019352,7.708,45.253,117.438,0.9103615575681435
167.5,128.273843,37.949509,2080.049688,7.754,46.706,117.695,0.9103615575681435
167.6,128.274031,37.949436,2092.8180648000002,7.803,48.155,117.957,0.9103615575681435
167.7,128.274215,37.949364,2105.99274,7.855,49.599,118.225,0.9103615575681435
167.8,128.274395,37.949294,2119.5606072,7.912,51.04,118.502,0.9103615575681435
167.9,128.274569,37.949224,2133.5073408000003,7.976,52.476,118.79,0.9103615575681435
168.0,128.27474,37.949155,2147.81892,8.049,53.908,119.089,0.9103615575681435
168.1,128.274905,37.949088,2162.4816288,8.134,55.336,119.401,0.9103615575681435
168.2,128.275066,37.949022,2177.4808368000004,8.232,56.758,119.728,0.9103615575681435
168.3,128.275222,37.948957,2192.8025232000005,8.346,58.176,120.071,0.9103615575681435
168.4,128.275373,37.948894,2208.4326672,8.479,59.59,120.432,0.9103615575681435
168.5,128.275519,37.948832,2224.3566384,8.633,60.999,120.813,0.9103615575681435
168.6,128.275661,37.948771,2240.5601112,8.811,62.403,121.219,0.9103615575681435
168.7,128.275797,37.948712,2257.0290648,9.018,63.802,121.653,0.9103615575681435
168.8,128.275928,37.948654,2273.7491736,9.258,65.197,122.119,0.9103615575681435
168.9,128.276055,37.948598,2290.7058072000004,9.536,66.586,122.623,0.9103615575681435
169.0,128.276176,37.948543,2307.8849448,9.86,67.97,123.173,0.9103615575681435
169.1,128.276292,37.94849,2325.2725656000002,10.239,69.349,123.776,0.9103615575681435
169.2,128.276403,37.948439,2342.8546488,10.684,70.722,124.445,0.9103615575681435
169.3,128.276509,37.948389,2360.6171736,11.209,72.089,125.194,0.9103615575681435
169.4,128.276611,37.948341,2378.5461192000002,11.833,73.45,126.042,0.9103615575681435
169.5,128.276707,37.948295,2396.6280744,12.584,74.804,127.016,0.9103615575681435
169.6,128.276797,37.948251,2414.8666968,13.491,76.145,128.146,0.9103615575681435
169.7,128.276883,37.948208,2433.2616816,14.605,77.474,129.482,0.9103615575681435
169.8,128.276964,37.948167,2451.7996176,16.006,78.796,131.105,0.9103615575681435
169.9,128.277041,37.948127,2470.4680080000003,17.806,80.109,133.126,0.9103615575681435
170.0,128.277112,37.94809,2489.2537464,20.184,81.408,135.725,0.9103615575681435
170.1,128.277178,37.948054,2508.1446408,23.432,82.685,139.194,0.9103615575681435
170.2,128.277239,37.94802,2527.1278896000003,28.067,83.926,144.05,0.9103615575681435
170.3,128.277295,37.947988,2546.1916056000005,35.046,85.104,151.25,0.9103615575681435
170.4,128.277346,37.947957,2565.3232920000005,46.178,86.161,162.605,0.9103615575681435
170.5,128.277393,37.947929,2584.5110616,64.409,86.97,181.058,0.9103615575681435
170.6,128.277434,37.947903,2603.7427224000003,90.839,87.3,207.713,0.9103615575681435
170.7,128.277471,37.947878,2623.0069968,117.455,86.99,234.551,0.9103615575681435
170.8,128.277502,37.947855,2642.2923024,136.037,86.197,253.349,0.9103615575681435
170.9,128.277529,37.947834,2661.586752,147.526,85.155,265.048,0.9103615575681435
171.0,128.277552,37.947816,2680.879068,154.882,83.993,272.611,0.9103615575681435
171.1,128.277569,37.947799,2700.1585824000003,159.925,82.77,277.871,0.9103615575681435
171.2,128.277582,37.947784,2719.4137127999998,163.578,81.512,281.766,0.9103615575681435
171.3,128.27759,37.947771,2738.6344008000005,166.288,80.229,284.767,0.9103615575681435
171.4,128.277593,37.947759,2757.8099784000005,168.307,78.929,287.138,0.9103615575681435
171.5,128.277592,37.94775,2776.9306920000004,169.798,77.618,289.04,0.9103615575681435
171.6,128.277587,37.947743,2795.986788,170.88,76.297,290.586,0.9103615575681435
171.7,128.277577,37.947738,2814.9688176,171.65,74.972,291.855,0.9103615575681435
171.8,128.277562,37.947735,2833.8673320000003,172.186,73.644,292.909,0.9103615575681435
171.9,128.277544,37.947734,2852.6728824,172.556,72.315,293.797,0.9103615575681435
172.0,128.277521,37.947735,2871.3763248,172.814,70.985,294.559,0.9103615575681435
172.1,128.277494,37.947738,2889.9682104,173.002,69.657,295.226,0.9103615575681435
172.2,128.277463,37.947743,2908.4393952,173.146,68.328,295.82,0.9103615575681435
172.3,128.277428,37.94775,2926.7804304000006,173.254,66.999,296.35,0.9103615575681435
172.4,128.277389,37.947759,2944.9824768,173.328,65.669,296.822,0.9103615575681435
172.5,128.277346,37.94777,2963.0360855999998,173.379,64.338,297.242,0.9103615575681435
172.6,128.277299,37.947783,2980.9330272,173.426,63.005,297.626,0.9103615575681435
172.7,128.277248,37.947799,2998.6641576,173.478,61.671,297.982,0.9103615575681435
172.8,128.277194,37.947816,3016.2209424,173.54,60.335,298.319,0.9103615575681435
172.9,128.277136,37.947836,3033.5945424,173.614,58.998,298.641,0.9103615575681435
173.0,128.277074,37.947857,3050.7773376,173.696,57.658,298.952,0.9103615575681435
173.1,128.277008,37.947881,3067.7604888,173.783,56.316,299.255,0.9103615575681435
173.2,128.276939,37.947906,3084.5366808,173.87,54.972,299.55,0.9103615575681435
173.3,128.276866,37.947934,3101.0982936,173.95,53.625,299.836,0.9103615575681435
173.4,128.27679,37.947963,3117.4380120000005,174.014,52.276,300.113,0.9103615575681435
173.5,128.27671,37.947995,3133.548216,174.062,50.925,300.379,0.9103615575681435
173.6,128.276628,37.948028,3149.4225048000003,174.093,49.571,300.637,0.9103615575681435
173.7,128.276542,37.948064,3165.0541728000003,174.11,48.216,300.887,0.9103615575681435
173.8,128.276452,37.948101,3180.4362096000004,174.114,46.859,301.13,0.9103615575681435
173.9,128.27636,37.94814,3195.5619096000005,174.105,45.5,301.367,0.9103615575681435
174.0,128.276265,37.948181,3210.4254816000002,174.086,44.14,301.599,0.9103615575681435
174.1,128.276166,37.948224,3225.0199152,174.056,42.778,301.827,0.9103615575681435
174.2,128.276065,37.948269,3239.3394192000005,174.017,41.415,302.051,0.9103615575681435
174.3,128.275961,37.948315,3253.3778976000003,173.97,40.05,302.272,0.9103615575681435
174.4,128.275854,37.948363,3267.1295592,173.914,38.684,302.489,0.9103615575681435
174.5,128.275744,37.948413,3280.5886127999997,173.851,37.317,302.705,0.9103615575681435
174.6,128.275632,37.948465,3293.7492672,173.78,35.948,302.918,0.9103615575681435
174.7,128.275517,37.948519,3306.606036,173.703,34.578,303.13,0.9103615575681435
174.8,128.2754,37.948574,3319.1534328000002,173.618,33.207,303.34,0.9103615575681435
174.9,128.27528,37.948631,3331.3862760000006,173.527,31.834,303.55,0.9103615575681435
175.0,128.275158,37.948689,3343.2993840000004,173.43,30.46,303.758,0.9103615575681435
175.1,128.275033,37.948749,3354.8875752000004,173.327,29.085,303.967,0.9103615575681435
175.2,128.274907,37.948811,3366.1459728,173.217,27.708,304.175,0.9103615575681435
175.3,128.274778,37.948875,3377.0697,173.101,26.33,304.383,0.9103615575681435
175.4,128.274647,37.94894,3387.6541848,172.98,24.95,304.592,0.9103615575681435
175.5,128.274514,37.949006,3397.8945504000003,172.852,23.57,304.801,0.9103615575681435
175.6,128.27438,37.949074,3407.7862248,172.719,22.187,305.011,0.9103615575681435
175.7,128.274243,37.949143,3417.3252456,172.581,20.804,305.222,0.9103615575681435
175.8,128.274105,37.949214,3426.5067360000003,172.436,19.419,305.435,0.9103615575681435
175.9,128.273965,37.949287,3435.3267336,172.286,18.033,305.648,0.9103615575681435
176.0,128.273823,37.949361,3443.7809712000003,172.13,16.646,305.864,0.9103615575681435
176.1,128.27368,37.949436,3451.8654864,171.969,15.258,306.081,0.9103615575681435
176.2,128.273535,37.949512,3459.5763168000003,171.801,13.868,306.301,0.9103615575681435
176.3,128.273389,37.94959,3466.9095,171.628,12.478,306.522,0.9103615575681435
176.4,128.273242,37.949669,3473.8613784000004,171.448,11.086,306.747,0.9103615575681435
176.5,128.273093,37.94975,3480.4282944,171.262,9.694,306.974,0.9103615575681435
176.6,128.272943,37.949831,3486.6062856,171.07,8.3,307.205,0.9103615575681435
176.7,128.272793,37.949914,3492.3919992,170.871,6.906,307.438,0.9103615575681435
176.8,128.272641,37.949998,3497.7823872000004,170.666,5.51,307.676,0.9103615575681435
176.9,128.272488,37.950084,3502.7734872000005,170.451,4.114,307.915,0.9103615575681435
177.0,128.272335,37.95017,3507.3628608,170.227,2.717,308.157,0.9103615575681435
177.1,128.27218,37.950257,3511.5465456,169.994,1.318,308.399,0.9103615575681435
177.2,128.272025,37.950346,3515.322408,169.755,-0.081,308.642,0.9103615575681435
177.3,128.27187,37.950436,3518.6864856,169.511,-1.481,308.887,0.9103615575681435
177.4,128.271714,37.950526,3521.63634,169.266,-2.883,309.134,0.9103615575681435
177.5,128.271557,37.950618,3524.1686184,169.021,-4.286,309.383,0.9103615575681435
177.6,128.2714,37.95071,3526.2805776000005,168.776,-5.69,309.634,0.9103615575681435
177.7,128.271243,37.950804,3527.9691696,168.533,-7.095,309.889,0.9103615575681435
177.8,128.271086,37.950898,3529.2316511999998,168.293,-8.501,310.147,0.9103615575681435
177.9,128.270929,37.950993,3530.0652792,168.056,-9.908,310.409,0.9103615575681435
178.0,128.270772,37.951089,3530.4673104,167.821,-11.316,310.675,0.9103615575681435
178.1,128.270615,37.951186,3530.4353064,167.59,-12.725,310.947,0.9103615575681435
178.2,128.270458,37.951283,3529.9671336,167.361,-14.136,311.224,0.9103615575681435
178.3,128.270301,37.951382,3529.0600488000005,167.134,-15.547,311.507,0.9103615575681435
178.4,128.270145,37.95148,3527.7122232,166.908,-16.959,311.797,0.9103615575681435
178.5,128.269989,37.95158,3525.9218280000005,166.681,-18.372,312.094,0.9103615575681435
178.6,128.269834,37.95168,3523.6870344000004,166.453,-19.785,312.399,0.9103615575681435
178.7,128.26968,37.95178,3521.0060136,166.222,-21.2,312.712,0.9103615575681435
178.8,128.269526,37.951881,3517.8772416,165.986,-22.614,313.035,0.9103615575681435
178.9,128.269373,37.951982,3514.2994992,165.744,-24.029,313.368,0.9103615575681435
179.0,128.269221,37.952084,3510.2715672,165.495,-25.444,313.711,0.9103615575681435
179.1,128.26907,37.952186,3505.792836,165.235,-26.858,314.066,0.9103615575681435
179.2,128.26892,37.952288,3500.8623912000003,164.965,-28.273,314.434,0.9103615575681435
179.3,128.268772,37.95239,3495.4796232000003,164.682,-29.687,314.815,0.9103615575681435
179.4,128.268625,37.952493,3489.6442272,164.385,-31.1,315.21,0.9103615575681435
179.5,128.268479,37.952596,3483.3562032000004,164.072,-32.513,315.62,0.9103615575681435
179.6,128.268335,37.952698,3476.6155512,163.742,-33.924,316.047,0.9103615575681435
179.7,128.268192,37.952801,3469.4225760000004,163.394,-35.334,316.492,0.9103615575681435
179.8,128.268051,37.952904,3461.7775824000005,163.024,-36.742,316.956,0.9103615575681435
179.9,128.267912,37.953006,3453.6817896000002,162.633,-38.149,317.441,0.9103615575681435
180.0,128.267775,37.953109,3445.1358072000003,162.217,-39.553,317.949,0.9103615575681435
180.1,128.26764,37.953211,3436.1411592000004,161.775,-40.956,318.481,0.9103615575681435
180.2,128.267507,37.953313,3426.6990648,161.306,-42.355,319.04,0.9103615575681435
180.3,128.267376,37.953414,3416.8116576,160.806,-43.751,319.627,0.9103615575681435
180.4,128.267248,37.953515,3406.4807664000004,160.273,-45.144,320.247,0.9103615575681435
180.5,128.267122,37.953616,3395.7085248000003,159.705,-46.533,320.901,0.9103615575681435
180.6,128.266999,37.953716,3384.4979808,159.098,-47.918,321.593,0.9103615575681435
180.7,128.266879,37.953815,3372.8515728,158.449,-49.299,322.327,0.9103615575681435
180.8,128.266761,37.953914,3360.7726536,157.753,-50.674,323.106,0.9103615575681435
180.9,128.266646,37.954012,3348.2648808,157.007,-52.043,323.937,0.9103615575681435
181.0,128.266534,37.95411,3335.3316072000002,156.204,-53.405,324.824,0.9103615575681435
181.1,128.266426,37.954206,3321.9777096000003,155.339,-54.76,325.774,0.9103615575681435
181.2,128.26632,37.954302,3308.2071504,154.404,-56.108,326.794,0.9103615575681435
181.3,128.266218,37.954396,3294.0248064,153.391,-57.448,327.895,0.9103615575681435
181.4,128.26612,37.95449,3279.4355544,152.289,-58.78,329.086,0.9103615575681435
181.5,128.266025,37.954582,3264.4451856,151.087,-60.102,330.38,0.9103615575681435
181.6,128.265933,37.954673,3249.0591864000003,149.772,-61.412,331.789,0.9103615575681435
181.7,128.265846,37.954763,3233.2839576000006,148.328,-62.708,333.328,0.9103615575681435
181.8,128.265762,37.954852,3217.1255952,146.738,-63.986,335.017,0.9103615575681435
181.9,128.265682,37.954939,3200.5914144000003,144.98,-65.243,336.874,0.9103615575681435
182.0,128.265607,37.955025,3183.6881208000004,143.031,-66.476,338.923,0.9103615575681435
182.1,128.265535,37.955109,3166.4358312,140.857,-67.683,341.2,0.9103615575681435
182.2,128.265468,37.955192,3148.8595392,138.422,-68.858,343.738,0.9103615575681435
182.3,128.265406,37.955272,3130.9677792,135.704,-69.99,346.56,0.9103615575681435
182.4,128.265348,37.955351,3112.7703048000003,132.667,-71.07,349.7,0.9103615575681435
182.5,128.265294,37.955428,3094.2768696,129.274,-72.087,353.196,0.9103615575681435
182.6,128.265246,37.955503,3075.4978368,125.487,-73.033,357.086,0.9103615575681435
182.7,128.265202,37.955576,3056.4438744,121.272,-73.895,1.404,0.9103615575681435
182.8,128.265163,37.955646,3037.1256504000003,116.607,-74.658,6.171,0.9103615575681435
182.9,128.265128,37.955715,3017.555052,111.488,-75.309,11.392,0.9103615575681435
183.0,128.265099,37.955781,2997.7436616,105.941,-75.831,17.041,0.9103615575681435
183.1,128.265075,37.955845,2977.7036712000004,100.027,-76.209,23.058,0.9103615575681435
183.2,128.265057,37.955907,2957.4475776000004,93.846,-76.432,29.342,0.9103615575681435
183.3,128.265043,37.955966,2936.9881824000004,87.532,-76.491,35.761,0.9103615575681435
183.4,128.265034,37.956023,2916.3385920000005,81.236,-76.384,42.161,0.9103615575681435
183.5,128.265031,37.956077,2895.5122176,75.108,-76.115,48.394,0.9103615575681435
183.6,128.265034,37.956129,2874.5230800000004,69.275,-75.693,54.333,0.9103615575681435
183.7,128.265041,37.956178,2853.3855048,63.829,-75.129,59.886,0.9103615575681435
183.8,128.265055,37.956225,2832.1135128,58.821,-74.44,65.002,0.9103615575681435
183.9,128.265073,37.956268,2810.7226488000006,54.271,-73.64,69.661,0.9103615575681435
184.0,128.265097,37.956309,2789.2272384000003,50.168,-72.744,73.873,0.9103615575681435
184.1,128.265127,37.956347,2767.6431312,46.489,-71.767,77.663,0.9103615575681435
184.2,128.265163,37.956382,2745.9858719999997,43.198,-70.72,81.066,0.9103615575681435
184.3,128.265204,37.956415,2724.2716152,40.257,-69.614,84.12,0.9103615575681435
184.4,128.26525,37.956444,2702.5162104,37.627,-68.458,86.864,0.9103615575681435
184.5,128.265302,37.95647,2680.7361168,35.273,-67.258,89.334,0.9103615575681435
184.6,128.26536,37.956494,2658.9484032000005,33.16,-66.022,91.562,0.9103615575681435
184.7,128.265424,37.956514,2637.1692239999998,31.26,-64.753,93.578,0.9103615575681435
184.8,128.265493,37.956531,2615.4165624,29.546,-63.458,95.409,0.9103615575681435
184.9,128.265568,37.956545,2593.7068776,27.996,-62.138,97.077,0.9103615575681435
185.0,128.265649,37.956556,2572.0581528000002,26.591,-60.798,98.601,0.9103615575681435
185.1,128.265735,37.956563,2550.4874568,25.312,-59.439,99.998,0.9103615575681435
185.2,128.265827,37.956567,2529.012468,24.145,-58.064,101.284,0.9103615575681435
185.3,128.265924,37.956569,2507.6511696,23.079,-56.675,102.47,0.9103615575681435
185.4,128.266027,37.956567,2486.42124,22.1,-55.273,103.568,0.9103615575681435
185.5,128.266135,37.956561,2465.3406624,21.2,-53.86,104.588,0.9103615575681435
185.6,128.266249,37.956553,2444.42742,20.371,-52.436,105.537,0.9103615575681435
185.7,128.266368,37.956541,2423.6991912000003,19.605,-51.003,106.424,0.9103615575681435
185.8,128.266492,37.956525,2403.1739592000004,18.895,-49.562,107.254,0.9103615575681435
185.9,128.266622,37.956507,2382.8697072,18.237,-48.113,108.034,0.9103615575681435
186.0,128.266757,37.956485,2362.8038088,17.626,-46.657,108.768,0.9103615575681435
186.1,128.266897,37.95646,2342.994552,17.057,-45.195,109.461,0.9103615575681435
186.2,128.267042,37.956432,2323.4593104,16.526,-43.728,110.117,0.9103615575681435
186.3,128.267192,37.956401,2304.2154576,16.031,-42.255,110.739,0.9103615575681435
186.4,128.267347,37.956366,2285.2800624,15.569,-40.777,111.329,0.9103615575681435
186.5,128.267506,37.956328,2266.6708032,15.136,-39.295,111.892,0.9103615575681435
186.6,128.267671,37.956287,2248.4038344,14.731,-37.808,112.428,0.9103615575681435
186.7,128.267839,37.956242,2230.4962248,14.352,-36.318,112.94,0.9103615575681435
186.8,128.268013,37.956195,2212.9644336,13.996,-34.824,113.431,0.9103615575681435
186.9,128.26819,37.956144,2195.8240056,13.662,-33.326,113.901,0.9103615575681435
187.0,128.268372,37.956091,2179.0907904,13.349,-31.826,114.352,0.9103615575681435
187.1,128.268557,37.956034,2162.7803328,13.054,-30.323,114.785,0.9103615575681435
187.2,128.268747,37.955975,2146.9072632,12.777,-28.817,115.203,0.9103615575681435
187.3,128.26894,37.955912,2131.4865168,12.515,-27.309,115.605,0.9103615575681435
187.4,128.269138,37.955847,2116.5318096,12.269,-25.798,115.994,0.9103615575681435
187.5,128.269338,37.955778,2102.0571624,12.036,-24.285,116.369,0.9103615575681435
187.6,128.269542,37.955707,2088.0753768,11.817,-22.771,116.733,0.9103615575681435
187.7,128.269749,37.955634,2074.5992544,11.609,-21.255,117.085,0.9103615575681435
187.8,128.269959,37.955557,2061.6409872,11.411,-19.737,117.428,0.9103615575681435
187.9,128.270171,37.955478,2049.2118528,11.224,-18.218,117.76,0.9103615575681435
188.0,128.270387,37.955397,2037.3237384000001,11.046,-16.698,118.084,0.9103615575681435
188.1,128.270605,37.955313,2025.9860928,10.876,-15.177,118.399,0.9103615575681435
188.2,128.270825,37.955227,2015.2095840000002,10.715,-13.655,118.707,0.9103615575681435
188.3,128.271047,37.955139,2005.0030512,10.561,-12.133,119.008,0.9103615575681435
188.4,128.271272,37.955048,1995.3750288,10.415,-10.61,119.303,0.9103615575681435
188.5,128.271498,37.954955,1986.3340512000002,10.275,-9.087,119.592,0.9103615575681435
188.6,128.271726,37.95486,1977.8868240000002,10.141,-7.564,119.876,0.9103615575681435
188.7,128.271955,37.954764,1970.0403576,10.014,-6.041,120.154,0.9103615575681435
188.8,128.272185,37.954665,1962.800748,9.893,-4.518,120.429,0.9103615575681435
188.9,128.272417,37.954565,1956.1734816,9.778,-2.995,120.699,0.9103615575681435
189.0,128.272649,37.954463,1950.1628256,9.668,-1.473,120.965,0.9103615575681435
189.1,128.272882,37.954359,1944.7727424000002,9.564,0.048,121.228,0.9103615575681435
189.2,128.273115,37.954254,1940.0068896,9.465,1.569,121.488,0.9103615575681435
189.3,128.273349,37.954148,1935.8674008,9.372,3.089,121.745,0.9103615575681435
189.4,128.273583,37.954041,1932.3567144,9.283,4.609,122.0,0.9103615575681435
189.5,128.273816,37.953932,1929.4754400000002,9.2,6.127,122.253,0.9103615575681435
189.6,128.27405,37.953822,1927.2241872,9.121,7.644,122.503,0.9103615575681435
189.7,128.274283,37.953711,1925.6032608,9.048,9.16,122.753,0.9103615575681435
189.8,128.274515,37.9536,1924.610832,8.979,10.674,123.001,0.9103615575681435
189.9,128.274747,37.953487,1924.2462912,8.916,12.187,123.249,0.9103615575681435
190.0,128.274977,37.953374,1924.5068952000001,8.857,13.698,123.495,0.9103615575681435
190.1,128.275207,37.953261,1925.3895960000002,8.804,15.208,123.741,0.9103615575681435
190.2,128.275435,37.953147,1926.8910408000002,8.756,16.715,123.987,0.9103615575681435
190.3,128.275661,37.953032,1929.0072672000001,8.713,18.221,124.234,0.9103615575681435
190.4,128.275886,37.952918,1931.7330936000003,8.675,19.724,124.48,0.9103615575681435
190.5,128.276109,37.952803,1935.0630336,8.642,21.225,124.727,0.9103615575681435
190.6,128.27633,37.952688,1938.9912960000001,8.614,22.724,124.974,0.9103615575681435
190.7,128.276549,37.952574,1943.5111752000003,8.592,24.221,125.223,0.9103615575681435
190.8,128.276766,37.952459,1948.6153560000002,8.574,25.715,125.473,0.9103615575681435
190.9,128.27698,37.952345,1954.2965232000001,8.562,27.207,125.724,0.9103615575681435
191.0,128.277191,37.952231,1960.5458376000001,8.555,28.696,125.976,0.9103615575681435
191.1,128.2774,37.952118,1967.35446,8.553,30.182,126.231,0.9103615575681435
191.2,128.277606,37.952005,1974.713856,8.557,31.665,126.488,0.9103615575681435
191.3,128.277809,37.951893,1982.6133576,8.566,33.145,126.747,0.9103615575681435
191.4,128.278009,37.951782,1991.0435160000002,8.581,34.623,127.009,0.9103615575681435
191.5,128.278205,37.951671,1999.9936632,8.602,36.097,127.275,0.9103615575681435
191.6,128.278398,37.951561,2009.4522168,8.628,37.568,127.544,0.9103615575681435
191.7,128.278588,37.951453,2019.408204,8.661,39.036,127.817,0.9103615575681435
191.8,128.278774,37.951345,2029.8500424000001,8.699,40.5,128.094,0.9103615575681435
191.9,128.278956,37.951239,2040.7652352,8.743,41.961,128.376,0.9103615575681435
192.0,128.279135,37.951134,2052.1418952,8.792,43.419,128.663,0.9103615575681435
192.1,128.27931,37.95103,2063.9666112,8.847,44.873,128.956,0.9103615575681435
192.2,128.279481,37.950928,2076.2271912,8.908,46.323,129.256,0.9103615575681435
192.3,128.279647,37.950827,2088.9099192,8.976,47.77,129.563,0.9103615575681435
192.4,128.27981,37.950727,2102.001384,9.05,49.212,129.878,0.9103615575681435
192.5,128.279968,37.95063,2115.4884792,9.132,50.651,130.204,0.9103615575681435
192.6,128.280123,37.950534,2129.3568792,9.224,52.085,130.543,0.9103615575681435
192.7,128.280273,37.95044,2143.592868,9.329,53.515,130.897,0.9103615575681435
192.8,128.280418,37.950347,2158.1827296,9.45,54.94,131.266,0.9103615575681435
192.9,128.28056,37.950257,2173.1121384000003,9.588,56.361,131.652,0.9103615575681435
193.0,128.280696,37.950168,2188.3670736,9.745,57.777,132.059,0.9103615575681435
193.1,128.280829,37.950081,2203.9332096000003,9.926,59.188,132.488,0.9103615575681435
193.2,128.280956,37.949997,2219.7962208000004,10.133,60.595,132.942,0.9103615575681435
193.3,128.28108,37.949914,2235.9423912,10.37,61.996,133.426,0.9103615575681435
193.4,128.281199,37.949834,2252.3567856000004,10.641,63.393,133.944,0.9103615575681435
193.5,128.281313,37.949756,2269.025688,10.953,64.784,134.501,0.9103615575681435
193.6,128.281422,37.94968,2285.934468,11.312,66.17,135.105,0.9103615575681435
193.7,128.281527,37.949606,2303.0691048000003,11.726,67.55,135.763,0.9103615575681435
193.8,128.281628,37.949535,2320.4155776000002,12.206,68.924,136.487,0.9103615575681435
193.9,128.281723,37.949466,2337.9595608,12.766,70.292,137.289,0.9103615575681435
194.0,128.281815,37.949399,2355.6873384,13.422,71.653,138.187,0.9103615575681435
194.1,128.281901,37.949335,2373.5848896,14.196,73.006,139.203,0.9103615575681435
194.2,128.281983,37.949273,2391.6388032,15.119,74.351,140.367,0.9103615575681435
194.3,128.28206,37.949214,2409.843288,16.228,75.684,141.716,0.9103615575681435
194.4,128.282133,37.949157,2428.2068784000003,17.572,76.999,143.299,0.9103615575681435
194.5,128.282202,37.949102,2446.7167728,19.239,78.303,145.204,0.9103615575681435
194.6,128.282266,37.94905,2465.3607792000003,21.35,79.594,147.552,0.9103615575681435
194.7,128.282325,37.949,2484.1254864,24.084,80.865,150.523,0.9103615575681435
194.8,128.28238,37.948953,2502.9983976000003,27.723,82.106,154.397,0.9103615575681435
194.9,128.282431,37.948909,2521.9676256000002,32.724,83.301,159.634,0.9103615575681435
195.0,128.282477,37.948867,2541.0200640000003,39.847,84.42,166.993,0.9103615575681435
195.1,128.282518,37.948827,2560.1441304000004,50.308,85.406,177.69,0.9103615575681435
195.2,128.282555,37.94879,2579.3270232000004,65.642,86.159,193.26,0.9103615575681435
195.3,128.282588,37.948756,2598.5577696,86.117,86.524,213.97,0.9103615575681435
195.4,128.282617,37.948724,2617.8235680000003,107.914,86.383,236.004,0.9103615575681435
195.5,128.282641,37.948694,2637.1134456,125.779,85.79,254.1,0.9103615575681435
195.6,128.282661,37.948668,2656.41582,138.393,84.902,266.938,0.9103615575681435
195.7,128.282677,37.948644,2675.7191088,147.059,83.848,275.826,0.9103615575681435
195.8,128.282688,37.948622,2695.0120344,153.192,82.701,282.184,0.9103615575681435
195.9,128.282696,37.948604,2714.2839288,157.702,81.498,286.937,0.9103615575681435
196.0,128.282699,37.948587,2733.5238192,161.1,80.259,290.616,0.9103615575681435
196.1,128.282698,37.948574,2752.7210376,163.682,78.992,293.53,0.9103615575681435
196.2,128.282693,37.948563,2771.8661352000004,165.643,77.707,295.875,0.9103615575681435
196.3,128.282684,37.948555,2790.9487488000004,167.122,76.407,297.787,0.9103615575681435
196.4,128.282671,37.948549,2809.9597344000003,168.228,75.097,299.361,0.9103615575681435
196.5,128.282655,37.948546,2828.8893384000003,169.051,73.781,300.672,0.9103615575681435
196.6,128.282634,37.948546,2847.7281120000002,169.665,72.46,301.779,0.9103615575681435
196.7,128.28261,37.948548,2866.4666064,170.13,71.137,302.726,0.9103615575681435
196.8,128.282583,37.948553,2885.0953728,170.493,69.813,303.551,0.9103615575681435
196.9,128.282552,37.94856,2903.6049624,170.786,68.487,304.28,0.9103615575681435
197.0,128.282517,37.94857,2921.986536,171.023,67.16,304.928,0.9103615575681435
197.1,128.282479,37.948583,2940.23034,171.21,65.83,305.503,0.9103615575681435
197.2,128.282437,37.948599,2958.3275352000005,171.352,64.498,306.008,0.9103615575681435
197.3,128.282392,37.948617,2976.2692824,171.474,63.164,306.46,0.9103615575681435
197.4,128.282344,37.948637,2994.0467424,171.601,61.828,306.879,0.9103615575681435
197.5,128.282292,37.948661,3011.6504664000004,171.74,60.49,307.274,0.9103615575681435
197.6,128.282238,37.948686,3029.0722248,171.889,59.15,307.65,0.9103615575681435
197.7,128.28218,37.948715,3046.3031784000004,172.045,57.808,308.01,0.9103615575681435
197.8,128.282118,37.948746,3063.3350976,172.203,56.463,308.356,0.9103615575681435
197.9,128.282054,37.948779,3080.1603624000004,172.36,55.116,308.692,0.9103615575681435
198.0,128.281987,37.948815,3096.771048,172.512,53.766,309.019,0.9103615575681435
198.1,128.281917,37.948854,3113.1595344,172.653,52.414,309.339,0.9103615575681435
198.2,128.281844,37.948895,3129.3182016,172.781,51.06,309.651,0.9103615575681435
198.3,128.281768,37.948938,3145.2406488000006,172.89,49.703,309.956,0.9103615575681435
198.4,128.281689,37.948984,3160.9195608,172.972,48.344,310.251,0.9103615575681435
198.5,128.281608,37.949032,3176.3488416000005,173.026,46.983,310.535,0.9103615575681435
198.6,128.281524,37.949082,3191.521176,173.056,45.621,310.809,0.9103615575681435
198.7,128.281437,37.949135,3206.4310776,173.067,44.256,311.075,0.9103615575681435
198.8,128.281348,37.94919,3221.071536,173.062,42.89,311.334,0.9103615575681435
198.9,128.281257,37.949247,3235.4367600000005,173.043,41.523,311.588,0.9103615575681435
199.0,128.281163,37.949307,3249.5203488000006,173.013,40.155,311.836,0.9103615575681435
199.1,128.281066,37.949368,3263.3165112,172.972,38.786,312.081,0.9103615575681435
199.2,128.280968,37.949432,3276.8191512,172.921,37.416,312.322,0.9103615575681435
199.3,128.280867,37.949498,3290.0227824000003,172.862,36.044,312.56,0.9103615575681435
199.4,128.280764,37.949566,3302.9213088,172.795,34.672,312.795,0.9103615575681435
199.5,128.280659,37.949636,3315.5095488000006,172.721,33.298,313.029,0.9103615575681435
199.6,128.280552,37.949708,3327.782016,172.639,31.923,313.261,0.9103615575681435
199.7,128.280443,37.949782,3339.7335288,172.549,30.546,313.492,0.9103615575681435
199.8,128.280332,37.949858,3351.3586008,172.453,29.169,313.721,0.9103615575681435
199.9,128.28022,37.949936,3362.6523552000003,172.35,27.79,313.95,0.9103615575681435
