Time,Longitude,Latitude,Altitude,Roll (deg),Pitch (deg),Yaw (deg),Health
0.0,128.181881,37.923871,7000.201087200001,0.97,0.118,0.03,1.0
0.1,128.181881,37.924141,7000.20444,3.251,0.452,0.042,1.0
0.2,128.181881,37.92441,7000.2004776,2.546,0.291,359.933,1.0
0.3,128.181881,37.92468,7000.2385776,-0.293,0.093,359.802,1.0
0.4,128.181881,37.92495,7000.266009600001,-2.556,-0.069,359.793,1.0
0.5,128.181881,37.92522,7000.2718008,-4.397,-0.208,359.785,1.0
0.6,128.181881,37.92549,7000.2586944,-6.135,-0.325,359.782,1.0
0.7,128.181881,37.925759,7000.2099264,-6.888,-0.418,359.92,1.0
0.8,128.181881,37.926029,7000.082824800001,-6.248,-0.52,359.936,1.0
0.9,128.181881,37.926299,6999.9334728,-8.745,-0.64,359.75,1.0
1.0,128.18188,37.926568,6999.8374608,-14.241,-0.523,359.614,1.0
1.1,128.181879,37.926837,6999.8246592000005,-20.222,0.22,359.515,1.0
1.2,128.181878,37.927105,6999.853005600001,-22.511,0.91,359.378,1.0
1.3,128.181876,37.927374,6999.8901912,-23.181,1.011,359.313,1.0
1.4,128.181873,37.927643,6999.8871432,-20.631,1.216,359.263,1.0
1.5,128.181871,37.927912,6999.8603207999995,-17.67,1.557,359.023,1.0
1.6,128.181868,37.928181,6999.8502624,-16.276,1.2,359.051,1.0
1.7,128.181865,37.92845,6999.8240496,-14.063,1.001,359.023,1.0
1.8,128.181861,37.928719,6999.818258400001,-13.517,1.37,358.834,1.0
1.9,128.181857,37.928989,6999.772843199999,-10.235,0.848,358.974,1.0
2.0,128.181853,37.929259,6999.657628800001,-5.5,-0.429,359.159,1.0
2.1,128.18185,37.929529,6999.45006,-1.586,-1.928,359.247,1.0
2.2,128.181846,37.929799,6999.2019528,-1.614,-1.919,359.146,1.0
2.3,128.181842,37.930069,6998.973048,-4.974,-1.776,358.966,1.0
2.4,128.181838,37.930339,6998.775232800001,-11.026,-1.943,358.846,1.0
2.5,128.181833,37.930608,6998.5618728,-17.276,-3.037,359.096,1.0
2.6,128.181829,37.930877,6998.2518912000005,-18.827,-3.3,359.337,1.0
2.7,128.181825,37.931147,6997.7544576,-16.095,-3.792,359.629,1.0
2.8,128.181821,37.931416,6996.9823992,-10.075,-4.872,0.064,1.0
2.9,128.181818,37.931686,6995.9058456,-1.385,-5.721,0.318,1.0
3.0,128.181815,37.931956,6994.5339408,7.448,-6.126,0.139,1.0
3.1,128.181812,37.932225,6992.935874400001,10.88,-6.659,359.765,1.0
3.2,128.181809,37.932495,6991.1896752,9.723,-6.898,359.481,1.0
3.3,128.181805,37.932765,6989.347464,7.814,-5.428,359.599,1.0
3.4,128.181802,37.933034,6987.395220000001,9.416,-3.926,359.826,1.0
3.5,128.181799,37.933304,6985.3198368,13.292,-3.823,359.787,1.0
3.6,128.181796,37.933575,6983.188065600001,15.882,-4.22,359.51,1.0
3.7,128.181794,37.933845,6981.041054400001,14.648,-5.426,358.952,1.0
3.8,128.181791,37.934115,6978.8909952,10.163,-6.56,358.483,1.0
3.9,128.181789,37.934385,6976.7366688,4.998,-5.866,358.547,1.0
4.0,128.181786,37.934655,6974.536927200001,4.467,-4.931,358.779,1.0
4.1,128.181784,37.934924,6972.255804,6.716,-5.059,358.797,1.0
4.2,128.181782,37.935194,6969.9100632,9.065,-5.99,358.722,1.0
4.3,128.181779,37.935463,6967.427772,12.587,-7.195,358.604,1.0
4.4,128.181776,37.935733,6964.8324,12.905,-7.841,358.438,1.0
4.5,128.181774,37.936002,6962.091638400001,12.635,-8.701,358.337,1.0
4.6,128.18177,37.936271,6959.1335544,14.679,-8.711,358.49,1.0
4.7,128.181767,37.93654,6955.9541856000005,18.099,-7.406,358.883,1.0
4.8,128.181763,37.936809,6952.651068,17.668,-7.064,358.886,1.0
4.9,128.181759,37.937078,6949.2882096,14.066,-8.334,358.329,1.0
5.0,128.181756,37.937347,6945.899138400001,7.638,-9.357,357.999,1.0
5.1,128.181752,37.937615,6942.4823304,0.878,-8.869,358.186,1.0
5.2,128.181749,37.937883,6939.0374808,-2.596,-7.522,358.344,1.0
5.3,128.181745,37.938151,6935.6185392,-5.937,-7.514,358.39,1.0
5.4,128.181741,37.938419,6932.170641600001,-4.963,-7.92,358.584,1.0
5.5,128.181738,37.938686,6928.593508800001,-0.194,-8.548,358.745,1.0
5.6,128.181734,37.938953,6924.8097216,5.688,-9.359,358.683,1.0
5.7,128.18173,37.93922,6920.8464072,7.539,-10.55,358.372,1.0
5.8,128.181726,37.939487,6916.7538576,5.558,-11.52,358.158,1.0
5.9,128.181721,37.939753,6912.5686488,0.662,-12.204,358.075,1.0
6.0,128.181717,37.940019,6908.2423176,-3.888,-12.829,358.128,1.0
6.1,128.181713,37.940284,6903.7571856,-5.502,-11.919,358.121,1.0
6.2,128.181708,37.940549,6899.228772,-9.409,-10.263,357.917,1.0
6.3,128.181703,37.940814,6894.795456000001,-15.329,-7.861,357.487,1.0
6.4,128.181697,37.941079,6890.529170400001,-20.771,-5.683,356.906,1.0
6.5,128.18169,37.941344,6886.430524800001,-21.652,-3.815,356.432,1.0
6.6,128.181682,37.941609,6882.494642400001,-18.885,-1.876,355.893,1.0
6.7,128.181672,37.941874,6878.7526128,-14.279,-0.457,355.464,1.0
6.8,128.181662,37.942139,6875.2452792,-9.116,0.055,355.399,1.0
6.9,128.18165,37.942404,6872.0028168,-3.62,1.034,355.377,1.0
7.0,128.181639,37.942669,6869.056924800001,1.081,2.093,355.414,1.0
7.1,128.181627,37.942934,6866.4862416000005,2.591,2.924,355.481,1.0
7.2,128.181615,37.943198,6864.3517272,1.406,3.581,355.581,1.0
7.3,128.181603,37.943462,6862.666488000001,-1.926,4.62,355.627,1.0
7.4,128.18159,37.943725,6861.4384488,-7.094,5.763,355.55,1.0
7.5,128.181577,37.943987,6860.6758392,-13.875,6.866,355.304,1.0
7.6,128.181562,37.944249,6860.3655528,-22.131,7.546,354.941,1.0
7.7,128.181545,37.94451,6860.451506400001,-30.242,7.743,354.669,1.0
7.8,128.181526,37.94477,6860.814523200001,-34.498,7.742,354.521,1.0
7.9,128.181505,37.94503,6861.350056800001,-35.466,7.806,354.261,1.0
8.0,128.181483,37.94529,6861.986784000001,-33.844,7.939,353.981,1.0
8.1,128.18146,37.945549,6862.7192184000005,-30.115,8.336,353.636,1.0
8.2,128.181435,37.945808,6863.583936,-24.62,9.575,352.946,1.0
8.3,128.181409,37.946067,6864.637020000001,-19.049,10.825,352.307,1.0
8.4,128.181381,37.946324,6865.9814928000005,-17.158,11.862,351.744,1.0
8.5,128.181352,37.946581,6867.7145856,-18.466,12.827,351.311,1.0
8.6,128.181321,37.946836,6869.905792800001,-22.211,13.733,350.774,1.0
8.7,128.181287,37.94709,6872.5499328000005,-28.157,14.631,350.161,1.0
8.8,128.18125,37.947342,6875.6186592,-36.043,15.495,349.422,1.0
8.9,128.18121,37.947592,6879.070214400001,-45.541,16.198,348.376,1.0
9.0,128.181166,37.947841,6882.832360800001,-55.107,16.737,347.051,1.0
9.1,128.181118,37.948088,6886.799942400001,-61.344,17.192,345.6,1.0
9.2,128.181066,37.948335,6890.903464800001,-66.181,17.381,344.008,1.0
9.3,128.18101,37.948579,6895.1395752,-73.485,17.138,342.301,1.0
9.4,128.180948,37.948822,6899.4808416000005,-82.982,16.354,340.492,1.0
9.5,128.180881,37.949063,6903.8425296,-92.95,15.08,338.666,1.0
9.6,128.180809,37.949302,6908.1374663999995,-99.982,13.631,336.94,1.0
9.7,128.180733,37.949541,6912.327552000001,-104.4,12.099,335.403,1.0
9.8,128.180653,37.949779,6916.389012,-106.583,10.602,334.071,1.0
9.9,128.180571,37.950016,6920.3023392,-106.836,9.273,332.916,1.0
10.0,128.180485,37.950252,6924.053208,-105.452,8.245,331.845,1.0
10.1,128.180395,37.950487,6927.6339984,-104.074,7.468,330.814,1.0
10.2,128.1803,37.95072,6931.022764800001,-105.647,6.665,329.841,1.0
10.3,128.1802,37.950951,6934.180492800001,-109.854,5.842,328.882,1.0
10.4,128.180094,37.95118,6937.054452000001,-116.204,4.865,327.942,1.0
10.5,128.179982,37.951407,6939.5970936,-123.174,3.808,326.98,1.0
10.6,128.179866,37.951631,6941.810856000001,-127.369,2.701,325.985,1.0
10.7,128.179747,37.951854,6943.728048,-129.053,1.486,325.045,1.0
10.8,128.179624,37.952076,6945.380673600001,-128.547,0.205,324.203,1.0
10.9,128.179499,37.952297,6946.75776,-126.257,-1.002,323.4,1.0
11.0,128.179371,37.952516,6947.8276080000005,-123.139,-2.057,322.581,1.0
11.1,128.17924,37.952733,6948.5743680000005,-119.892,-2.915,321.69,1.0
11.2,128.179104,37.952948,6949.0245576,-116.841,-3.721,320.786,1.0
11.3,128.178965,37.95316,6949.1614128,-115.225,-4.526,319.891,1.0
11.4,128.178822,37.953371,6949.011756000001,-112.365,-5.084,318.857,1.0
11.5,128.178675,37.953579,6948.5841216,-110.056,-5.593,317.791,1.0
11.6,128.178523,37.953783,6947.862964800001,-110.263,-6.207,316.743,1.0
11.7,128.178367,37.953984,6946.818720000001,-112.735,-6.924,315.688,1.0
11.8,128.178205,37.954182,6945.4309656000005,-116.022,-7.6,314.546,1.0
11.9,128.17804,37.954376,6943.7176848,-117.119,-8.157,313.294,1.0
12.0,128.177871,37.954568,6941.712710400001,-116.706,-8.783,312.06,1.0
12.1,128.177699,37.954758,6939.4279295999995,-115.31,-9.41,310.829,1.0
12.2,128.177524,37.954944,6936.869438400001,-113.093,-10.002,309.609,1.0
12.3,128.177345,37.955128,6934.0244352,-111.526,-10.689,308.455,1.0
12.4,128.177162,37.955307,6930.864878400001,-112.196,-11.543,307.362,1.0
12.5,128.176975,37.955483,6927.364860000001,-114.054,-12.309,306.19,1.0
12.6,128.176785,37.955654,6923.550288,-114.387,-12.891,304.881,1.0
12.7,128.176592,37.955823,6919.450728000001,-114.323,-13.581,303.597,1.0
12.8,128.176396,37.955987,6915.0299088,-116.204,-14.448,302.405,1.0
12.9,128.176196,37.956148,6910.2393672,-118.835,-15.299,301.195,1.0
13.0,128.175993,37.956304,6905.098000800001,-119.196,-16.049,299.9,1.0
13.1,128.175787,37.956458,6899.655187200001,-117.347,-16.798,298.576,1.0
13.2,128.175579,37.956609,6893.9103168,-114.646,-17.557,297.295,1.0
13.3,128.175368,37.956756,6887.860036800001,-111.879,-18.255,296.03,1.0
13.4,128.175155,37.956899,6881.535132,-109.411,-18.899,294.743,1.0
13.5,128.174939,37.957038,6874.919448,-109.207,-19.64,293.492,1.0
13.6,128.174721,37.957172,6867.9843336,-111.129,-20.432,292.231,1.0
13.7,128.1745,37.957301,6860.711805600001,-113.793,-21.133,290.879,1.0
13.8,128.174277,37.957425,6853.1241144000005,-114.294,-21.725,289.42,1.0
13.9,128.174052,37.957545,6845.2529592,-113.281,-22.383,287.957,1.0
14.0,128.173825,37.957662,6837.1007784,-111.038,-23.005,286.495,1.0
14.1,128.173597,37.957776,6828.704148,-107.561,-23.544,285.023,1.0
14.2,128.173368,37.957885,6820.049656800001,-104.914,-24.16,283.625,1.0
14.3,128.173136,37.957989,6811.1092632,-104.474,-24.864,282.282,1.0
14.4,128.172903,37.958087,6801.875042400001,-106.121,-25.592,280.919,1.0
14.5,128.172668,37.958179,6792.3405936,-109.502,-26.406,279.537,1.0
14.6,128.172431,37.958265,6782.4711696,-113.211,-27.187,278.109,1.0
14.7,128.172194,37.958348,6772.2893256,-114.168,-27.81,276.564,1.0
14.8,128.171957,37.958426,6761.8450488,-112.368,-28.425,274.975,1.0
14.9,128.171719,37.9585,6751.161504000001,-108.364,-28.987,273.39,1.0
15.0,128.171481,37.958571,6740.235338400001,-104.103,-29.549,271.883,1.0
15.1,128.171243,37.958637,6729.069904800001,-102.145,-30.15,270.447,1.0
15.2,128.171004,37.958697,6717.6545352,-102.381,-30.732,269.021,1.0
15.3,128.170766,37.958751,6705.9834384000005,-104.395,-31.403,267.59,1.0
15.4,128.170528,37.958799,6694.034973600001,-106.815,-32.032,266.092,1.0
15.5,128.17029,37.958842,6681.8167608,-106.853,-32.469,264.476,1.0
15.6,128.170054,37.958881,6669.3803112000005,-104.894,-32.932,262.826,1.0
15.7,128.169817,37.958917,6656.7387312,-101.035,-33.41,261.205,1.0
15.8,128.169581,37.958948,6643.885315200001,-96.932,-33.882,259.645,1.0
15.9,128.169346,37.958974,6630.846276,-93.947,-34.302,258.097,1.0
16.0,128.169112,37.958994,6617.629843199999,-93.271,-34.702,256.538,1.0
16.1,128.168879,37.959008,6604.2415032,-94.653,-35.096,254.939,1.0
16.2,128.168648,37.959016,6590.6727216,-96.652,-35.422,253.281,1.0
16.3,128.168419,37.959019,6576.91344,-96.372,-35.571,251.56,1.0
16.4,128.16819,37.959018,6562.9755456,-94.104,-35.642,249.815,1.0
16.5,128.167963,37.959013,6548.879764800001,-91.247,-35.789,248.097,1.0
16.6,128.167738,37.959003,6534.6349368,-88.782,-36.04,246.414,1.0
16.7,128.167515,37.958987,6520.2666648,-88.394,-36.346,244.732,1.0
16.8,128.167294,37.958966,6505.7783016,-89.959,-36.648,243.03,1.0
16.9,128.167076,37.958939,6491.159179200001,-92.019,-36.855,241.283,1.0
17.0,128.166861,37.958908,6476.40564,-91.534,-36.835,239.493,1.0
17.1,128.166648,37.958872,6461.5173792000005,-88.396,-36.801,237.703,1.0
17.2,128.166436,37.958834,6446.5035408,-83.133,-36.713,235.971,1.0
17.3,128.166226,37.958792,6431.4122832,-77.586,-36.565,234.316,1.0
17.4,128.166018,37.958745,6416.282011200001,-74.499,-36.506,232.715,1.0
17.5,128.165814,37.958694,6401.1422904,-73.999,-36.359,231.17,1.0
17.6,128.165612,37.958636,6385.997388000001,-75.657,-36.171,229.634,1.0
17.7,128.165414,37.958573,6370.8146904000005,-78.951,-36.054,228.045,1.0
17.8,128.16522,37.958505,6355.586882400001,-83.487,-36.044,226.369,1.0
17.9,128.165029,37.958431,6340.3029912,-87.618,-36.176,224.592,1.0
18.0,128.164843,37.958354,6324.9334512000005,-88.45,-36.269,222.762,1.0
18.1,128.164659,37.958273,6309.4721664,-86.21,-36.337,220.904,1.0
18.2,128.164478,37.95819,6293.925537600001,-81.531,-36.261,219.154,1.0
18.3,128.164299,37.958105,6278.316424800001,-74.92,-36.064,217.593,1.0
18.4,128.164123,37.958016,6262.6725648,-67.566,-35.797,216.085,1.0
18.5,128.163951,37.957923,6247.0378488,-62.173,-35.438,214.693,1.0
18.6,128.163782,37.957826,6231.4793328000005,-59.815,-34.963,213.379,1.0
18.7,128.163617,37.957724,6216.0512712,-60.002,-34.471,212.034,1.0
18.8,128.163457,37.957617,6200.7564072,-62.428,-34.045,210.785,1.0
18.9,128.163301,37.957505,6185.564260800001,-66.623,-33.827,209.775,1.0
19.0,128.163149,37.957389,6170.4086904000005,-70.904,-33.597,208.619,1.0
19.1,128.163001,37.95727,6155.23788,-73.225,-33.353,207.633,1.0
19.2,128.162855,37.957148,6140.018301600001,-72.524,-33.022,206.442,1.0
19.3,128.162712,37.957023,6124.750260000001,-70.202,-32.842,205.119,1.0
19.4,128.162572,37.956895,6109.4758176000005,-69.742,-32.88,203.827,1.0
19.5,128.162437,37.956765,6094.2425232000005,-71.385,-33.017,202.769,1.0
19.6,128.162307,37.95663,6079.043976,-74.264,-33.131,201.651,1.0
19.7,128.162182,37.956493,6063.831408,-77.294,-33.209,200.234,1.0
19.8,128.162062,37.956352,6048.5917128,-80.386,-33.321,198.702,1.0
19.9,128.161947,37.956209,6033.298982400001,-80.609,-33.311,197.15,1.0
20.0,128.161836,37.956063,6017.9388912,-78.1,-33.283,195.58,1.0
20.1,128.161727,37.955916,6002.5062576,-74.527,-33.301,194.012,1.0
20.2,128.161623,37.955766,5987.0346096,-73.183,-33.408,192.303,1.0
20.3,128.161524,37.955613,5971.5632663999995,-74.113,-33.472,190.528,1.0
20.4,128.161432,37.955458,5956.105944,-77.21,-33.661,189.183,1.0
20.5,128.161346,37.955301,5940.63582,-81.805,-33.919,187.662,1.0
20.6,128.161268,37.955141,5925.110222400001,-87.83,-34.339,186.27,1.0
20.7,128.161195,37.95498,5909.4974520000005,-95.661,-34.973,185.861,1.0
20.8,128.161128,37.954819,5893.7734296,-105.019,-35.591,187.178,1.0
20.9,128.161064,37.954657,5877.917733600001,-114.099,-35.996,189.175,1.0
21.0,128.161003,37.954495,5861.9254872,-123.503,-36.234,191.499,1.0
21.1,128.160941,37.954332,5845.8037008,-132.658,-36.21,193.789,1.0
21.2,128.16088,37.954169,5829.584683200001,-141.511,-36.149,195.489,1.0
21.3,128.160818,37.954005,5813.2906848,-149.78,-36.519,196.079,1.0
21.4,128.160755,37.953841,5796.9524904,-156.928,-36.388,196.325,1.0
21.5,128.160692,37.953675,5780.6136864,-161.804,-36.493,196.285,1.0
21.6,128.160628,37.953509,5764.2291624,-167.457,-36.33,196.627,1.0
21.7,128.160564,37.953343,5747.773924800001,-174.275,-35.987,196.965,1.0
21.8,128.1605,37.953177,5731.226637600001,177.652,-35.784,197.138,1.0
21.9,128.160436,37.953011,5714.626620000001,171.342,-36.687,197.158,1.0
22.0,128.160371,37.952844,5697.965337600001,166.01,-37.832,197.353,1.0
22.1,128.160307,37.952678,5681.1373296,159.005,-38.978,197.977,1.0
22.2,128.160242,37.952513,5664.105105600001,151.15,-39.985,198.54,1.0
22.3,128.160177,37.952348,5646.922615200001,145.583,-40.394,198.399,1.0
22.4,128.160112,37.952184,5629.586810400001,142.446,-41.483,198.988,1.0
22.5,128.160045,37.95202,5612.0330736000005,138.156,-43.064,200.536,1.0
22.6,128.159978,37.951856,5594.2559184,135.203,-44.52,201.909,1.0
22.7,128.159909,37.951693,5576.3092944,137.124,-44.851,201.623,1.0
22.8,128.159841,37.95153,5558.2151472000005,141.04,-44.797,201.27,1.0
22.9,128.159772,37.951368,5539.9280616,141.356,-45.885,202.704,1.0
23.0,128.159702,37.951207,5521.375800000001,138.068,-47.324,204.655,1.0
23.1,128.159629,37.95105,5502.53154,134.357,-48.347,206.047,1.0
23.2,128.159555,37.950894,5483.454108,135.93,-48.195,205.184,1.0
23.3,128.159481,37.950738,5464.190138400001,141.256,-47.695,203.767,1.0
23.4,128.159406,37.950583,5444.7759024,146.313,-48.379,204.298,1.0
23.5,128.159331,37.950429,5425.1544023999995,146.794,-49.685,205.994,1.0
23.6,128.159254,37.950277,5405.259801600001,145.765,-51.042,207.394,1.0
23.7,128.159177,37.950126,5385.0896616,146.397,-52.323,208.617,1.0
23.8,128.159098,37.949978,5364.595824000001,143.799,-53.524,210.268,1.0
23.9,128.159019,37.949835,5343.7356168,138.09,-54.885,212.384,1.0
24.0,128.158937,37.949695,5322.528242400001,130.537,-55.94,214.418,1.0
24.1,128.158854,37.949559,5301.0273456,123.917,-56.802,216.123,1.0
24.2,128.158768,37.949425,5279.2676736,121.248,-57.783,217.955,1.0
24.3,128.158681,37.949294,5257.2699528,122.833,-58.387,218.936,1.0
24.4,128.158593,37.949165,5235.0338784000005,127.555,-58.864,219.605,1.0
24.5,128.158504,37.949037,5212.5789576,132.004,-59.588,221.373,1.0
24.6,128.158414,37.948913,5189.8747104,132.717,-60.208,223.085,1.0
24.7,128.158323,37.948793,5166.884256,129.137,-61.263,225.776,1.0
24.8,128.15823,37.948679,5143.5871728,122.704,-62.196,228.651,1.0
24.9,128.158136,37.94857,5120.0035776,115.051,-63.057,231.9,1.0
25.0,128.158039,37.948467,5096.1889439999995,110.071,-63.808,235.199,1.0
25.1,128.157941,37.948367,5072.156378400001,109.121,-64.444,238.015,1.0
25.2,128.157842,37.948271,5047.908014400001,110.519,-64.852,240.066,1.0
25.3,128.157741,37.948179,5023.452996,109.199,-65.124,242.581,1.0
25.4,128.157638,37.948092,4998.787056000001,103.95,-65.423,245.894,1.0
25.5,128.157534,37.948012,4973.9242152,95.905,-65.619,249.31,1.0
25.6,128.157427,37.947938,4948.9022688000005,87.388,-65.722,252.797,1.0
25.7,128.157318,37.94787,4923.754135200001,83.03,-65.687,256.33,1.0
25.8,128.157206,37.947806,4898.4871296,82.179,-65.598,259.769,1.0
25.9,128.157093,37.947745,4873.0927176000005,84.23,-65.557,263.034,1.0
26.0,128.156979,37.947689,4847.55444,87.349,-65.436,265.783,1.0
26.1,128.156863,37.947637,4821.885708,86.608,-65.294,268.344,1.0
26.2,128.156746,37.947592,4796.110600800001,82.162,-65.135,271.272,1.0
26.3,128.156628,37.947553,4770.2614272,74.997,-64.896,274.23,1.0
26.4,128.156508,37.947521,4744.362876,67.437,-64.61,277.228,1.0
26.5,128.156386,37.947496,4718.4317112,64.127,-64.257,280.261,1.0
26.6,128.156262,37.947474,4692.4694568,64.253,-63.882,283.259,1.0
26.7,128.156138,37.947458,4666.4648352,66.551,-63.533,286.12,1.0
26.8,128.156012,37.947445,4640.4026064,70.361,-63.319,288.916,1.0
26.9,128.155886,37.947438,4614.2693592000005,73.569,-63.149,291.634,1.0
27.0,128.155761,37.947437,4588.084296,73.011,-62.883,294.286,1.0
27.1,128.155636,37.947443,4561.8754584,69.157,-62.585,296.992,1.0
27.2,128.155511,37.947456,4535.6797272,62.604,-62.225,299.772,1.0
27.3,128.155387,37.947476,4509.5275824,54.153,-61.636,302.379,1.0
27.4,128.155263,37.947503,4483.434264,46.044,-60.921,304.849,1.0
27.5,128.155138,37.947536,4457.4067824,42.618,-60.1,307.155,1.0
27.6,128.155012,37.947573,4431.4131336,42.364,-59.203,309.148,1.0
27.7,128.154885,37.947614,4405.4118648,45.223,-58.428,311.073,1.0
27.8,128.154758,37.94766,4379.4032808,48.891,-57.709,312.799,1.0
27.9,128.154632,37.947711,4353.45078,48.41,-56.991,314.367,1.0
28.0,128.154505,37.947769,4327.6150176,44.382,-56.256,315.903,1.0
28.1,128.15438,37.947833,4301.9728032,37.684,-55.386,317.302,1.0
28.2,128.154254,37.947904,4276.5610176,30.741,-54.391,318.681,1.0
28.3,128.154127,37.947981,4251.341256,28.516,-53.308,320.006,1.0
28.4,128.154,37.948063,4226.254692,30.173,-52.22,321.214,1.0
28.5,128.153872,37.948148,4201.2562152,33.512,-51.215,322.278,1.0
28.6,128.153744,37.948239,4176.4247688000005,35.179,-50.302,323.32,1.0
28.7,128.153617,37.948335,4151.8121688,35.263,-49.395,324.357,1.0
28.8,128.15349,37.948437,4127.4897384000005,31.74,-48.395,325.295,1.0
28.9,128.153364,37.948546,4103.518132800001,27.078,-47.354,326.364,1.0
29.0,128.153237,37.94866,4079.8357824000004,26.597,-46.267,327.488,1.0
29.1,128.153111,37.948778,4056.3594768000003,29.736,-45.205,328.578,1.0
29.2,128.152985,37.948901,4033.0306944,34.233,-44.229,329.578,1.0
29.3,128.15286,37.949029,4009.9280736000005,35.609,-43.326,330.522,1.0
29.4,128.152736,37.949162,3987.1534176,33.172,-42.357,331.383,1.0
29.5,128.152614,37.949301,3964.7908512,27.605,-41.281,332.175,1.0
29.6,128.152493,37.949446,3942.8452512,21.469,-40.172,333.07,1.0
29.7,128.152373,37.949596,3921.2547432,20.394,-38.991,333.906,1.0
29.8,128.152252,37.94975,3899.9278872000004,23.348,-37.839,334.672,1.0
29.9,128.152132,37.949909,3878.8086000000003,28.54,-36.827,335.442,1.0
30.0,128.152014,37.950071,3857.9919792,32.174,-35.902,336.192,1.0
30.1,128.151897,37.950238,3837.578304,31.217,-34.968,336.991,1.0
30.2,128.151782,37.950411,3817.6480416000004,26.728,-33.935,337.753,1.0
30.3,128.15167,37.95059,3798.245388,19.514,-32.74,338.358,1.0
30.4,128.151558,37.950773,3779.37522,12.183,-31.45,338.891,1.0
30.5,128.151447,37.950961,3760.9564608,10.377,-30.083,339.243,1.0
30.6,128.151336,37.951152,3742.8994992,12.901,-28.736,339.432,1.0
30.7,128.151224,37.951345,3725.1320976,18.268,-27.571,339.818,1.0
30.8,128.151114,37.951542,3707.6454168000005,25.881,-26.636,340.456,1.0
30.9,128.151004,37.951743,3690.4489056,33.506,-25.816,341.144,1.0
31.0,128.150897,37.951947,3673.6227264,36.297,-25.048,341.941,1.0
31.1,128.150794,37.952155,3657.2644152,34.905,-24.248,342.839,1.0
31.2,128.150694,37.952367,3641.4678504000003,30.394,-23.33,343.712,1.0
31.3,128.150598,37.952584,3626.2635120000004,23.506,-22.235,344.406,1.0
31.4,128.150505,37.952804,3611.6751744,16.75,-21.039,345.05,1.0
31.5,128.150413,37.953028,3597.6174936,15.633,-19.797,345.663,1.0
31.6,128.150322,37.953254,3583.9761696,18.926,-18.588,346.218,1.0
31.7,128.150232,37.953484,3570.6792695999998,24.576,-17.521,346.801,1.0
31.8,128.150145,37.953716,3557.817624,28.608,-16.519,347.319,1.0
31.9,128.150061,37.953951,3545.5076664000003,27.826,-15.51,347.88,1.0
32.0,128.149981,37.954189,3533.8551624000006,23.267,-14.433,348.495,1.0
32.1,128.149904,37.95443,3522.8768760000003,18.197,-13.267,349.144,1.0
32.2,128.149829,37.954674,3512.4691752000003,18.511,-12.051,349.771,1.0
32.3,128.149756,37.95492,3502.5186744000002,22.376,-10.869,350.365,1.0
32.4,128.149686,37.955167,3493.0052568,27.315,-9.816,351.015,1.0
32.5,128.149618,37.955417,3483.9612312,31.094,-8.824,351.681,1.0
32.6,128.149554,37.955669,3475.4838288,30.221,-7.826,352.372,1.0
32.7,128.149495,37.955923,3467.6757672,25.736,-6.745,353.045,1.0
32.8,128.14944,37.956179,3460.55442,20.795,-5.588,353.744,1.0
32.9,128.149387,37.956437,3454.021032,21.294,-4.382,354.431,1.0
33.0,128.149338,37.956695,3447.9591695999998,25.498,-3.222,355.102,1.0
33.1,128.149291,37.956956,3442.3276848000005,31.381,-2.224,355.873,1.0
33.2,128.149246,37.957217,3437.0570832,37.846,-1.336,356.678,1.0
33.3,128.149207,37.95748,3432.2211264,39.262,-0.512,357.507,1.0
33.4,128.149172,37.957743,3427.922532,36.744,0.319,358.374,1.0
33.5,128.149143,37.958008,3424.2652368000004,31.409,1.328,359.105,1.0
33.6,128.14912,37.958273,3421.2806352000002,25.969,2.429,359.859,1.0
33.7,128.1491,37.958538,3418.8785064,26.105,3.548,0.67,1.0
33.8,128.149083,37.958804,3416.936016,30.53,4.633,1.472,1.0
33.9,128.14907,37.95907,3415.3629432000002,37.277,5.611,2.253,1.0
34.0,128.14906,37.959337,3414.2281728000003,41.888,6.472,3.087,1.0
34.1,128.149057,37.959604,3413.6124768,41.846,7.289,4.05,1.0
34.2,128.14906,37.95987,3413.5954079999997,38.317,8.184,5.037,1.0
34.3,128.149069,37.960135,3414.19434,34.42,9.122,6.096,1.0
34.4,128.149082,37.9604,3415.3221000000003,35.71,10.105,7.161,1.0
34.5,128.1491,37.960665,3416.8680456,40.463,11.103,8.146,1.0
34.6,128.149123,37.960929,3418.8208992,45.704,12.027,9.12,1.0
34.7,128.149151,37.961192,3421.2068736000006,48.93,12.819,10.232,1.0
34.8,128.149185,37.961453,3424.0768704,48.072,13.588,11.428,1.0
34.9,128.149227,37.961713,3427.4744760000003,44.211,14.518,12.544,1.0
35.0,128.149275,37.961971,3431.418588,40.212,15.513,13.657,1.0
35.1,128.149328,37.962227,3435.8409312,41.551,16.437,14.865,1.0
35.2,128.149385,37.962482,3440.6390928,46.329,17.287,16.096,1.0
35.3,128.149448,37.962736,3445.7932608,50.861,18.077,17.29,1.0
35.4,128.149516,37.962987,3451.3482408,52.73,18.743,18.569,1.0
35.5,128.149589,37.963237,3457.2766008000003,53.986,19.321,19.947,1.0
35.6,128.149669,37.963484,3463.5417648,55.698,19.922,21.308,1.0
35.7,128.149754,37.963729,3470.1230064,57.205,20.627,22.581,1.0
35.8,128.149846,37.963971,3477.0660456,56.87,21.182,23.968,1.0
35.9,128.149943,37.964211,3484.3016928,59.343,21.633,25.437,1.0
36.0,128.150046,37.964448,3491.8006872000005,63.072,22.081,26.87,1.0
36.1,128.150154,37.964683,3499.5666864,65.347,22.524,28.311,1.0
36.2,128.15027,37.964913,3507.6295608,64.233,23.098,29.732,1.0
36.3,128.150394,37.96514,3516.0200952,60.273,23.737,31.185,1.0
36.4,128.150523,37.965362,3524.7678552,56.142,24.306,32.74,1.0
36.5,128.150659,37.965581,3533.8295592000004,57.271,24.814,34.36,1.0
36.6,128.150798,37.965797,3543.1280928,62.13,25.399,35.889,1.0
36.7,128.150943,37.966009,3552.6430344,67.62,25.857,37.405,1.0
36.8,128.151092,37.966218,3562.3646304000004,72.097,26.076,39.013,1.0
36.9,128.151248,37.966423,3572.2627056000006,74.704,26.243,40.662,1.0
37.0,128.15141,37.966623,3582.3381744,73.872,26.446,42.343,1.0
37.1,128.151579,37.966818,3592.6050576000002,70.269,26.739,44.053,1.0
37.2,128.151754,37.967007,3603.0840816,66.616,27.117,45.786,1.0
37.3,128.151934,37.967192,3613.7542152,67.868,27.499,47.547,1.0
37.4,128.152117,37.967372,3624.5737008000006,71.951,27.811,49.292,1.0
37.5,128.152305,37.96755,3635.5080960000005,77.621,27.936,51.021,1.0
37.6,128.152497,37.967723,3646.5314928000003,83.471,27.898,52.728,1.0
37.7,128.152695,37.967891,3657.6039624000005,87.722,27.849,54.425,1.0
37.8,128.152898,37.968054,3668.6953296,88.318,27.777,56.159,1.0
37.9,128.153107,37.968211,3679.7958408,85.896,27.615,57.957,1.0
38.0,128.153321,37.968361,3690.9265272000002,83.179,27.394,59.811,1.0
38.1,128.15354,37.968506,3702.0819024,85.119,27.079,61.699,1.0
38.2,128.153763,37.968646,3713.2348392000004,90.33,26.838,63.551,1.0
38.3,128.153989,37.968783,3724.3539432000002,95.214,26.619,65.34,1.0
38.4,128.15422,37.968913,3735.4044672,96.289,26.291,67.096,1.0
38.5,128.154457,37.969037,3746.3574552000005,94.386,26.033,68.875,1.0
38.6,128.154697,37.969154,3757.2336336,91.967,25.723,70.695,1.0
38.7,128.154942,37.969266,3768.0473280000006,93.747,25.185,72.525,1.0
38.8,128.155189,37.969372,3778.779336,98.591,24.602,74.33,1.0
38.9,128.15544,37.969474,3789.3949104,104.457,23.916,76.048,1.0
39.0,128.155694,37.969572,3799.8483312,110.537,23.03,77.639,1.0
39.1,128.155951,37.969664,3810.0960120000004,117.305,21.855,79.059,1.0
39.2,128.156211,37.969754,3820.1193600000006,124.681,20.492,80.317,1.0
39.3,128.156474,37.969839,3829.8385176,130.037,19.038,81.418,1.0
39.4,128.15674,37.96992,3839.1839904,134.826,17.381,82.313,1.0
39.5,128.15701,37.969997,3848.0350776000005,136.762,15.817,83.28,1.0
39.6,128.157284,37.970068,3856.2911952,136.055,14.206,84.22,1.0
39.7,128.15756,37.970134,3863.9279592000003,133.284,12.625,85.259,1.0
39.8,128.157839,37.970194,3870.9810312,129.796,11.072,86.365,1.0
39.9,128.158121,37.97025,3877.5467280000003,128.881,9.492,87.462,1.0
40.0,128.158405,37.970301,3883.6985064,131.382,8.098,88.324,1.0
40.1,128.15869,37.970349,3889.4650176,135.234,7.977,87.86,1.0
40.2,128.158976,37.970395,3894.9096600000003,140.917,8.072,86.998,1.0
40.3,128.159263,37.97044,3900.117168,147.762,8.327,86.167,1.0
40.4,128.159552,37.970483,3905.0613288,151.199,9.407,85.246,1.0
40.5,128.159842,37.970524,3909.6558840000002,151.667,9.429,84.988,1.0
40.6,128.160131,37.970563,3913.8289008000006,149.849,9.2,84.914,1.0
40.7,128.160422,37.9706,3917.5788552000004,148.359,7.669,85.473,1.0
40.8,128.160713,37.970636,3920.9734128,151.849,5.313,86.293,1.0
40.9,128.161005,37.97067,3924.0454920000006,157.679,2.601,87.236,1.0
41.0,128.161297,37.970702,3926.6966424,162.763,0.06,87.977,1.0
41.1,128.16159,37.970733,3928.7573952000002,164.163,-2.066,88.49,1.0
41.2,128.161883,37.970762,3930.0921144000004,162.553,-4.354,89.006,1.0
41.3,128.162176,37.970788,3930.6910464000002,159.579,-6.6,89.491,1.0
41.4,128.162468,37.970812,3930.6151512,156.97,-8.558,90.003,1.0
41.5,128.16276,37.970834,3929.7897528000003,152.219,-10.332,90.76,1.0
41.6,128.163051,37.970852,3928.2352728,147.211,-12.036,91.571,1.0
41.7,128.163341,37.970867,3926.0721072,146.392,-13.72,92.374,1.0
41.8,128.163631,37.97088,3923.4197375999997,149.112,-15.147,92.989,1.0
41.9,128.16392,37.970892,3920.3900256,154.353,-15.0,92.65,1.0
42.0,128.164209,37.970902,3916.928412,158.81,-14.558,92.343,1.0
42.1,128.164496,37.97091,3912.9077952000002,159.238,-16.063,92.914,1.0
42.2,128.164782,37.970916,3908.2181424,157.117,-18.441,93.78,1.0
42.3,128.165067,37.97092,3902.930472,156.186,-20.699,94.461,1.0
42.4,128.16535,37.970923,3897.1414056000003,158.725,-22.837,95.036,1.0
42.5,128.165631,37.970924,3890.8585632,163.074,-24.832,95.581,1.0
42.6,128.165911,37.970923,3884.0164128,166.987,-26.655,96.026,1.0
42.7,128.166188,37.970921,3876.4997399999997,167.928,-28.384,96.436,1.0
42.8,128.166461,37.970918,3868.2253344,167.251,-30.282,96.6,1.0
42.9,128.16673,37.970914,3859.267872,168.634,-32.21,96.615,1.0
43.0,128.166997,37.970908,3849.6639288,170.344,-34.112,96.636,1.0
43.1,128.167261,37.970902,3839.5113456000004,174.189,-36.014,96.434,1.0
43.2,128.167522,37.970895,3828.8140848000003,177.759,-37.865,96.245,1.0
43.3,128.167778,37.970888,3817.4648568000002,177.703,-39.656,96.2,1.0
43.4,128.168029,37.97088,3805.3594200000002,174.481,-41.42,96.235,1.0
43.5,128.168275,37.970873,3792.5111856,170.479,-43.194,96.288,1.0
43.6,128.168516,37.970864,3779.0426832,170.184,-45.005,96.28,1.0
43.7,128.168752,37.970855,3765.0654696,173.106,-46.826,96.182,1.0
43.8,128.168986,37.970846,3750.6597072000004,178.631,-48.612,95.895,1.0
43.9,128.169216,37.970837,3735.8165568000004,-175.581,-50.328,95.505,1.0
44.0,128.169442,37.970828,3720.4595136000003,-173.957,-51.985,95.177,1.0
44.1,128.169662,37.97082,3704.5388952000003,-174.508,-53.602,94.525,1.0
44.2,128.169876,37.970813,3688.0992024,-174.8,-55.214,93.803,1.0
44.3,128.170085,37.970806,3671.1120888,-176.274,-56.83,93.234,1.0
44.4,128.170289,37.970799,3653.663508,-174.444,-58.44,92.369,1.0
44.5,128.170487,37.970794,3635.8092384,-170.85,-60.038,91.463,1.0
44.6,128.170681,37.970789,3617.5157520000002,-166.998,-61.569,90.303,1.0
44.7,128.170869,37.970785,3598.825416,-161.829,-63.057,88.891,1.0
44.8,128.171052,37.970782,3579.7010448,-158.945,-64.532,87.544,1.0
44.9,128.171227,37.970781,3560.0987472,-159.638,-66.011,86.169,1.0
45.0,128.171393,37.970783,3540.0090744,-161.37,-67.499,84.592,1.0
45.1,128.171552,37.970785,3519.4972536,-159.894,-68.962,82.407,1.0
45.2,128.171706,37.970789,3498.6096144000003,-156.842,-70.45,80.153,1.0
45.3,128.171853,37.970795,3477.3403656,-152.809,-71.923,77.801,1.0
45.4,128.171995,37.970801,3455.7404088000003,-147.62,-73.303,74.748,1.0
45.5,128.17213,37.970809,3433.8134016,-142.236,-74.569,70.995,1.0
45.6,128.172258,37.970819,3411.5675736000003,-137.508,-75.782,66.737,1.0
45.7,128.172378,37.970832,3389.0276136,-135.573,-76.963,61.944,1.0
45.8,128.172488,37.970846,3366.2084568,-133.578,-78.023,56.07,1.0
45.9,128.172591,37.970862,3343.1430216,-126.697,-78.947,48.938,1.0
46.0,128.172687,37.97088,3319.861788,-115.63,-79.761,40.82,1.0
46.1,128.172778,37.970898,3296.4010272,-102.507,-80.254,31.551,1.0
46.2,128.172861,37.970919,3272.7771984000005,-89.746,-80.354,21.802,1.0
46.3,128.172937,37.970941,3249.0140760000004,-79.018,-80.221,12.172,1.0
46.4,128.173004,37.970967,3225.1034304000004,-72.344,-79.861,3.003,1.0
46.5,128.173061,37.970995,3201.0519672,-69.114,-79.281,354.501,1.0
46.6,128.17311,37.971025,3176.9233896000005,-66.362,-78.485,346.706,1.0
46.7,128.173151,37.971056,3152.717088,-60.287,-77.518,339.81,1.0
46.8,128.173187,37.971089,3128.4324528,-51.95,-76.459,333.829,1.0
46.9,128.173218,37.971122,3104.0871624000006,-43.109,-75.265,329.14,1.0
47.0,128.173242,37.971157,3079.703772,-34.642,-73.925,325.864,1.0
47.1,128.17326,37.971193,3055.2713088,-26.857,-72.498,323.599,1.0
47.2,128.173272,37.971232,3030.8251296000003,-22.962,-71.085,321.797,1.0
47.3,128.173275,37.971274,3006.4539312,-23.403,-69.654,320.277,1.0
47.4,128.17327,37.971319,2982.1918511999997,-25.334,-68.194,318.946,1.0
47.5,128.173256,37.971367,2958.0010944,-24.027,-66.65,317.852,1.0
47.6,128.173236,37.971416,2933.9063496,-21.061,-65.067,316.783,1.0
47.7,128.173209,37.971469,2909.8926816000003,-17.922,-63.519,315.758,1.0
47.8,128.173175,37.971524,2885.9323535999997,-14.772,-61.97,314.973,1.0
47.9,128.173135,37.971582,2862.091812,-13.532,-60.412,314.394,1.0
48.0,128.173086,37.971643,2838.4628016,-15.423,-58.893,313.503,1.0
48.1,128.173028,37.971708,2815.0995768000002,-18.311,-57.347,312.617,1.0
48.2,128.172963,37.971775,2791.9491024000004,-17.695,-55.697,312.067,1.0
48.3,128.172892,37.971844,2768.9504184,-13.851,-54.004,311.695,1.0
48.4,128.172817,37.971915,2746.0172664,-7.687,-52.329,311.616,1.0
48.5,128.172736,37.971989,2723.2078632000002,-1.803,-50.712,311.666,1.0
48.6,128.172649,37.972066,2700.6587592,-0.587,-49.146,311.619,1.0
48.7,128.172556,37.972147,2678.4982752,-3.41,-47.589,311.564,1.0
48.8,128.172455,37.972232,2656.8080976,-9.185,-46.024,311.387,1.0
48.9,128.172346,37.972321,2635.6025520000003,-14.975,-44.42,311.022,1.0
49.0,128.172231,37.972412,2614.7996472,-15.989,-42.75,310.637,1.0
49.1,128.17211,37.972505,2594.276244,-13.149,-41.304,310.389,1.0
49.2,128.171985,37.972599,2573.9137752,-7.471,-40.227,310.416,1.0
49.3,128.171856,37.972696,2553.7707624000004,-1.367,-38.581,310.266,1.0
49.4,128.171722,37.972796,2534.0124072000003,-0.109,-36.965,310.096,1.0
49.5,128.171582,37.972899,2514.8005583999998,-3.102,-35.367,310.05,1.0
49.6,128.171436,37.973005,2496.2169024,-7.041,-33.758,309.994,1.0
49.7,128.171284,37.973113,2478.1587216000003,-6.742,-32.084,310.024,1.0
49.8,128.171128,37.973224,2460.511716,-2.931,-30.375,310.166,1.0
49.9,128.170968,37.973337,2443.1957232000004,2.563,-28.71,310.284,1.0
50.0,128.170805,37.973452,2426.3338823999998,5.577,-27.12,310.33,1.0
50.1,128.170638,37.973571,2410.094748,4.123,-25.549,310.385,1.0
50.2,128.170466,37.973693,2394.6188328000003,-0.752,-23.962,310.355,1.0
50.3,128.170288,37.973818,2379.9046128,-6.3,-22.327,310.385,1.0
50.4,128.170107,37.973945,2365.80426,-7.161,-20.902,310.526,1.0
50.5,128.169923,37.974073,2352.1422096,-3.942,-20.048,310.686,1.0
50.6,128.169736,37.974203,2338.8108672000003,0.456,-18.904,310.652,1.0
50.7,128.169546,37.974335,2325.9099024,1.938,-17.171,310.668,1.0
50.8,128.169354,37.974468,2313.473148,4.387,-15.488,311.014,1.0
50.9,128.169159,37.974604,2301.5469336,7.911,-13.866,311.393,1.0
51.0,128.168962,37.974742,2290.1510712,11.102,-12.266,311.678,1.0
51.1,128.168764,37.974882,2279.4004704,11.814,-10.721,312.1,1.0
51.2,128.168564,37.975025,2269.2073488,13.947,-9.222,312.78,1.0
51.3,128.168363,37.97517,2259.5485416,17.473,-7.775,313.565,1.0
51.4,128.168162,37.975318,2250.341448,23.202,-6.389,314.444,1.0
51.5,128.16796,37.975468,2241.6573912000003,28.667,-5.376,315.255,1.0
51.6,128.16776,37.975621,2233.4823504,33.352,-6.162,315.333,1.0
51.7,128.16756,37.975776,2225.5804104000003,40.486,-7.176,315.764,1.0
51.8,128.16736,37.975933,2217.8717136,49.546,-6.66,318.076,1.0
51.9,128.167162,37.976092,2210.398932,59.556,-6.33,320.676,1.0
52.0,128.166964,37.976254,2203.0282584,71.739,-7.823,321.299,1.0
52.1,128.166768,37.976417,2195.6697768,85.922,-10.142,321.608,1.0
52.2,128.166572,37.976582,2188.2600888,99.339,-12.674,324.169,1.0
52.3,128.16638,37.97675,2180.6973912000003,107.321,-14.651,327.117,1.0
52.4,128.166193,37.976921,2172.8777472,111.105,-15.85,329.481,1.0
52.5,128.166015,37.977095,2164.7414160000003,110.989,-16.815,331.401,1.0
52.6,128.165844,37.977273,2156.3130864,109.435,-17.021,331.099,1.0
52.7,128.165677,37.977452,2147.6677392,110.355,-17.229,330.388,1.0
52.8,128.165513,37.977633,2138.8626768,116.44,-17.894,330.178,1.0
52.9,128.165349,37.977815,2129.9155776000002,126.323,-19.553,331.5,1.0
53.0,128.165187,37.977998,2120.7798072,137.135,-21.067,332.731,1.0
53.1,128.165027,37.978182,2111.31912,142.201,-23.169,334.529,1.0
53.2,128.164873,37.978367,2101.350636,142.719,-25.483,336.131,1.0
53.3,128.164725,37.978552,2090.7280512,140.151,-27.604,337.727,1.0
53.4,128.164585,37.978737,2079.4352112,135.035,-29.534,339.404,1.0
53.5,128.164453,37.978922,2067.5172264000003,129.548,-31.305,340.924,1.0
53.6,128.164328,37.979108,2055.0795576,128.135,-32.916,342.349,1.0
53.7,128.164208,37.979293,2042.2145592000002,131.208,-34.499,343.782,1.0
53.8,128.164094,37.979479,2028.895104,134.389,-35.945,345.475,1.0
53.9,128.163986,37.979663,2015.0471256,135.518,-37.535,347.135,1.0
54.0,128.163885,37.979847,2000.6855592000002,138.243,-39.211,348.663,1.0
54.1,128.163791,37.98003,1985.7387768,136.833,-40.785,350.295,1.0
54.2,128.163705,37.98021,1970.1369792,131.937,-42.299,352.016,1.0
54.3,128.163629,37.980388,1953.9079032,124.29,-43.629,354.027,1.0
54.4,128.163563,37.980564,1937.1429888000002,116.738,-44.814,356.078,1.0
54.5,128.163505,37.980739,1919.9562312000003,114.908,-45.909,358.113,1.0
54.6,128.163453,37.980912,1902.4250496,117.397,-46.942,0.47,1.0
54.7,128.163406,37.981085,1884.5680368000003,122.424,-48.103,2.891,1.0
54.8,128.163366,37.981255,1866.3096024000001,126.182,-49.307,5.176,1.0
54.9,128.163333,37.981422,1847.5836048,124.836,-50.477,7.493,1.0
55.0,128.16331,37.981586,1828.3696224,119.512,-51.53,10.008,1.0
55.1,128.163297,37.981744,1808.7130704,113.448,-52.546,12.679,1.0
55.2,128.163291,37.9819,1788.6904536000002,112.196,-53.636,15.441,1.0
55.3,128.163292,37.982052,1768.3353000000002,114.494,-54.735,18.283,1.0
55.4,128.1633,37.982202,1747.618044,116.014,-55.679,21.241,1.0
55.5,128.163315,37.982347,1726.5182640000003,112.689,-56.527,24.294,1.0
55.6,128.163339,37.982486,1705.0487616,107.739,-57.486,27.374,1.0
55.7,128.163371,37.982621,1683.2701920000002,106.007,-58.38,30.685,1.0
55.8,128.163409,37.982752,1661.2099872000001,104.944,-59.128,34.191,1.0
55.9,128.163453,37.982877,1638.8754624,102.995,-59.753,37.793,1.0
56.0,128.163505,37.982998,1616.2748471999998,99.817,-60.387,41.439,1.0
56.1,128.163563,37.983114,1593.4428888000002,99.086,-61.061,45.195,1.0
56.2,128.163625,37.983226,1570.3725768,99.824,-61.553,49.019,1.0
56.3,128.163693,37.983332,1547.0721408,95.804,-61.844,52.805,1.0
56.4,128.163767,37.983432,1523.5741944000001,87.865,-61.982,56.616,1.0
56.5,128.16385,37.983524,1499.9290296000001,79.346,-62.028,60.529,1.0
56.6,128.163939,37.98361,1476.1607256,76.307,-61.956,64.584,1.0
56.7,128.164034,37.98369,1452.2485560000002,77.7,-61.826,68.631,1.0
56.8,128.164132,37.983767,1428.1845960000003,81.393,-61.63,72.505,1.0
56.9,128.164236,37.983838,1403.9889624,82.521,-61.424,76.182,1.0
57.0,128.164345,37.9839,1379.6723232000002,78.435,-61.254,79.848,1.0
57.1,128.164459,37.983954,1355.3157552,70.633,-60.895,83.507,1.0
57.2,128.164578,37.983999,1330.9762560000001,60.795,-60.244,87.055,1.0
57.3,128.164704,37.984037,1306.6516920000001,52.857,-59.427,90.472,1.0
57.4,128.164834,37.984069,1282.3268232000003,51.249,-58.401,93.551,1.0
57.5,128.164969,37.984097,1257.9769608,53.861,-57.492,96.257,1.0
57.6,128.165107,37.98412,1233.5874744,58.388,-56.763,98.992,1.0
57.7,128.165249,37.984137,1209.2095704,60.321,-56.004,101.718,1.0
57.8,128.165395,37.984145,1184.9148768,57.074,-55.205,104.335,1.0
57.9,128.165545,37.984144,1160.7920904,50.186,-54.254,106.817,1.0
58.0,128.165699,37.984135,1136.8683384,43.727,-53.237,109.335,1.0
58.1,128.165857,37.984119,1113.080832,43.403,-52.143,111.755,1.0
58.2,128.166018,37.984098,1089.38568,46.426,-51.041,114.005,1.0
58.3,128.166182,37.98407,1065.8127528,50.21,-50.02,116.165,1.0
58.4,128.166348,37.984035,1042.4013696000002,52.489,-49.023,118.266,1.0
58.5,128.166516,37.983992,1019.2423608,49.679,-47.974,120.292,1.0
58.6,128.166685,37.983939,996.42168,43.283,-46.735,122.124,1.0
58.7,128.166856,37.983877,973.9954104000001,36.721,-45.429,123.986,1.0
58.8,128.167029,37.983809,951.9077735999999,36.634,-44.107,125.887,1.0
58.9,128.167204,37.983734,930.0539184000002,41.194,-42.911,127.562,1.0
59.0,128.167379,37.983655,908.3631312,47.409,-41.864,129.303,1.0
59.1,128.167555,37.983568,886.9228896,50.709,-40.811,131.155,1.0
59.2,128.16773,37.983473,865.8511512,48.66,-39.755,133.015,1.0
59.3,128.167903,37.983369,845.2460616000001,42.895,-38.545,134.78,1.0
59.4,128.168076,37.983257,825.1435872000001,37.147,-37.252,136.528,1.0
59.5,128.168248,37.983137,805.4577744000001,38.16,-35.969,138.315,1.0
59.6,128.16842,37.983012,786.0529872000001,44.1,-34.932,140.047,1.0
59.7,128.16859,37.982881,766.873752,50.179,-33.926,141.728,1.0
59.8,128.168758,37.982744,748.0243104000001,51.203,-32.898,143.491,1.0
59.9,128.168923,37.982599,729.6415176,47.54,-31.838,145.238,1.0
60.0,128.169082,37.982446,711.8052312,43.246,-30.829,147.131,1.0
60.1,128.169239,37.982287,694.4136480000001,45.742,-29.802,149.059,1.0
60.2,128.169392,37.982123,677.3454576,53.11,-28.903,151.048,1.0
60.3,128.169542,37.981955,660.4790448,61.125,-28.126,152.998,1.0
60.4,128.169687,37.981783,643.8540336000001,62.782,-27.439,154.894,1.0
60.5,128.169825,37.981604,627.5563776,59.79,-26.785,156.79,1.0
60.6,128.169954,37.98142,611.739696,53.567,-25.993,158.656,1.0
60.7,128.170075,37.98123,596.4945144,45.067,-25.002,160.235,1.0
60.8,128.170189,37.981034,581.9125776000001,34.664,-23.744,161.469,1.0
60.9,128.170298,37.980834,568.0594176000001,25.309,-22.289,162.617,1.0
61.0,128.170402,37.98063,554.8262208,23.733,-20.673,163.617,1.0
61.1,128.170505,37.980424,542.051748,27.494,-19.077,164.587,1.0
61.2,128.170605,37.980215,529.5994488,35.042,-17.646,165.589,1.0
61.3,128.170701,37.980004,517.4964504000001,44.776,-16.381,166.84,1.0
61.4,128.170793,37.97979,505.7921304,52.842,-15.263,168.333,1.0
61.5,128.170878,37.979574,494.5642128,54.398,-14.248,169.904,1.0
61.6,128.170953,37.979353,483.9266928,51.307,-13.247,171.542,1.0
61.7,128.171019,37.97913,473.9704008,45.209,-12.129,172.976,1.0
61.8,128.171076,37.978905,464.7584304,36.874,-10.763,174.114,1.0
61.9,128.171126,37.978677,456.341988,29.277,-9.283,175.23,1.0
62.0,128.17117,37.978448,448.5958008,29.01,-7.73,176.276,1.0
62.1,128.171211,37.978217,441.3388176,33.948,-6.222,177.342,1.0
62.2,128.171249,37.977985,434.41833360000004,42.395,-4.939,178.58,1.0
62.3,128.171282,37.977753,427.8636096,50.501,-3.69,179.952,1.0
62.4,128.171308,37.977519,421.80418560000004,52.124,-2.501,181.464,1.0
62.5,128.171325,37.977286,416.36746800000003,49.073,-1.351,182.979,1.0
62.6,128.171332,37.977052,411.667452,42.818,-0.162,184.268,1.0
62.7,128.171331,37.976818,407.72425440000006,36.718,0.673,185.23,1.0
62.8,128.171325,37.976585,404.3016552,37.158,-0.6,184.604,1.0
62.9,128.171317,37.976352,401.0652888,42.803,-2.302,183.566,1.0
63.0,128.171308,37.976119,397.7673528,52.427,-3.506,182.724,1.0
63.1,128.1713,37.975885,394.40449440000003,63.691,-4.153,182.171,1.0
63.2,128.171289,37.975652,391.0312728,72.884,-3.474,183.864,1.0
63.3,128.171275,37.975419,387.7494912,75.009,-2.65,186.348,1.0
63.4,128.171253,37.975187,384.6130992,72.27,-2.223,187.723,1.0
63.5,128.171223,37.974957,381.6839712,66.277,-1.358,190.015,1.0
63.6,128.171185,37.974728,379.0520232,58.037,-0.205,192.226,1.0
63.7,128.171138,37.974501,376.83216480000004,48.117,0.956,193.749,1.0
63.8,128.171085,37.974275,375.042684,39.405,0.195,193.148,1.0
63.9,128.17103,37.974051,373.4537616,38.003,-1.705,191.813,1.0
64.0,128.170974,37.973826,371.7895536,42.171,-3.145,190.821,1.0
64.1,128.17092,37.9736,369.84492960000006,50.335,-4.253,189.933,1.0
64.2,128.170868,37.973372,367.6732296,58.265,-4.123,189.909,1.0
64.3,128.170814,37.973145,365.4939096,58.931,-2.622,191.899,1.0
64.4,128.170755,37.972919,363.5188056,54.586,-0.496,194.908,1.0
64.5,128.17069,37.972695,361.928664,47.11,1.324,196.989,1.0
64.6,128.170617,37.972473,360.83656560000003,37.403,2.896,198.261,1.0
64.7,128.170541,37.972252,360.22239360000003,28.597,2.175,197.805,1.0
64.8,128.170462,37.972032,359.80634160000005,26.896,0.057,196.769,1.0
64.9,128.170384,37.971813,359.3156136,30.514,-0.603,196.507,1.0
65.0,128.170305,37.971592,358.5630624,37.849,-1.194,196.199,1.0
65.1,128.170228,37.97137,357.5794728,45.046,-1.151,196.039,1.0
65.2,128.170149,37.971148,356.6105136,45.253,0.693,197.506,1.0
65.3,128.170067,37.970928,355.9353816,40.566,3.37,199.779,1.0
65.4,128.169979,37.97071,355.788468,32.704,5.311,201.065,1.0
65.5,128.169888,37.970493,356.161848,25.123,4.769,200.762,1.0
65.6,128.169794,37.970277,356.79369840000004,24.287,3.53,200.277,1.0
65.7,128.169699,37.970061,357.4319496,28.583,3.379,200.301,1.0
65.8,128.169604,37.969844,358.01808,33.805,5.602,201.462,1.0
65.9,128.169506,37.969627,358.8300672,32.788,8.262,202.927,1.0
66.0,128.169406,37.969412,360.12668640000004,27.261,9.92,203.688,1.0
66.1,128.169302,37.9692,361.977432,21.137,8.91,203.214,1.0
66.2,128.169197,37.968989,364.08268560000005,21.193,6.632,202.425,1.0
66.3,128.169092,37.968779,366.17574720000005,26.147,6.657,202.559,1.0
66.4,128.168987,37.968569,368.2438152,31.924,9.922,204.185,1.0
66.5,128.168879,37.96836,370.6014432,31.517,13.381,206.089,1.0
66.6,128.168769,37.968154,373.4604672,26.397,14.117,206.313,1.0
66.7,128.168656,37.967951,376.8833712,17.948,12.604,205.34,1.0
66.8,128.168543,37.96775,380.78298240000004,9.785,12.235,205.097,1.0
66.9,128.168429,37.967551,385.0261032,8.438,15.036,205.634,1.0
67.0,128.168315,37.967352,389.52434160000007,12.22,18.231,206.231,1.0
67.1,128.1682,37.967155,394.12651680000005,19.144,18.533,206.34,1.0
67.2,128.168086,37.966958,398.7701448,25.829,17.136,205.711,1.0
67.3,128.16797,37.966761,403.5442272,26.552,16.019,204.958,1.0
67.4,128.167854,37.966567,408.617928,22.886,16.841,205.19,1.0
67.5,128.167736,37.966375,414.1582776,16.033,17.849,205.471,1.0
67.6,128.167619,37.966186,420.1101072000001,6.759,16.499,205.02,1.0
67.7,128.167502,37.965999,426.33473280000004,-1.687,14.727,204.892,1.0
67.8,128.167385,37.965812,432.7029192,-5.981,15.205,204.933,1.0
67.9,128.16727,37.965626,439.30427760000003,-10.294,15.938,204.959,1.0
68.0,128.167155,37.96544,445.928496,-8.873,14.519,205.383,1.0
68.1,128.16704,37.965253,452.32502880000004,-3.209,12.711,205.752,1.0
68.2,128.166923,37.965065,458.3027664,3.088,11.412,205.683,1.0
68.3,128.166807,37.964877,464.0512944,3.601,12.681,205.494,1.0
68.4,128.16669,37.96469,469.93698240000003,-0.4,16.559,205.436,1.0
68.5,128.166575,37.964504,476.25213360000004,-4.954,19.999,205.335,1.0
68.6,128.166461,37.964319,482.8623312,-3.964,20.238,205.434,1.0
68.7,128.166347,37.964133,489.49630320000006,1.129,18.145,205.623,1.0
68.8,128.166232,37.963946,495.92880240000005,9.159,16.781,205.672,1.0
68.9,128.166116,37.963759,502.2412104,16.916,18.505,206.001,1.0
69.0,128.165999,37.963571,508.77978,18.562,22.581,207.122,1.0
69.1,128.165882,37.963386,515.8432152,15.373,25.746,208.049,1.0
69.2,128.165765,37.963205,523.5366720000001,8.62,26.018,207.954,1.0
69.3,128.165647,37.963025,531.7415832,1.778,24.316,207.678,1.0
69.4,128.165531,37.962847,540.1760088,0.762,22.565,207.708,1.0
69.5,128.165413,37.962668,548.5589232,4.29,21.13,207.754,1.0
69.6,128.165295,37.962488,556.764444,11.073,22.206,208.097,1.0
69.7,128.165177,37.962307,564.9653928,17.93,26.077,209.146,1.0
69.8,128.165057,37.962127,573.4854672,18.897,29.68,210.272,1.0
69.9,128.164937,37.961951,582.5465616,15.206,31.31,210.64,1.0
70.0,128.164817,37.961777,592.1797656,9.341,30.184,210.29,1.0
70.1,128.164697,37.961605,602.1397152,6.442,28.465,210.05,1.0
70.2,128.164576,37.961433,612.2224992,8.671,29.327,210.247,1.0
70.3,128.164455,37.961262,622.3900176000001,14.828,32.363,210.98,1.0
70.4,128.164334,37.96109,632.7410256000001,21.143,34.649,211.663,1.0
70.5,128.164212,37.960921,643.458708,21.684,36.116,212.121,1.0
70.6,128.164089,37.960755,654.6723000000001,17.562,36.388,212.064,1.0
70.7,128.163967,37.960592,666.4516008,10.388,36.391,211.859,1.0
70.8,128.163846,37.960433,678.6231792000001,3.764,34.76,211.557,1.0
70.9,128.163724,37.960274,690.9620928,3.007,34.041,211.616,1.0
71.0,128.163603,37.960115,703.350384,6.9,36.174,211.914,1.0
71.1,128.163481,37.959957,715.8468792000001,12.699,38.925,212.41,1.0
71.2,128.16336,37.9598,728.6597568000001,15.61,41.306,212.996,1.0
71.3,128.163239,37.959646,741.9712872000001,13.748,43.454,213.564,1.0
71.4,128.16312,37.959498,755.8982088000001,8.253,45.2,213.888,1.0
71.5,128.163003,37.959355,770.4201,0.087,46.462,213.748,1.0
71.6,128.16289,37.959216,785.4747816,-7.583,48.122,213.625,1.0
71.7,128.16278,37.959079,800.8830312,-9.103,48.354,213.721,1.0
71.8,128.16267,37.958944,816.5006784000001,-6.094,49.157,213.505,1.0
71.9,128.162562,37.958809,832.2539616000001,0.193,50.371,213.341,1.0
72.0,128.162453,37.958674,848.1538536,8.846,51.136,213.541,1.0
72.1,128.162345,37.958541,864.1823712,16.312,49.783,213.258,1.0
72.2,128.162237,37.958409,880.387368,19.35,48.402,212.795,1.0
72.3,128.16213,37.95828,896.8166976,20.921,49.72,213.687,1.0
72.4,128.162023,37.958155,913.5806976,21.547,52.788,215.9,1.0
72.5,128.161917,37.958033,930.6537648000001,23.503,54.777,217.449,1.0
72.6,128.161812,37.957916,948.0547968000001,22.938,55.448,217.978,1.0
72.7,128.161708,37.957802,965.6679696000001,22.428,54.148,217.068,1.0
72.8,128.161604,37.957691,983.4810912,20.422,52.869,216.342,1.0
72.9,128.161501,37.957582,1001.4304584,21.241,53.321,216.9,1.0
73.0,128.161398,37.957476,1019.5486848,20.862,54.241,217.733,1.0
73.1,128.161296,37.957371,1037.7909648,23.603,56.055,219.433,1.0
73.2,128.161194,37.957268,1056.1691856,26.995,58.573,221.771,1.0
73.3,128.161093,37.957169,1074.77052,28.518,60.791,224.227,1.0
73.4,128.160992,37.957073,1093.5562584,33.417,62.651,227.008,1.0
73.5,128.160892,37.956978,1112.4819,41.363,64.134,230.189,1.0
73.6,128.160791,37.956886,1131.5538456000002,50.131,65.108,233.168,1.0
73.7,128.160691,37.956799,1150.8037944,55.689,65.626,235.434,1.0
73.8,128.16059,37.956717,1170.2564352,57.304,66.378,238.75,1.0
73.9,128.160489,37.956643,1189.905672,52.731,66.415,239.375,1.0
74.0,128.160388,37.956575,1209.7201104,42.797,65.536,236.966,1.0
74.1,128.160289,37.956512,1229.6823768000002,35.047,65.368,236.858,1.0
74.2,128.160192,37.956452,1249.7589432,34.923,66.391,239.41,1.0
74.3,128.160094,37.956395,1269.9235968,39.841,67.758,242.552,1.0
74.4,128.159997,37.956338,1290.1287888000002,45.314,67.791,242.858,1.0
74.5,128.159899,37.956281,1310.3769576,50.919,67.809,243.143,1.0
74.6,128.159802,37.956228,1330.6955352,56.88,69.012,247.828,1.0
74.7,128.159706,37.956178,1351.1015903999998,62.817,70.153,253.96,1.0
74.8,128.159611,37.956133,1371.6124968000001,65.088,71.081,259.875,1.0
74.9,128.159517,37.956096,1392.2309976000001,64.705,71.918,265.778,1.0
75.0,128.159427,37.956065,1412.9516064,64.607,72.667,271.939,1.0
75.1,128.159339,37.956039,1433.7542064,69.573,73.275,278.438,1.0
75.2,128.159252,37.956017,1454.6147184000001,77.732,73.649,284.186,1.0
75.3,128.159167,37.955997,1475.515464,86.93,73.658,288.175,1.0
75.4,128.159082,37.95598,1496.4460800000002,98.684,73.482,294.075,1.0
75.5,128.158999,37.955967,1517.3931552,108.78,72.958,299.616,1.0
75.6,128.158916,37.955958,1538.3444976,117.455,72.15,304.405,1.0
75.7,128.158834,37.955954,1559.2644456,120.858,71.269,308.608,1.0
75.8,128.158754,37.955955,1580.1176424000002,121.426,70.255,312.231,1.0
75.9,128.158674,37.955962,1600.9016496,123.236,69.209,315.612,1.0
76.0,128.158596,37.955974,1621.6003128000002,124.884,68.3,318.326,1.0
76.1,128.15852,37.955991,1642.2236904,127.302,67.578,320.026,1.0
76.2,128.158444,37.956013,1662.7281960000003,129.355,66.547,322.901,1.0
76.3,128.158371,37.956042,1683.0647568000002,129.782,65.459,325.89,1.0
76.4,128.158299,37.956075,1703.2473936000001,131.148,64.379,328.871,1.0
76.5,128.158229,37.956114,1723.2886032000001,132.371,63.257,331.66,1.0
76.6,128.158161,37.956157,1743.1996632,134.159,62.027,334.076,1.0
76.7,128.158095,37.956203,1762.9577136,136.375,60.808,336.31,1.0
76.8,128.158031,37.956255,1782.5197776000002,138.214,59.581,338.314,1.0
76.9,128.157968,37.956311,1801.90902,141.436,58.332,340.167,1.0
77.0,128.157908,37.956371,1821.1074576,144.731,57.065,341.859,1.0
77.1,128.157849,37.956435,1840.112652,147.81,55.698,343.18,1.0
77.2,128.157792,37.956504,1858.8883320000002,150.18,54.32,344.316,1.0
77.3,128.157736,37.956577,1877.4134664000003,151.398,52.962,345.446,1.0
77.4,128.157682,37.956654,1895.6301432,150.76,51.605,346.549,1.0
77.5,128.15763,37.956737,1913.5676232000003,150.141,50.193,347.528,1.0
77.6,128.15758,37.956824,1931.1533640000002,147.292,48.83,348.642,1.0
77.7,128.157534,37.956916,1948.3379880000002,143.754,47.483,349.855,1.0
77.8,128.15749,37.957012,1965.2047056000001,142.791,46.148,351.216,1.0
77.9,128.157448,37.957112,1981.8452616000002,145.152,44.815,352.617,1.0
78.0,128.157408,37.957214,1998.3087288000002,148.445,43.446,353.826,1.0
78.1,128.157369,37.957319,2014.5009240000002,149.279,42.127,354.925,1.0
78.2,128.157333,37.957428,2030.3410752000002,148.872,40.804,355.88,1.0
78.3,128.1573,37.957539,2045.8980672000002,150.564,39.442,356.736,1.0
78.4,128.157268,37.957654,2061.1847016,153.349,38.077,357.538,1.0
78.5,128.157238,37.957772,2076.1506864000003,155.426,36.713,358.234,1.0
78.6,128.157211,37.957893,2090.6847696,154.579,35.367,358.92,1.0
78.7,128.157187,37.958018,2104.6848432,151.406,34.016,359.665,1.0
78.8,128.157167,37.958147,2118.1603560000003,147.539,32.631,0.508,1.0
78.9,128.15715,37.958279,2131.2295704000003,145.898,31.211,1.445,1.0
79.0,128.157135,37.958413,2144.0064816,147.383,29.785,2.428,1.0
79.1,128.157122,37.958549,2156.5496112,151.018,28.373,3.343,1.0
79.2,128.15711,37.958686,2168.8114104,155.373,26.96,4.061,1.0
79.3,128.157101,37.958827,2180.7336624,159.231,25.538,4.593,1.0
79.4,128.157094,37.958969,2192.193228,160.884,24.107,5.012,1.0
79.5,128.15709,37.959114,2203.0617864,159.446,22.651,5.416,1.0
79.6,128.157089,37.959263,2213.302152,155.683,21.166,5.903,1.0
79.7,128.157091,37.959413,2222.9539488,151.621,19.65,6.517,1.0
79.8,128.157096,37.959566,2232.1439736,150.566,18.097,7.207,1.0
79.9,128.157103,37.95972,2240.9974992,152.179,16.538,7.931,1.0
80.0,128.157111,37.959875,2249.5974312000003,155.686,14.995,8.585,1.0
80.1,128.157121,37.960031,2257.9224336,159.725,13.494,9.103,1.0
80.2,128.157133,37.960189,2265.8579016000003,162.452,12.031,9.479,1.0
80.3,128.157146,37.960349,2273.3672592000003,163.907,10.567,9.742,1.0
80.4,128.157162,37.96051,2280.36882,163.268,9.101,9.976,1.0
80.5,128.157179,37.960672,2286.9201912000003,162.257,7.621,10.214,1.0
80.6,128.157198,37.960836,2292.9162168000003,159.065,6.174,10.582,1.0
80.7,128.157221,37.961,2298.2602752000003,154.317,4.748,11.08,1.0
80.8,128.157246,37.961166,2303.0090592,150.085,3.338,11.756,1.0
80.9,128.157273,37.961333,2307.2997288,149.119,1.923,12.558,1.0
81.0,128.157303,37.9615,2311.2590808,150.817,0.476,13.347,1.0
81.1,128.157334,37.961667,2314.9032696000004,154.204,-0.962,14.056,1.0
81.2,128.157367,37.961836,2318.1996816,158.455,-2.387,14.6,1.0
81.3,128.157401,37.962005,2321.1672144,163.213,-3.828,14.943,1.0
81.4,128.157436,37.962175,2323.6860816,166.398,-5.256,15.161,1.0
81.5,128.157474,37.962344,2325.6166848,166.032,-6.684,15.352,1.0
81.6,128.157513,37.962514,2326.8700224,163.928,-8.163,15.516,1.0
81.7,128.157554,37.962684,2327.5207704,162.386,-9.699,15.718,1.0
81.8,128.157597,37.962853,2327.5247328,159.978,-11.258,16.032,1.0
81.9,128.157642,37.963021,2326.9965144000003,159.793,-12.867,16.365,1.0
82.0,128.157688,37.963189,2326.0732752000004,161.644,-14.487,16.723,1.0
82.1,128.157735,37.963358,2324.8007352,164.687,-16.082,17.033,1.0
82.2,128.157783,37.963526,2323.1206776000004,167.169,-17.627,17.285,1.0
82.3,128.157832,37.963694,2320.9002096000004,166.552,-19.127,17.532,1.0
82.4,128.157882,37.96386,2318.013144,163.32,-20.623,17.818,1.0
82.5,128.157934,37.964025,2314.4418024,158.327,-22.133,18.243,1.0
82.6,128.157987,37.964188,2310.2660424,153.63,-23.663,18.825,1.0
82.7,128.158043,37.964349,2305.6181472,152.089,-25.209,19.525,1.0
82.8,128.158099,37.964511,2300.6182080000003,153.354,-26.736,20.292,1.0
82.9,128.158156,37.964672,2295.3165168,156.813,-28.231,20.994,1.0
83.0,128.158214,37.964832,2289.6966144,161.791,-29.694,21.517,1.0
83.1,128.158273,37.964992,2283.7207056,166.65,-31.125,21.843,1.0
83.2,128.158333,37.965151,2277.2714424,168.593,-32.534,22.036,1.0
83.3,128.158393,37.965308,2270.2259904,167.032,-33.953,22.186,1.0
83.4,128.158454,37.965461,2262.5145504,164.008,-35.416,22.352,1.0
83.5,128.158515,37.965613,2254.2419736,163.159,-36.951,22.552,1.0
83.6,128.158577,37.965763,2245.5274368,164.459,-38.507,22.877,1.0
83.7,128.158639,37.965912,2236.4407392000003,167.153,-40.044,23.254,1.0
83.8,128.158702,37.96606,2226.9382944000004,169.809,-41.561,23.475,1.0
83.9,128.158765,37.966206,2216.9439024000003,171.244,-43.063,23.551,1.0
84.0,128.158828,37.96635,2206.4612208000003,171.213,-44.573,23.593,1.0
84.1,128.15889,37.966491,2195.4064296,168.202,-46.084,23.747,1.0
84.2,128.158952,37.966628,2183.7249696000003,162.983,-47.605,24.1,1.0
84.3,128.159015,37.966761,2171.4771912,157.929,-49.155,24.685,1.0
84.4,128.159077,37.966892,2158.7709936,156.208,-50.731,25.473,1.0
84.5,128.159141,37.967021,2145.7057416,157.487,-52.23,26.343,1.0
84.6,128.159204,37.967149,2132.3189256,161.165,-53.653,27.087,1.0
84.7,128.159268,37.967276,2118.5895144,165.435,-55.142,27.713,1.0
84.8,128.159331,37.9674,2104.4361264000004,167.129,-56.607,28.216,1.0
84.9,128.159394,37.96752,2089.7749416,165.36,-58.068,28.691,1.0
85.0,128.159456,37.967635,2074.5730416,162.214,-59.57,29.198,1.0
85.1,128.159517,37.967745,2058.9038832,161.11,-61.137,29.809,1.0
85.2,128.159577,37.967853,2042.8323888000002,161.053,-62.721,30.64,1.0
85.3,128.159638,37.967958,2026.368312,161.408,-64.293,31.545,1.0
85.4,128.159697,37.968059,2009.5119576,161.889,-65.847,32.468,1.0
85.5,128.159756,37.968157,1992.2550960000003,161.381,-67.376,33.531,1.0
85.6,128.159814,37.968249,1974.5477400000002,157.694,-68.854,35.004,1.0
85.7,128.15987,37.968336,1956.3871464000001,152.936,-70.342,36.811,1.0
85.8,128.159926,37.968418,1937.8379328,151.226,-71.895,38.821,1.0
85.9,128.159981,37.968496,1918.9702032,152.079,-73.461,41.174,1.0
86.0,128.160036,37.968573,1899.8254104000002,155.067,-75.026,43.457,1.0
86.1,128.16009,37.968647,1880.3870952,158.293,-76.546,45.566,1.0
86.2,128.160142,37.968716,1860.6458088,158.067,-78.018,47.718,1.0
86.3,128.160192,37.968781,1840.5869208000001,154.95,-79.493,49.957,1.0
86.4,128.160239,37.968842,1820.2308528000003,150.727,-80.966,53.017,1.0
86.5,128.160284,37.968897,1799.5974168,141.255,-82.303,58.541,1.0
86.6,128.160326,37.968945,1778.6725920000001,128.443,-83.502,66.892,1.0
86.7,128.160366,37.968988,1757.4862488,115.404,-84.53,79.367,1.0
86.8,128.160404,37.969026,1736.0511888,100.841,-85.195,96.81,1.0
86.9,128.160441,37.969061,1714.3756415999999,84.468,-85.312,116.896,1.0
87.0,128.160477,37.969092,1692.4684464,67.563,-84.874,134.831,1.0
87.1,128.16051,37.969118,1670.3530728,53.337,-84.106,149.096,1.0
87.2,128.16054,37.969138,1648.0667064,40.843,-83.095,159.915,1.0
87.3,128.160567,37.969153,1625.6123952,32.735,-81.918,168.323,1.0
87.4,128.160593,37.969163,1602.9877008,27.613,-80.627,174.648,1.0
87.5,128.160616,37.969168,1580.2170072000001,22.871,-79.319,180.068,1.0
87.6,128.160636,37.969167,1557.3335376,18.237,-77.958,184.591,1.0
87.7,128.160653,37.969161,1534.3257096000002,15.433,-76.562,189.08,1.0
87.8,128.160668,37.96915,1511.1987048,14.03,-75.169,193.66,1.0
87.9,128.160679,37.969135,1488.0137880000002,12.228,-73.765,197.126,1.0
88.0,128.160685,37.969112,1464.8297856000002,9.237,-72.269,198.77,1.0
88.1,128.160686,37.969083,1441.7186304,4.836,-70.752,199.286,1.0
88.2,128.160682,37.969046,1418.705316,0.878,-69.146,199.337,1.0
88.3,128.160676,37.969003,1395.7361976,0.853,-67.429,199.591,1.0
88.4,128.160667,37.968956,1372.7597640000001,3.197,-65.726,199.766,1.0
88.5,128.160655,37.968904,1349.7662616000002,7.616,-63.933,200.043,1.0
88.6,128.16064,37.968848,1326.8151264,11.074,-62.227,200.36,1.0
88.7,128.16062,37.968786,1304.01822,9.795,-60.57,200.854,1.0
88.8,128.160595,37.968717,1281.5017296,5.129,-58.885,201.223,1.0
88.9,128.160566,37.968641,1259.2757136,0.145,-57.24,201.506,1.0
89.0,128.160533,37.968559,1237.2414168,0.108,-55.657,201.781,1.0
89.1,128.160498,37.968473,1215.3052656000002,4.042,-53.935,202.078,1.0
89.2,128.160461,37.968383,1193.4544584,8.37,-52.128,202.357,1.0
89.3,128.160419,37.968288,1171.8270696000002,8.008,-50.411,202.623,1.0
89.4,128.160372,37.968186,1150.5883008,3.836,-48.71,202.831,1.0
89.5,128.160322,37.968078,1129.8116088000002,-0.904,-47.077,203.018,1.0
89.6,128.160268,37.967965,1109.3711112,-0.621,-45.499,203.229,1.0
89.7,128.160211,37.967848,1089.1451928000001,3.343,-44.001,203.411,1.0
89.8,128.160152,37.967726,1069.1579328,7.392,-42.547,203.61,1.0
89.9,128.160089,37.9676,1049.5218024,9.428,-40.893,203.998,1.0
90.0,128.160022,37.96747,1030.2563088000002,9.729,-39.116,204.405,1.0
90.1,128.15995,37.967334,1011.5266536000001,6.051,-37.345,204.66,1.0
90.2,128.159874,37.967193,993.4212288,1.458,-35.674,204.946,1.0
90.3,128.159795,37.967047,975.7998264000001,1.728,-34.066,205.223,1.0
90.4,128.159713,37.966898,958.5262008000001,4.522,-32.549,205.408,1.0
90.5,128.159628,37.966746,941.6061432,7.734,-31.192,205.664,1.0
90.6,128.15954,37.96659,925.1061000000001,9.593,-29.629,205.934,1.0
90.7,128.159448,37.96643,909.216876,6.877,-27.789,206.165,1.0
90.8,128.159352,37.966266,894.0948336,0.759,-25.95,206.227,1.0
90.9,128.159253,37.966097,879.6902904000001,-5.247,-24.172,206.236,1.0
91.0,128.159152,37.965925,865.8170136,-5.467,-22.471,206.214,1.0
91.1,128.159049,37.96575,852.3174216,-1.595,-20.782,206.166,1.0
91.2,128.158944,37.965572,839.2704576000001,3.067,-19.039,206.094,1.0
91.3,128.158837,37.965391,826.8184632000001,6.184,-17.457,206.164,1.0
91.4,128.158727,37.965208,814.9699728,7.962,-15.961,206.473,1.0
91.5,128.158615,37.965022,803.6850576,10.118,-14.171,206.866,1.0
91.6,128.158499,37.964834,792.9091584,14.019,-12.449,207.367,1.0
91.7,128.158381,37.964644,782.5599792,19.332,-10.818,208.056,1.0
91.8,128.15826,37.964453,772.8042456000001,21.664,-9.248,208.733,1.0
91.9,128.158133,37.964261,763.85166,19.079,-7.65,209.283,1.0
92.0,128.158002,37.964068,755.8719960000001,12.703,-6.017,209.77,1.0
92.1,128.157867,37.963874,748.8045984,6.449,-4.328,210.302,1.0
92.2,128.15773,37.963679,742.4440320000001,6.188,-2.686,210.754,1.0
92.3,128.157592,37.963483,736.5955296000001,9.762,-1.152,211.162,1.0
92.4,128.157451,37.963287,731.1835008,15.252,0.335,211.635,1.0
92.5,128.157308,37.96309,726.400884,17.868,1.893,212.064,1.0
92.6,128.157161,37.962894,722.4622584,15.471,3.569,212.438,1.0
92.7,128.157012,37.962699,719.539836,9.21,5.261,212.769,1.0
92.8,128.156861,37.962504,717.6135,2.727,6.887,213.104,1.0
92.9,128.156709,37.962309,716.4692808000001,2.313,8.481,213.383,1.0
93.0,128.156556,37.962114,715.8801024,6.531,9.827,213.645,1.0
93.1,128.156402,37.961919,715.6975272,12.506,11.002,213.938,1.0
93.2,128.156247,37.961725,716.0474376000001,17.644,12.747,214.602,1.0
93.3,128.15609,37.961531,716.8633872000001,23.071,14.389,215.369,1.0
93.4,128.155931,37.961339,718.3032624,22.818,15.96,216.089,1.0
93.5,128.15577,37.96115,720.5682312,18.163,17.513,216.751,1.0
93.6,128.155607,37.960963,723.7792992,12.823,18.735,217.342,1.0
93.7,128.155443,37.960779,727.7258496000001,12.599,19.44,217.781,1.0
93.8,128.155278,37.960596,732.2259167999999,16.121,20.902,218.353,1.0
93.9,128.155113,37.960415,737.2651752,20.903,22.557,219.064,1.0
94.0,128.154946,37.960236,742.7567568000001,27.112,24.221,219.979,1.0
94.1,128.154777,37.960059,748.8375168,30.026,25.751,220.987,1.0
94.2,128.154607,37.959886,755.6132208,29.754,27.168,222.162,1.0
94.3,128.154434,37.959717,762.9960864000001,29.768,28.614,223.333,1.0
94.4,128.15426,37.959552,771.0498168,28.228,30.069,224.468,1.0
94.5,128.154085,37.95939,779.6491392,30.608,31.491,225.716,1.0
94.6,128.153909,37.959232,788.7605256,32.725,32.931,226.891,1.0
94.7,128.153732,37.959078,798.4681008000001,32.16,34.29,228.149,1.0
94.8,128.153554,37.958929,808.6578696000001,34.171,35.571,229.588,1.0
94.9,128.153375,37.958782,819.300876,37.844,36.808,231.055,1.0
95.0,128.153195,37.958641,830.4269904,41.394,37.972,232.57,1.0
95.1,128.153014,37.958505,842.0612064000001,42.783,39.125,234.106,1.0
95.2,128.152832,37.958375,854.2775904,40.375,40.323,235.622,1.0
95.3,128.15265,37.958253,867.130092,34.669,41.651,237.037,1.0
95.4,128.152469,37.958137,880.6046904000001,28.981,43.076,238.464,1.0
95.5,128.152289,37.958026,894.5779416,28.914,44.275,239.715,1.0
95.6,128.15211,37.957919,908.8471536000001,32.408,43.8,239.628,1.0
95.7,128.15193,37.957813,923.26968,39.353,43.664,239.905,1.0
95.8,128.15175,37.957709,937.8735624,49.548,45.099,242.229,1.0
95.9,128.15157,37.957608,952.6700784000001,59.022,46.227,244.684,1.0
96.0,128.151388,37.957511,967.7177496,62.316,47.132,247.034,1.0
96.1,128.151206,37.957421,983.069916,60.756,47.93,249.417,1.0
96.2,128.151024,37.957339,998.7756504,55.842,48.805,251.726,1.0
96.3,128.150842,37.957265,1014.8337336000001,51.208,49.74,254.088,1.0
96.4,128.150662,37.957196,1031.1990552,49.465,50.613,256.034,1.0
96.5,128.150484,37.957133,1047.891732,46.734,51.22,257.236,1.0
96.6,128.150307,37.957075,1064.8404408000001,49.161,52.041,259.178,1.0
96.7,128.150131,37.95702,1081.9695912,55.947,53.098,261.891,1.0
96.8,128.149956,37.956969,1099.247484,63.246,53.993,264.626,1.0
96.9,128.149782,37.956922,1116.7113048,65.494,54.772,267.279,1.0
97.0,128.14961,37.956882,1134.386352,65.596,55.355,270.031,1.0
97.1,128.149439,37.956847,1152.2363544,67.854,55.854,272.883,1.0
97.2,128.149271,37.956818,1170.2625312,69.113,56.42,275.686,1.0
97.3,128.149105,37.956795,1188.4782936,69.109,56.918,278.57,1.0
97.4,128.148942,37.956778,1206.8391408,72.859,57.272,281.643,1.0
97.5,128.148781,37.956766,1225.3075824,78.245,57.569,284.752,1.0
97.6,128.148622,37.956759,1243.8662448,84.517,57.66,287.847,1.0
97.7,128.148465,37.956755,1262.4837336,91.724,57.522,290.897,1.0
97.8,128.148309,37.956757,1281.1326168,96.214,57.296,293.81,1.0
97.9,128.148155,37.956766,1299.7802808000001,96.02,57.029,296.663,1.0
98.0,128.148005,37.956782,1318.4124000000002,93.772,56.694,299.533,1.0
98.1,128.147858,37.956805,1337.0378136000002,94.051,56.333,302.486,1.0
98.2,128.147712,37.956832,1355.6623128,97.909,55.915,305.437,1.0
98.3,128.147569,37.956863,1374.2694384,102.401,55.512,308.281,1.0
98.4,128.147428,37.956899,1392.8259672000002,102.889,55.168,310.995,1.0
98.5,128.147292,37.956941,1411.3090392000001,101.85,54.699,313.608,1.0
98.6,128.147159,37.956989,1429.7213976,102.65,54.212,316.242,1.0
98.7,128.14703,37.957043,1448.0404872,100.961,53.884,318.94,1.0
98.8,128.146907,37.957103,1466.2580784000002,98.954,53.524,321.676,1.0
98.9,128.146789,37.957168,1484.3985552,101.25,53.077,324.476,1.0
99.0,128.146675,37.957237,1502.467404,106.5,52.582,327.251,1.0
99.1,128.146563,37.95731,1520.4426792,111.991,51.993,329.853,1.0
99.2,128.146456,37.957386,1538.3070072000003,117.055,51.239,332.212,1.0
99.3,128.146351,37.957467,1556.029908,121.323,50.339,334.351,1.0
99.4,128.146251,37.957552,1573.57572,124.372,49.335,336.305,1.0
99.5,128.146153,37.957641,1590.9481008,127.342,48.181,338.045,1.0
99.6,128.146058,37.957733,1608.1717392000003,131.669,46.922,339.578,1.0
99.7,128.145965,37.957829,1625.2009152000003,135.005,45.673,340.98,1.0
99.8,128.145876,37.957929,1641.9347400000001,134.803,44.447,342.303,1.0
99.9,128.145791,37.958035,1658.329932,133.518,43.167,343.539,1.0
100.0,128.145709,37.958143,1674.473664,134.777,41.838,344.747,1.0
100.1,128.145629,37.958255,1690.4156184,136.757,40.577,346.016,1.0
100.2,128.145551,37.95837,1706.1061128000001,136.695,39.448,347.09,1.0
100.3,128.145476,37.958488,1721.6006208000001,138.533,38.32,347.875,1.0
100.4,128.145403,37.958609,1736.8854264000001,141.581,37.023,348.814,1.0
100.5,128.145332,37.958733,1751.8511064,142.897,35.806,349.664,1.0
100.6,128.145265,37.958861,1766.4174983999999,142.287,34.734,350.318,1.0
100.7,128.145201,37.958992,1780.6513536000002,141.953,33.6,350.975,1.0
100.8,128.14514,37.959126,1794.5761416,142.789,32.276,351.911,1.0
100.9,128.145081,37.959263,1808.1638208000002,143.993,30.955,352.875,1.0
101.0,128.145025,37.959403,1821.4207920000001,145.572,29.549,353.668,1.0
101.1,128.144971,37.959546,1834.383936,147.308,28.145,354.427,1.0
101.2,128.14492,37.959691,1846.9343808,145.758,26.85,355.283,1.0
101.3,128.144873,37.959839,1858.9471584000003,141.493,25.628,356.226,1.0
101.4,128.144832,37.959991,1870.3658808,135.381,24.44,357.264,1.0
101.5,128.144796,37.960146,1881.2536416,128.788,23.373,358.557,1.0
101.6,128.144765,37.960303,1891.6842024000002,123.727,22.451,0.095,1.0
101.7,128.144739,37.960461,1901.7791784,123.138,21.577,1.743,1.0
101.8,128.144716,37.960621,1911.632448,126.011,20.648,3.34,1.0
101.9,128.144695,37.960782,1921.2781488,131.353,19.626,4.769,1.0
102.0,128.144677,37.960944,1930.6973832,138.177,18.517,5.944,1.0
102.1,128.144661,37.961107,1939.8465648000001,144.238,17.296,6.832,1.0
102.2,128.144648,37.961272,1948.5998112,146.435,16.027,7.544,1.0
102.3,128.14464,37.961439,1956.819048,144.575,14.734,8.21,1.0
102.4,128.144637,37.961606,1964.4247224,141.068,13.39,8.889,1.0
102.5,128.144638,37.961776,1971.5332680000001,140.041,11.989,9.627,1.0
102.6,128.144643,37.961946,1978.2748344000001,141.4,10.58,10.433,1.0
102.7,128.14465,37.962117,1984.7445192,144.575,9.179,11.221,1.0
102.8,128.144658,37.962288,1990.9209864000002,147.53,7.82,11.943,1.0
102.9,128.14467,37.962461,1996.6737816,146.68,6.503,12.601,1.0
103.0,128.144687,37.962635,2001.863916,142.787,5.235,13.303,1.0
103.1,128.144708,37.962809,2006.4289056,138.267,4.025,14.141,1.0
103.2,128.144734,37.962984,2010.4937184000003,136.898,2.824,15.108,1.0
103.3,128.144763,37.963159,2014.1903328,138.25,1.613,16.144,1.0
103.4,128.144794,37.963334,2017.6123224,141.464,0.326,17.074,1.0
103.5,128.144827,37.96351,2020.7331696,144.521,-0.992,17.875,1.0
103.6,128.144863,37.963687,2023.4638728000002,145.364,-2.273,18.615,1.0
103.7,128.144902,37.963864,2025.8708784,147.4,-3.586,19.248,1.0
103.8,128.144943,37.964041,2027.9352888,148.992,-4.921,19.789,1.0
103.9,128.144987,37.964218,2029.5269544,146.94,-6.199,20.36,1.0
104.0,128.145034,37.964395,2030.5178592000002,141.98,-7.431,20.997,1.0
104.1,128.145087,37.964571,2030.8540536,136.603,-8.592,21.811,1.0
104.2,128.145144,37.964745,2030.6708687999999,134.36,-9.736,22.804,1.0
104.3,128.145204,37.96492,2030.1027216,135.048,-10.941,23.84,1.0
104.4,128.145266,37.965094,2029.2325176000002,138.088,-12.165,24.845,1.0
104.5,128.145331,37.965268,2028.0383112,142.068,-13.408,25.739,1.0
104.6,128.145398,37.965442,2026.4353680000002,145.532,-14.697,26.473,1.0
104.7,128.145468,37.965615,2024.4575208,148.282,-16.046,27.095,1.0
104.8,128.14554,37.965787,2021.9919936000001,147.058,-17.369,27.721,1.0
104.9,128.145616,37.965958,2018.9162568000002,142.647,-18.487,28.282,1.0
105.0,128.145695,37.966126,2015.1800184,136.189,-19.088,28.642,1.0
105.1,128.145779,37.966292,2010.8546016000003,129.693,-20.027,29.5,1.0
105.2,128.145867,37.966456,2006.0866152,127.113,-20.857,30.338,1.0
105.3,128.145957,37.966619,2000.9909688,127.948,-21.631,31.229,1.0
105.4,128.14605,37.966782,1995.6463008,131.444,-22.292,31.932,1.0
105.5,128.146143,37.966945,1990.0702896,136.993,-22.558,31.977,1.0
105.6,128.146239,37.967108,1984.2257496,142.032,-23.539,32.654,1.0
105.7,128.146336,37.96727,1977.9837504000002,142.817,-25.012,33.801,1.0
105.8,128.146436,37.96743,1971.2519376,141.507,-26.552,34.939,1.0
105.9,128.146539,37.967588,1964.0732880000003,140.603,-28.068,36.069,1.0
106.0,128.146644,37.967744,1956.3941568,138.225,-29.541,37.198,1.0
106.1,128.146751,37.967898,1948.2947064,138.351,-31.032,38.286,1.0
106.2,128.146861,37.96805,1939.8358968000002,139.196,-32.421,39.467,1.0
106.3,128.146972,37.968201,1930.9668264000002,138.391,-33.542,40.527,1.0
106.4,128.147085,37.968351,1921.7557704,139.9,-34.392,41.156,1.0
106.5,128.1472,37.968499,1912.2021192,142.995,-35.676,42.141,1.0
106.6,128.147316,37.968647,1902.2958144,147.29,-36.928,42.853,1.0
106.7,128.147433,37.968792,1892.0301504000001,151.777,-37.587,42.894,1.0
106.8,128.147551,37.968935,1881.2859504000003,153.682,-38.871,43.442,1.0
106.9,128.14767,37.969075,1869.9568392000003,152.373,-40.226,44.088,1.0
107.0,128.147789,37.96921,1858.010508,147.982,-40.184,43.899,1.0
107.1,128.147909,37.969341,1845.4899336,140.88,-40.07,43.711,1.0
107.2,128.148031,37.969468,1832.4594288000003,132.906,-41.138,44.73,1.0
107.3,128.148154,37.969592,1819.0345128000001,129.667,-41.984,45.616,1.0
107.4,128.148279,37.969714,1805.3215608,130.82,-42.235,45.743,1.0
107.5,128.148405,37.969836,1791.3775704,132.854,-42.562,46.1,1.0
107.6,128.148532,37.969956,1777.1354856000003,130.362,-43.481,47.614,1.0
107.7,128.14866,37.970074,1762.5282504000002,126.115,-44.766,49.859,1.0
107.8,128.14879,37.970188,1747.5976224,125.425,-46.098,52.176,1.0
107.9,128.148922,37.970302,1732.396332,127.12,-46.426,52.662,1.0
108.0,128.149055,37.970413,1716.8899368000002,125.259,-46.463,52.699,1.0
108.1,128.149189,37.970521,1701.0430800000001,120.132,-46.503,52.827,1.0
108.2,128.149325,37.970624,1684.8548472,113.104,-46.516,53.102,1.0
108.3,128.149464,37.970724,1668.3983904,105.771,-46.466,53.148,1.0
108.4,128.149605,37.97082,1651.7270495999999,98.826,-46.344,52.62,1.0
108.5,128.149748,37.970915,1634.8770960000002,91.97,-46.27,53.134,1.0
108.6,128.149894,37.971007,1617.8869344000002,83.642,-46.126,53.815,1.0
108.7,128.150042,37.971097,1600.7937504000001,75.086,-46.049,54.105,1.0
108.8,128.150193,37.971185,1583.6289384,67.474,-46.437,52.306,1.0
108.9,128.150347,37.971272,1566.4369992000002,58.308,-46.842,50.619,1.0
109.0,128.150502,37.971358,1549.2316488000001,47.704,-47.522,48.921,1.0
109.1,128.150659,37.971444,1532.0366616000001,34.681,-47.555,48.941,1.0
109.2,128.150817,37.971531,1514.8663632,21.11,-47.421,49.305,1.0
109.3,128.150978,37.971618,1497.7868952000001,7.36,-46.017,50.15,1.0
109.4,128.15114,37.971706,1480.8668376,-5.569,-44.06,50.664,1.0
109.5,128.151305,37.971796,1464.1339272,-17.727,-43.649,50.895,1.0
109.6,128.151471,37.97189,1447.5811536,-29.693,-43.338,50.907,1.0
109.7,128.151638,37.971986,1431.1704168,-39.274,-42.462,50.615,1.0
109.8,128.151805,37.972085,1414.8657504000003,-42.344,-40.275,48.511,1.0
109.9,128.151971,37.972189,1398.739392,-44.869,-38.303,46.424,1.0
110.0,128.152137,37.972295,1382.699292,-43.3,-37.863,46.34,1.0
110.1,128.152303,37.972403,1366.6415136,-39.976,-37.701,46.188,1.0
110.2,128.152469,37.972513,1350.5904408000001,-39.921,-38.366,47.146,1.0
110.3,128.152636,37.972625,1334.46012,-37.805,-38.694,47.527,1.0
110.4,128.152803,37.972738,1318.3020624,-38.096,-38.328,47.121,1.0
110.5,128.15297,37.972853,1302.0870072000002,-37.919,-37.993,46.701,1.0
110.6,128.153138,37.97297,1285.8923736,-38.852,-37.597,46.398,1.0
110.7,128.153306,37.973089,1269.6187968000002,-35.078,-37.13,46.234,1.0
110.8,128.153475,37.973208,1253.1550248,-27.526,-36.713,46.044,1.0
110.9,128.153645,37.973328,1236.5162976000001,-17.32,-35.946,45.823,1.0
111.0,128.153817,37.973449,1219.8199632,-7.508,-33.711,45.072,1.0
111.1,128.15399,37.973572,1203.2248224000002,-2.853,-32.904,45.103,1.0
111.2,128.154164,37.973696,1186.5870096,2.588,-35.008,45.343,1.0
111.3,128.154339,37.973822,1169.9421864,2.785,-36.547,45.248,1.0
111.4,128.154516,37.97395,1153.468356,-1.398,-35.83,45.275,1.0
111.5,128.154696,37.974079,1137.3112128,-8.243,-35.107,45.134,1.0
111.6,128.154877,37.974212,1121.4756336,-14.518,-32.518,44.742,1.0
111.7,128.15506,37.974348,1105.9430256,-18.361,-29.873,43.834,1.0
111.8,128.155244,37.974487,1090.8627408,-22.843,-27.554,43.014,1.0
111.9,128.155429,37.974631,1076.2186248,-23.231,-25.479,42.093,1.0
112.0,128.155615,37.974779,1062.08322,-24.312,-23.513,41.296,1.0
112.1,128.155801,37.974931,1048.3449696,-20.246,-21.771,40.666,1.0
112.2,128.155988,37.975087,1034.9173104000001,-14.127,-20.694,40.213,1.0
112.3,128.156175,37.975244,1021.87248,-11.953,-22.327,40.533,1.0
112.4,128.156364,37.975405,1009.2162696000001,-14.635,-24.13,40.955,1.0
112.5,128.156553,37.975568,996.8642496000001,-16.008,-22.491,40.719,1.0
112.6,128.156742,37.975733,984.7441824,-11.267,-19.084,40.107,1.0
112.7,128.156934,37.9759,972.8344272,-5.516,-17.604,39.897,1.0
112.8,128.157126,37.97607,961.3443816,-4.546,-16.43,39.873,1.0
112.9,128.15732,37.976242,950.3161080000001,-3.726,-16.903,40.121,1.0
113.0,128.157515,37.976416,939.6657864,-3.331,-17.055,40.16,1.0
113.1,128.157712,37.976592,929.5403304,-8.056,-16.512,40.035,1.0
113.2,128.157909,37.97677,920.0552592,-13.393,-14.255,39.814,1.0
113.3,128.158107,37.976951,911.0563440000001,-11.389,-12.839,39.641,1.0
113.4,128.158305,37.977133,902.2540248,-5.573,-14.116,40.041,1.0
113.5,128.158505,37.977316,893.411472,4.167,-14.689,40.418,1.0
113.6,128.158705,37.9775,884.5795872000001,13.772,-13.595,40.554,1.0
113.7,128.158907,37.977684,876.0204984000001,14.956,-12.052,40.896,1.0
113.8,128.159112,37.977869,867.919524,10.7,-12.115,40.764,1.0
113.9,128.159319,37.978054,860.4391224000001,2.781,-10.299,40.942,1.0
114.0,128.159527,37.978241,853.6085544,-5.728,-7.648,40.99,1.0
114.1,128.159736,37.978429,847.4421456000001,-11.884,-5.756,40.759,1.0
114.2,128.159946,37.97862,841.8063936,-10.664,-3.777,40.38,1.0
114.3,128.160156,37.978811,836.62266,-7.616,-2.018,39.881,1.0
114.4,128.160366,37.979004,832.090284,-10.28,-0.578,39.464,1.0
114.5,128.160576,37.979199,828.2900376000001,-13.924,0.274,39.158,1.0
114.6,128.160785,37.979396,825.0122184,-15.878,-1.694,39.668,1.0
114.7,128.160995,37.979593,821.8691208,-12.02,-3.528,40.209,1.0
114.8,128.161205,37.979791,818.7351672000001,-3.857,-1.661,39.987,1.0
114.9,128.161416,37.979989,815.8087824,4.093,1.189,39.787,1.0
115.0,128.161627,37.980188,813.3932424,6.675,2.859,39.869,1.0
115.1,128.161839,37.980386,811.5245136,8.834,1.713,39.887,1.0
115.2,128.162052,37.980585,809.9688144,13.295,1.461,39.839,1.0
115.3,128.162266,37.980783,808.9041480000001,11.309,3.43,40.177,1.0
115.4,128.162481,37.98098,808.5557616000001,4.773,4.814,40.288,1.0
115.5,128.162696,37.981177,808.8742776,-0.975,5.649,40.452,1.0
115.6,128.162911,37.981374,809.6018352,1.137,5.846,40.697,1.0
115.7,128.163127,37.981571,810.6607104000001,5.436,8.385,40.767,1.0
115.8,128.163343,37.981767,812.2938288,2.815,10.061,40.74,1.0
115.9,128.163558,37.981963,814.610004,-1.271,10.183,40.806,1.0
116.0,128.163773,37.982159,817.2827952,1.76,7.941,40.946,1.0
116.1,128.163989,37.982355,819.9909432000001,6.517,6.157,40.743,1.0
116.2,128.164206,37.982552,822.76188,4.002,4.977,40.427,1.0
116.3,128.164422,37.982748,825.7754376,-0.011,7.395,40.568,1.0
116.4,128.164638,37.982944,829.1425632,3.616,12.38,40.891,1.0
116.5,128.164855,37.98314,832.9379328,8.889,14.706,41.028,1.0
116.6,128.165072,37.983335,837.2191536000001,7.095,12.77,40.583,1.0
116.7,128.165288,37.98353,841.9188648,3.721,10.905,40.59,1.0
116.8,128.165505,37.983724,846.8072472,4.41,9.975,40.572,1.0
116.9,128.165721,37.983918,852.0385296000001,-0.512,11.952,40.64,1.0
117.0,128.165936,37.984111,857.7791328,-8.539,14.788,40.4,1.0
117.1,128.166149,37.984304,864.1076952,-17.885,17.127,39.762,1.0
117.2,128.166359,37.984497,870.9650856,-28.513,16.586,39.792,1.0
117.3,128.166566,37.984691,878.1699480000001,-37.088,16.976,39.441,1.0
117.4,128.166771,37.984885,885.6476064000001,-37.986,19.704,37.2,1.0
117.5,128.166974,37.985081,893.4056808,-33.992,21.44,35.712,1.0
117.6,128.167173,37.985277,901.5807216000001,-31.574,22.704,34.531,1.0
117.7,128.167366,37.985475,910.3309200000001,-35.676,23.622,33.569,1.0
117.8,128.167554,37.985673,919.5959256000001,-40.378,21.977,34.923,1.0
117.9,128.167739,37.985872,929.0739864000001,-38.31,20.369,36.517,1.0
118.0,128.167924,37.986072,938.5810031999999,-32.161,21.243,36.021,1.0
118.1,128.168109,37.986272,948.0636360000001,-26.043,21.397,35.629,1.0
118.2,128.168294,37.986472,957.5605944,-25.973,19.042,36.563,1.0
118.3,128.168479,37.986673,967.0697448000001,-27.554,18.134,37.063,1.0
118.4,128.168664,37.986874,976.4844072,-23.339,19.026,36.772,1.0
118.5,128.168851,37.987076,985.7299056,-18.318,18.518,36.711,1.0
118.6,128.169039,37.987278,994.8025824,-17.801,16.582,37.33,1.0
118.7,128.169229,37.987481,1003.6250184000002,-14.351,17.042,37.07,1.0
118.8,128.169418,37.987685,1012.46178,-13.115,19.633,36.264,1.0
118.9,128.169607,37.987888,1021.5460392,-13.724,21.382,35.563,1.0
119.0,128.169795,37.988091,1030.9079712,-15.352,20.225,35.884,1.0
119.1,128.169982,37.988295,1040.3747544,-13.921,19.938,35.975,1.0
119.2,128.170167,37.988498,1050.0750144,-14.609,23.291,34.889,1.0
119.3,128.17035,37.9887,1060.2809376,-17.927,26.524,33.877,1.0
119.4,128.170529,37.988902,1070.9855136,-18.742,27.508,33.389,1.0
119.5,128.170705,37.989103,1082.2463496,-20.662,29.318,32.8,1.0
119.6,128.170877,37.989303,1093.895196,-16.384,29.3,32.968,1.0
119.7,128.171049,37.989503,1105.7235696,-7.708,28.926,33.205,1.0
119.8,128.171221,37.989703,1117.7101344,0.551,28.9,33.171,1.0
119.9,128.171391,37.989902,1129.9551696,2.447,28.92,33.297,1.0
120.0,128.17156,37.9901,1142.4992136,2.845,29.019,33.339,1.0
120.1,128.171728,37.990295,1155.4318776,-1.327,29.196,33.344,1.0
120.2,128.171893,37.990488,1168.802844,-9.643,29.459,33.268,1.0
120.3,128.172055,37.990679,1182.538656,-17.455,29.852,33.39,1.0
120.4,128.172215,37.99087,1196.4750264000002,-16.872,30.316,33.5,1.0
120.5,128.172375,37.99106,1210.4610792,-10.725,30.778,33.597,1.0
120.6,128.172535,37.99125,1224.4193952,-4.269,31.158,33.478,1.0
120.7,128.172695,37.991441,1238.4917064,-4.085,31.481,33.372,1.0
120.8,128.172853,37.99163,1252.7849976,-5.609,31.82,33.536,1.0
120.9,128.173011,37.991819,1267.1624136,-2.515,31.721,33.654,1.0
121.0,128.17317,37.992008,1281.4450368000003,5.166,30.236,33.868,1.0
121.1,128.17333,37.992199,1295.6295144,12.736,30.617,33.907,1.0
121.2,128.17349,37.992389,1309.8700752000002,11.915,31.119,33.909,1.0
121.3,128.173649,37.992578,1324.2785808,7.157,31.502,34.034,1.0
121.4,128.173808,37.992765,1338.8138832000002,5.556,31.876,34.306,1.0
121.5,128.173967,37.992953,1353.3625968000001,10.142,32.233,34.613,1.0
121.6,128.174126,37.993141,1367.8835736,15.538,32.584,34.658,1.0
121.7,128.174286,37.993328,1382.5167168,13.896,32.892,34.676,1.0
121.8,128.174445,37.993513,1397.3315208000001,12.52,32.747,34.782,1.0
121.9,128.174604,37.993697,1412.1908256,13.072,31.505,34.375,1.0
122.0,128.174763,37.993881,1427.1397416,7.763,30.718,34.067,1.0
122.1,128.174921,37.994063,1442.266356,1.894,31.455,34.371,1.0
122.2,128.175078,37.994245,1457.4655128000002,3.762,32.029,34.694,1.0
122.3,128.175236,37.994426,1472.622912,10.789,32.573,35.015,1.0
122.4,128.175395,37.994608,1487.7004536000002,17.82,33.06,35.125,1.0
122.5,128.175554,37.99479,1502.8426128,18.261,33.054,35.068,1.0
122.6,128.175713,37.994971,1518.0981576,13.47,31.095,34.32,1.0
122.7,128.175871,37.995151,1533.4582488,6.865,29.803,34.164,1.0
122.8,128.17603,37.995331,1548.7387872,5.159,29.135,34.361,1.0
122.9,128.176189,37.995512,1563.80688,10.135,29.861,34.751,1.0
123.0,128.176349,37.995694,1578.6411912,15.997,30.537,34.859,1.0
123.1,128.176509,37.995876,1593.4169808000001,14.181,31.176,34.913,1.0
123.2,128.176669,37.996057,1608.2640936000003,10.436,31.7,35.235,1.0
123.3,128.176829,37.996238,1623.1023672000001,12.851,32.172,35.601,1.0
123.4,128.17699,37.99642,1637.877852,16.707,32.635,35.701,1.0
123.5,128.177151,37.996602,1652.6841216,16.962,32.561,35.822,1.0
123.6,128.177314,37.996785,1667.4056568,18.955,30.999,35.086,1.0
123.7,128.177476,37.996968,1682.072328,14.902,29.794,34.447,1.0
123.8,128.177638,37.997151,1696.7591160000002,10.046,30.628,34.876,1.0
123.9,128.1778,37.997334,1711.4020128000002,12.249,31.201,35.301,1.0
124.0,128.177963,37.997517,1725.93,19.452,31.638,35.712,1.0
124.1,128.178127,37.997701,1740.3848352,26.732,32.045,35.885,1.0
124.2,128.178291,37.997884,1754.9183088,26.623,32.604,36.02,1.0
124.3,128.178455,37.998065,1769.6404536000002,23.514,32.851,36.096,1.0
124.4,128.178619,37.998245,1784.4845184,18.514,31.097,35.063,1.0
124.5,128.178783,37.998423,1799.4544656,9.842,29.458,34.29,1.0
124.6,128.178946,37.998601,1814.4460536000001,1.9,28.314,34.351,1.0
124.7,128.179109,37.998778,1829.3370576,2.966,29.056,34.728,1.0
124.8,128.179273,37.998956,1844.0592024000002,10.338,30.013,35.167,1.0
124.9,128.179437,37.999134,1858.6704000000002,18.565,32.994,36.051,1.0
125.0,128.1796,37.999312,1873.4175384,19.196,35.53,37.012,1.0
125.1,128.179764,37.999488,1888.3698072000002,16.96,34.258,36.676,1.0
125.2,128.179928,37.999663,1903.34646,17.265,30.975,35.477,1.0
125.3,128.180091,37.999838,1918.3151880000003,14.233,29.829,35.112,1.0
125.4,128.180255,38.000013,1933.3025088,10.01,31.304,35.517,1.0
125.5,128.180417,38.000186,1948.4147976000002,5.342,32.138,35.938,1.0
125.6,128.18058,38.000359,1963.5846936000003,7.829,32.692,36.374,1.0
125.7,128.180742,38.000531,1978.7058216,15.238,33.207,36.796,1.0
125.8,128.180905,38.000704,1993.7330712,22.753,33.697,36.983,1.0
125.9,128.181068,38.000877,2008.7972016,22.948,34.142,37.08,1.0
126.0,128.181231,38.001048,2023.9945296,19.154,34.351,37.225,1.0
126.1,128.181394,38.001218,2039.3025,17.646,34.511,37.579,1.0
126.2,128.181558,38.001388,2054.6272344000004,22.038,34.83,38.065,1.0
126.3,128.181721,38.001558,2069.88918,30.562,35.081,38.551,1.0
126.4,128.181886,38.001729,2085.1066248,41.841,34.935,38.675,1.0
126.5,128.182051,38.0019,2100.2835312,51.006,33.557,36.997,1.0
126.6,128.182217,38.002071,2115.4573896,53.534,33.301,36.399,1.0
126.7,128.182384,38.00224,2130.718116,52.789,34.678,38.664,1.0
126.8,128.182552,38.002407,2146.0989336,50.843,35.414,40.215,1.0
126.9,128.182722,38.002572,2161.5397968,49.028,34.028,38.64,1.0
127.0,128.182892,38.002738,2176.9023264,53.246,32.47,36.871,1.0
127.1,128.183062,38.002906,2192.0947776000003,61.462,31.947,36.364,1.0
127.2,128.183231,38.003075,2207.1887784,67.544,32.188,36.692,1.0
127.3,128.1834,38.003243,2222.252604,70.071,32.325,37.436,1.0
127.4,128.183571,38.003412,2237.27772,75.818,32.734,39.494,1.0
127.5,128.183744,38.003579,2252.3049696000003,79.414,33.081,41.921,1.0
127.6,128.183919,38.003745,2267.3087496,81.119,32.825,41.294,1.0
127.7,128.184095,38.003911,2282.2750392000003,84.13,32.413,40.375,1.0
127.8,128.184271,38.004077,2297.184636,92.023,32.221,41.586,1.0
127.9,128.18445,38.004242,2312.0198616000002,98.334,32.106,43.233,1.0
128.0,128.184631,38.004405,2326.7596848,100.433,31.784,45.318,1.0
128.1,128.184815,38.004567,2341.4074584000005,104.774,31.119,47.556,1.0
128.2,128.185002,38.004728,2355.9580008000003,109.563,31.027,47.329,1.0
128.3,128.185192,38.004888,2370.3643728,109.062,30.99,47.404,1.0
128.4,128.185385,38.005045,2384.5747584,104.518,30.87,47.737,1.0
128.5,128.185583,38.005199,2398.5882432000003,97.335,30.753,48.129,1.0
128.6,128.185783,38.005351,2412.464568,89.433,30.64,48.588,1.0
128.7,128.185987,38.005499,2426.250672,81.445,30.594,49.096,1.0
128.8,128.186193,38.005645,2439.9892272,73.404,30.623,49.627,1.0
128.9,128.186401,38.005788,2453.7192480000003,65.314,30.728,50.162,1.0
129.0,128.18661,38.005928,2467.4773104,57.175,30.907,50.681,1.0
129.1,128.186821,38.006066,2481.2963328,48.983,31.156,51.168,1.0
129.2,128.187032,38.006201,2495.2061856,40.73,31.47,51.608,1.0
129.3,128.187243,38.006334,2509.2358248,32.534,32.137,52.236,1.0
129.4,128.187454,38.006464,2523.4684608,24.935,34.565,53.945,1.0
129.5,128.187665,38.006591,2537.9918760000005,18.62,36.602,55.219,1.0
129.6,128.187875,38.006716,2552.7496824000004,13.338,36.691,55.051,1.0
129.7,128.188083,38.006839,2567.8415496000002,4.635,37.658,54.757,1.0
129.8,128.188288,38.006959,2583.3269136,-4.827,38.933,54.605,1.0
129.9,128.188491,38.007079,2599.0631280000002,-12.256,37.776,54.475,1.0
130.0,128.188692,38.007198,2614.9977672,-22.102,36.162,54.504,1.0
130.1,128.18889,38.007317,2631.051888,-32.065,35.279,54.85,1.0
130.2,128.189088,38.007435,2647.108752,-36.098,36.484,53.988,1.0
130.3,128.189285,38.007554,2663.1781128,-38.022,38.431,51.907,1.0
130.4,128.189481,38.007674,2679.3419616,-41.262,39.078,51.061,1.0
130.5,128.189676,38.007794,2695.5637224,-39.595,39.555,50.66,1.0
130.6,128.189872,38.007915,2711.7479928000002,-33.331,38.647,51.615,1.0
130.7,128.190069,38.008036,2727.8438712,-26.803,36.968,52.765,1.0
130.8,128.190267,38.008156,2743.8687312,-26.881,35.266,53.427,1.0
130.9,128.190465,38.008278,2759.860368,-32.169,33.898,53.862,1.0
131.0,128.190661,38.008399,2775.8861424,-42.097,34.713,52.691,1.0
131.1,128.190853,38.008521,2792.024388,-55.492,37.203,49.118,1.0
131.2,128.191041,38.008645,2808.2927832,-67.127,38.956,45.633,1.0
131.3,128.191225,38.008771,2824.6325016,-70.59,39.738,43.628,1.0
131.4,128.191407,38.008898,2841.0383616000004,-69.588,40.608,40.703,1.0
131.5,128.191586,38.009027,2857.4929896000003,-64.842,41.398,38.31,1.0
131.6,128.191764,38.009157,2874.0107112,-58.897,41.653,37.349,1.0
131.7,128.191937,38.009289,2890.6250544,-56.694,40.622,38.945,1.0
131.8,128.192108,38.009422,2907.3348,-57.705,39.486,40.898,1.0
131.9,128.192275,38.009556,2924.0853888,-60.818,38.658,42.407,1.0
132.0,128.192438,38.009692,2940.8807831999998,-67.003,38.999,41.655,1.0
132.1,128.192599,38.009829,2957.7033048000003,-72.354,39.247,40.653,1.0
132.2,128.192756,38.009968,2974.5160728,-78.983,38.679,41.946,1.0
132.3,128.192911,38.010108,2991.272148,-85.656,38.465,43.419,1.0
132.4,128.193066,38.010248,3007.961472,-86.542,38.516,45.255,1.0
132.5,128.193223,38.010388,3024.5831304000003,-83.751,38.791,44.779,1.0
132.6,128.193382,38.010527,3041.1548016,-80.907,38.945,42.259,1.0
132.7,128.193541,38.010666,3057.6746568000003,-82.51,38.765,41.458,1.0
132.8,128.193699,38.010806,3074.1384288,-84.917,38.543,43.064,1.0
132.9,128.193857,38.010947,3090.5397168000004,-88.632,38.448,43.262,1.0
133.0,128.194015,38.011089,3106.8715104,-93.447,38.397,41.646,1.0
133.1,128.194172,38.011231,3123.1261896000005,-96.098,38.467,41.261,1.0
133.2,128.194329,38.011374,3139.3445976000003,-95.598,38.452,39.964,1.0
133.3,128.194485,38.011518,3155.498388,-97.789,37.811,36.069,1.0
133.4,128.194637,38.011665,3171.544584,-101.837,37.251,32.898,1.0
133.5,128.194787,38.011813,3187.4926344,-100.604,37.372,33.171,1.0
133.6,128.194936,38.011963,3203.3708856,-98.345,37.618,34.663,1.0
133.7,128.195084,38.012115,3219.1936632,-96.522,37.679,34.043,1.0
133.8,128.195231,38.012267,3234.9926664000004,-93.722,37.514,33.632,1.0
133.9,128.195378,38.01242,3250.7301,-94.333,37.304,35.653,1.0
134.0,128.195524,38.012575,3266.3986488000005,-96.221,37.455,36.758,1.0
134.1,128.19567,38.012729,3282.0297072000003,-96.179,37.419,34.264,1.0
134.2,128.195815,38.012885,3297.641868,-94.147,37.172,30.36,1.0
134.3,128.19596,38.013042,3313.2180624000002,-90.483,37.0,29.007,1.0
134.4,128.196104,38.0132,3328.7265912000003,-87.843,36.962,31.367,1.0
134.5,128.196248,38.013358,3344.207688,-82.367,37.013,33.989,1.0
134.6,128.196392,38.013516,3359.6589144000004,-76.578,37.006,34.47,1.0
134.7,128.196538,38.013675,3375.0711264,-68.135,36.745,35.766,1.0
134.8,128.196686,38.013834,3390.418416,-60.145,36.107,37.387,1.0
134.9,128.196833,38.013992,3405.711756,-59.298,36.354,36.373,1.0
135.0,128.196979,38.014152,3421.0450248,-64.333,37.727,32.807,1.0
135.1,128.19712,38.014313,3436.4602848000004,-71.205,38.656,29.307,1.0
135.2,128.197256,38.014475,3451.9624128,-79.673,39.067,26.087,1.0
135.3,128.197387,38.014639,3467.5111752000003,-85.141,39.328,23.529,1.0
135.4,128.197514,38.014805,3483.065424,-86.665,39.18,24.081,1.0
135.5,128.197639,38.014972,3498.599556,-88.938,38.836,26.307,1.0
135.6,128.197763,38.01514,3514.1166192000005,-87.872,38.691,28.312,1.0
135.7,128.197888,38.015307,3529.6187472,-83.951,38.507,30.149,1.0
135.8,128.198016,38.015474,3545.0934432000004,-77.62,38.16,32.324,1.0
135.9,128.198146,38.015641,3560.5327824000005,-69.821,37.678,34.469,1.0
136.0,128.198279,38.015808,3575.9044559999998,-61.177,37.13,36.253,1.0
136.1,128.198416,38.015974,3591.1758504000004,-52.089,36.51,37.504,1.0
136.2,128.198555,38.016141,3606.3222768,-45.343,35.784,38.119,1.0
136.3,128.198696,38.016307,3621.3940272,-47.16,36.21,36.748,1.0
136.4,128.198835,38.016473,3636.4837608000003,-51.653,37.392,34.684,1.0
136.5,128.198974,38.01664,3651.6097656,-53.735,38.928,31.96,1.0
136.6,128.199111,38.016808,3666.8119704,-54.047,40.028,29.696,1.0
136.7,128.199248,38.016975,3682.0598952,-52.376,39.612,29.801,1.0
136.8,128.199383,38.017143,3697.3440912,-53.107,38.742,30.936,1.0
136.9,128.199518,38.017312,3712.5999408000002,-51.614,38.087,32.037,1.0
137.0,128.199653,38.01748,3727.8448176,-51.791,37.33,32.605,1.0
137.1,128.199786,38.017648,3743.0778072000003,-54.591,36.529,33.367,1.0
137.2,128.199919,38.017817,3758.2751352000005,-54.924,36.944,32.849,1.0
137.3,128.200053,38.017986,3773.4182088000002,-51.799,36.987,32.703,1.0
137.4,128.20019,38.018155,3788.4805103999997,-45.667,36.186,33.844,1.0
137.5,128.200328,38.018324,3803.4367416000005,-38.083,35.562,34.751,1.0
137.6,128.200467,38.018494,3818.307324,-30.216,36.689,33.895,1.0
137.7,128.200606,38.018664,3833.2096056000005,-24.343,39.229,31.908,1.0
137.8,128.200743,38.018833,3848.3109216,-22.89,41.418,30.375,1.0
137.9,128.200877,38.019002,3863.6719272,-21.99,42.704,29.637,1.0
138.0,128.201009,38.01917,3879.2362344000003,-20.282,41.804,30.145,1.0
138.1,128.201139,38.019337,3894.9666576000004,-18.303,40.112,31.006,1.0
138.2,128.201268,38.019503,3910.8113808,-17.685,38.352,31.523,1.0
138.3,128.201396,38.01967,3926.74602,-19.166,36.773,31.949,1.0
138.4,128.201525,38.019836,3942.6480456000004,-16.806,35.574,32.553,1.0
138.5,128.201654,38.020004,3958.3937088000002,-11.265,34.701,33.042,1.0
138.6,128.201786,38.020172,3973.9967256000004,-5.931,35.973,32.7,1.0
138.7,128.201917,38.020341,3989.6137632,-4.217,38.982,32.056,1.0
138.8,128.202048,38.02051,4005.2810928,0.456,41.11,32.068,1.0
138.9,128.202179,38.020678,4021.057236,6.112,42.438,32.249,1.0
139.0,128.20231,38.020845,4037.0476536,10.464,44.237,32.737,1.0
139.1,128.20244,38.021011,4053.1791936000004,17.361,44.059,33.129,1.0
139.2,128.20257,38.021176,4069.3628544000003,26.35,41.954,32.712,1.0
139.3,128.202701,38.021342,4085.5486488000006,35.756,40.515,32.131,1.0
139.4,128.202832,38.021506,4101.775896,42.809,41.043,32.954,1.0
139.5,128.202964,38.02167,4118.056788,49.714,41.977,34.341,1.0
139.6,128.203097,38.021831,4134.4425312,52.516,42.076,34.679,1.0
139.7,128.203231,38.021992,4150.9008168,53.64,41.415,33.992,1.0
139.8,128.203367,38.022149,4167.4569432,52.77,41.756,34.785,1.0
139.9,128.203505,38.022304,4184.1529728000005,52.134,42.53,36.815,1.0
140.0,128.203644,38.022456,4200.9489768,53.126,42.889,38.067,1.0
140.1,128.203785,38.022605,4217.8745208,52.098,44.068,40.347,1.0
140.2,128.203928,38.022749,4234.9576464,48.187,44.98,42.102,1.0
140.3,128.204072,38.022889,4252.20384,41.346,45.158,42.415,1.0
140.4,128.204217,38.023026,4269.6006048,33.34,45.147,42.347,1.0
140.5,128.204362,38.02316,4287.1116696,25.943,43.902,41.364,1.0
140.6,128.204507,38.023294,4304.6693688000005,24.231,43.157,41.157,1.0
140.7,128.204652,38.023428,4322.238345600001,25.683,44.686,42.089,1.0
140.8,128.204798,38.02356,4339.9213176,23.69,46.756,43.051,1.0
140.9,128.204942,38.02369,4357.7902176,17.777,47.034,42.855,1.0
141.0,128.205086,38.023817,4375.835292000001,11.029,45.442,42.122,1.0
141.1,128.205229,38.023943,4393.948946400001,7.199,43.692,41.642,1.0
141.2,128.205371,38.024068,4412.108930400001,0.727,41.981,41.057,1.0
141.3,128.205512,38.024192,4430.25276,-7.509,40.538,40.833,1.0
141.4,128.205653,38.024317,4448.3048448,-16.018,39.755,40.896,1.0
141.5,128.205794,38.024441,4466.2408008,-24.051,38.562,41.356,1.0
141.6,128.205935,38.024566,4484.0850120000005,-32.312,38.15,41.536,1.0
141.7,128.206075,38.024691,4501.856071200001,-41.211,37.796,41.803,1.0
141.8,128.206215,38.024816,4519.554588,-50.77,38.205,41.41,1.0
141.9,128.206352,38.024942,4537.200984,-60.326,39.047,40.332,1.0
142.0,128.206489,38.025069,4554.806536800001,-69.414,39.5,39.651,1.0
142.1,128.206623,38.025197,4572.3453384,-76.862,39.377,40.927,1.0
142.2,128.206757,38.025326,4589.7960528,-83.398,39.23,42.201,1.0
142.3,128.206889,38.025456,4607.134296,-91.224,39.32,41.087,1.0
142.4,128.20702,38.025587,4624.3548864,-99.67,39.273,38.731,1.0
142.5,128.207149,38.02572,4641.435573600001,-108.154,38.909,36.187,1.0
142.6,128.207276,38.025856,4658.3370384,-116.755,38.2,33.697,1.0
142.7,128.2074,38.025995,4675.0236192,-123.954,37.365,31.367,1.0
142.8,128.207523,38.026136,4691.5245768,-125.881,36.831,29.633,1.0
142.9,128.207646,38.026278,4707.898128000001,-123.301,36.818,28.868,1.0
143.0,128.207768,38.026422,4724.1707904,-119.358,36.777,28.364,1.0
143.1,128.207889,38.026567,4740.2867856,-118.926,36.545,28.033,1.0
143.2,128.208008,38.026714,4756.1802768,-121.838,36.299,27.707,1.0
143.3,128.208124,38.026863,4771.789084800001,-127.406,36.016,27.392,1.0
143.4,128.208238,38.027015,4787.1040656000005,-133.426,35.805,26.965,1.0
143.5,128.20835,38.027169,4802.198676000001,-135.453,35.697,26.366,1.0
143.6,128.208462,38.027324,4817.1680136,-133.912,35.539,25.78,1.0
143.7,128.208573,38.027478,4832.081268,-129.657,35.374,25.209,1.0
143.8,128.208685,38.027634,4846.9338672,-124.712,35.213,25.033,1.0
143.9,128.208796,38.02779,4861.6648512,-122.953,35.602,26.364,1.0
144.0,128.208907,38.027947,4876.2373392,-124.058,36.217,27.96,1.0
144.1,128.209016,38.028105,4890.6656568,-126.561,36.88,29.627,1.0
144.2,128.209125,38.028264,4904.9449272,-130.696,36.698,29.658,1.0
144.3,128.209233,38.028423,4919.1080688,-135.717,34.975,27.574,1.0
144.4,128.209341,38.028584,4933.0727856,-141.364,32.619,25.106,1.0
144.5,128.209447,38.028746,4946.8268856,-143.871,31.059,23.643,1.0
144.6,128.209553,38.02891,4960.3069704,-145.754,29.813,22.723,1.0
144.7,128.209657,38.029075,4973.575219200001,-145.64,29.769,22.789,1.0
144.8,128.209761,38.029243,4986.5755488,-147.783,30.139,23.386,1.0
144.9,128.209863,38.029412,4999.2649824,-152.751,30.86,24.132,1.0
145.0,128.209965,38.029583,5011.6718664,-159.998,31.456,24.755,1.0
145.1,128.210067,38.029755,5023.8330816,-168.978,32.237,25.439,1.0
145.2,128.210169,38.029927,5035.756248,-179.776,32.063,25.744,1.0
145.3,128.210271,38.0301,5047.4794656,169.074,31.673,25.876,1.0
145.4,128.210374,38.030274,5059.0713144,160.109,30.261,26.243,1.0
145.5,128.210477,38.030448,5070.5226504,154.383,27.825,27.124,1.0
145.6,128.210582,38.030623,5081.8413984,151.749,25.823,28.008,1.0
145.7,128.210688,38.030798,5092.900152000001,147.562,23.876,29.24,1.0
145.8,128.210797,38.030973,5103.5718096,141.652,22.123,30.568,1.0
145.9,128.210911,38.031149,5113.849056000001,134.346,21.532,31.31,1.0
146.0,128.211027,38.031324,5123.761152000001,127.052,20.829,32.349,1.0
146.1,128.211148,38.031499,5133.4053288000005,123.021,19.689,33.903,1.0
146.2,128.211271,38.031674,5142.84468,120.886,19.376,34.398,1.0
146.3,128.211396,38.031848,5152.06488,116.165,20.155,33.427,1.0
146.4,128.211526,38.032021,5161.070196000001,109.062,20.985,32.151,1.0
146.5,128.211658,38.032194,5169.9106152,101.408,21.184,31.661,1.0
146.6,128.211792,38.032366,5178.6324672,96.631,20.893,32.871,1.0
146.7,128.211927,38.032538,5187.2644032,94.125,20.65,34.305,1.0
146.8,128.212063,38.032711,5195.825016,94.439,20.427,33.963,1.0
146.9,128.212199,38.032885,5204.325888,97.428,20.3,32.639,1.0
147.0,128.212334,38.03306,5212.770981600001,103.397,20.122,32.541,1.0
147.1,128.21247,38.033235,5221.143837600001,111.341,19.519,34.365,1.0
147.2,128.212608,38.033411,5229.3898968,118.256,18.466,37.194,1.0
147.3,128.212748,38.033586,5237.4542952,122.257,17.609,38.896,1.0
147.4,128.212891,38.03376,5245.329717600001,126.104,17.126,39.272,1.0
147.5,128.213037,38.033933,5252.9558136000005,126.838,16.895,39.532,1.0
147.6,128.213186,38.034104,5260.276804800001,124.746,16.672,39.788,1.0
147.7,128.213338,38.034274,5267.299396800001,120.416,16.445,40.076,1.0
147.8,128.213494,38.034443,5274.054984000001,114.326,16.231,40.411,1.0
147.9,128.213653,38.034609,5280.591115200001,107.087,16.035,40.782,1.0
148.0,128.213815,38.034774,5286.9547296,99.351,15.868,41.184,1.0
148.1,128.213979,38.034938,5293.1848416,92.745,15.678,41.607,1.0
148.2,128.214145,38.0351,5299.3210751999995,90.381,15.43,42.038,1.0
148.3,128.214312,38.035263,5305.3847663999995,91.654,15.205,42.465,1.0
148.4,128.214479,38.035427,5311.3710384000005,94.633,15.101,42.679,1.0
148.5,128.214647,38.035591,5317.2762336000005,96.918,15.144,41.597,1.0
148.6,128.214815,38.035755,5323.1198592,101.42,15.054,40.045,1.0
148.7,128.214982,38.03592,5328.902220000001,106.687,15.122,38.591,1.0
148.8,128.215149,38.036086,5334.6352031999995,110.229,15.399,37.069,1.0
148.9,128.215314,38.036253,5340.3587376000005,116.32,15.226,36.437,1.0
149.0,128.215478,38.036421,5346.0932448,124.736,15.272,35.739,1.0
149.1,128.215641,38.036591,5351.869814400001,134.836,15.658,34.903,1.0
149.2,128.215802,38.036761,5357.7039912,146.505,15.207,35.07,1.0
149.3,128.215963,38.036932,5363.5201848,157.253,13.137,36.362,1.0
149.4,128.216125,38.037103,5369.1544128000005,162.764,10.349,37.795,1.0
149.5,128.216288,38.037274,5374.4006303999995,163.88,7.521,39.017,1.0
149.6,128.216453,38.037445,5379.160692,163.134,5.724,39.652,1.0
149.7,128.216619,38.037615,5383.459896,163.488,3.888,40.123,1.0
149.8,128.216786,38.037785,5387.231796,161.242,2.922,40.485,1.0
149.9,128.216956,38.037954,5390.4846216,156.589,2.587,40.691,1.0
150.0,128.217126,38.038122,5393.274760800001,151.46,2.272,40.789,1.0
150.1,128.217298,38.038289,5395.693044,148.395,1.933,40.897,1.0
150.2,128.217472,38.038455,5397.7254504,144.967,1.615,41.142,1.0
150.3,128.217647,38.038621,5399.469516,144.612,1.134,41.2,1.0
150.4,128.217823,38.038787,5401.031615999999,147.202,0.626,41.254,1.0
150.5,128.217999,38.038953,5402.4967896,152.18,0.113,41.288,1.0
150.6,128.218175,38.03912,5403.8574168,157.557,-0.243,41.359,1.0
150.7,128.218353,38.039286,5405.0196192,159.388,-0.325,41.558,1.0
150.8,128.218531,38.039453,5405.9105496,159.621,-0.613,41.737,1.0
150.9,128.218709,38.039619,5406.5963496,162.35,-1.916,41.964,1.0
151.0,128.218888,38.039786,5407.1699832,167.546,-2.624,41.907,1.0
151.1,128.219068,38.039953,5407.6677216,174.931,-1.964,41.576,1.0
151.2,128.219248,38.04012,5408.078592000001,-177.432,-1.847,41.457,1.0
151.3,128.219429,38.040288,5408.282808,-173.606,-2.938,41.541,1.0
151.4,128.21961,38.040456,5408.1736896,-172.412,-4.468,41.444,1.0
151.5,128.219791,38.040625,5407.828351200001,-170.229,-4.9,41.229,1.0
151.6,128.219972,38.040794,5407.351644,-165.296,-4.996,40.933,1.0
151.7,128.220155,38.040963,5406.7932504,-159.528,-4.192,41.064,1.0
151.8,128.220337,38.041132,5406.082152000001,-157.132,-3.476,41.473,1.0
151.9,128.220519,38.041302,5405.1643992,-156.256,-3.18,41.58,1.0
152.0,128.220702,38.041472,5404.120764,-152.42,-3.823,40.996,1.0
152.1,128.220885,38.041641,5403.049392000001,-145.962,-3.942,40.633,1.0
152.2,128.221069,38.041811,5401.9828968,-137.484,-2.941,41.035,1.0
152.3,128.221254,38.04198,5400.9288983999995,-128.833,-1.87,42.043,1.0
152.4,128.221441,38.04215,5399.8288752,-124.431,-1.221,43.283,1.0
152.5,128.221627,38.042319,5398.652652000001,-122.385,-0.529,44.477,1.0
152.6,128.221815,38.042487,5397.4557024,-117.834,-0.439,44.321,1.0
152.7,128.222004,38.042655,5396.2505232,-112.66,-1.48,42.366,1.0
152.8,128.222193,38.042823,5394.9481128,-111.711,-2.889,39.945,1.0
152.9,128.222381,38.042991,5393.4838536,-113.876,-3.649,38.818,1.0
153.0,128.222567,38.04316,5391.8674992,-116.27,-3.314,39.622,1.0
153.1,128.222753,38.04333,5390.1658008,-115.737,-2.536,40.781,1.0
153.2,128.222941,38.043499,5388.4324031999995,-112.476,-2.323,40.797,1.0
153.3,128.22313,38.043667,5386.6636488,-107.181,-2.38,40.266,1.0
153.4,128.22332,38.043836,5384.838811200001,-102.098,-2.609,39.716,1.0
153.5,128.22351,38.044005,5382.922533600001,-99.832,-2.917,39.213,1.0
153.6,128.223701,38.044175,5380.9233504,-97.572,-3.142,38.718,1.0
153.7,128.223891,38.044345,5378.825107199999,-97.622,-3.347,38.242,1.0
153.8,128.224082,38.044516,5376.6409104,-97.162,-3.471,37.776,1.0
153.9,128.224271,38.044687,5374.3561296,-100.231,-3.845,37.358,1.0
154.0,128.224459,38.04486,5371.938151200001,-106.584,-4.257,36.971,1.0
154.1,128.224644,38.045034,5369.353447200001,-113.657,-4.536,36.556,1.0
