Time,Longitude,Latitude,Altitude,Roll (deg),Pitch (deg),Yaw (deg),Health
0.0,128.181881,37.968239,7002.7287936,0.0,-0.077,180.0,1.0
0.1,128.181881,37.967969,7002.577917600001,0.0,-0.171,180.0,1.0
0.2,128.181881,37.967699,7002.395342400001,0.0,-0.204,180.0,1.0
0.3,128.181881,37.967429,7002.182592000001,0.0,-0.2,180.0,1.0
0.4,128.181881,37.967159,7001.9424096,0.001,-0.192,180.0,1.0
0.5,128.181881,37.966889,7001.6778432,0.002,-0.188,180.0,1.0
0.6,128.181881,37.966619,7001.3904168,0.003,-0.185,180.001,1.0
0.7,128.181881,37.966349,7001.0828736,0.004,-0.18,180.001,1.0
0.8,128.181881,37.966078,7000.756737600001,0.006,-0.173,180.001,1.0
0.9,128.181881,37.965807,7000.414447200001,0.007,-0.165,180.002,1.0
1.0,128.181881,37.965537,7000.0572216,0.009,-0.157,180.002,1.0
1.1,128.181881,37.965266,6999.6871944,0.011,-0.148,180.002,1.0
1.2,128.181881,37.964995,6999.3055848,0.012,-0.139,180.001,1.0
1.3,128.18188,37.964724,6998.9139168,0.014,-0.129,180.001,1.0
1.4,128.18188,37.964453,6998.513714400001,0.017,-0.119,180.0,1.0
1.5,128.18188,37.964181,6998.1058920000005,0.019,-0.11,180.0,1.0
1.6,128.18188,37.96391,6997.691973600001,0.021,-0.099,179.999,1.0
1.7,128.18188,37.963638,6997.272873600001,0.024,-0.089,179.998,1.0
1.8,128.18188,37.963366,6996.849506400001,0.027,-0.08,179.998,1.0
1.9,128.18188,37.963095,6996.4224816000005,0.03,-0.072,179.997,1.0
2.0,128.18188,37.962823,6995.9930184,0.032,-0.067,179.996,1.0
2.1,128.18188,37.96255,6995.5614216,0.032,-0.068,179.994,1.0
2.2,128.18188,37.962278,6995.127996,0.027,-0.071,179.992,1.0
2.3,128.18188,37.962006,6994.693046400001,0.012,-0.073,179.988,1.0
2.4,128.18188,37.961733,6994.256877600001,-0.011,-0.072,179.983,1.0
2.5,128.18188,37.96146,6993.8200992,-0.045,-0.069,179.978,1.0
2.6,128.18188,37.961187,6993.3833208,-0.092,-0.064,179.971,1.0
2.7,128.18188,37.960914,6992.946847200001,-0.152,-0.057,179.964,1.0
2.8,128.18188,37.960641,6992.5115928000005,-0.231,-0.047,179.955,1.0
2.9,128.18188,37.960367,6992.078472,-0.333,-0.036,179.945,1.0
3.0,128.18188,37.960094,6991.6477896,-0.458,-0.022,179.934,1.0
3.1,128.181879,37.95982,6991.221069600001,-0.608,-0.007,179.922,1.0
3.2,128.181879,37.959546,6990.7992264,-0.792,0.008,179.908,1.0
3.3,128.181879,37.959272,6990.383174400001,-1.017,0.027,179.892,1.0
3.4,128.18188,37.958998,6989.974132800001,-1.289,0.05,179.875,1.0
3.5,128.18188,37.958723,6989.5727112,-1.605,0.076,179.856,1.0
3.6,128.18188,37.958449,6989.1810432,-1.968,0.107,179.835,1.0
3.7,128.18188,37.958174,6988.800348,-2.396,0.141,179.811,1.0
3.8,128.18188,37.957899,6988.4315400000005,-2.882,0.177,179.785,1.0
3.9,128.18188,37.957624,6988.075838400001,-3.414,0.215,179.758,1.0
4.0,128.181881,37.957349,6987.7344624,-3.991,0.256,179.728,1.0
4.1,128.181881,37.957073,6987.4077168,-4.593,0.3,179.698,1.0
4.2,128.181882,37.956797,6987.098344800001,-5.245,0.349,179.664,1.0
4.3,128.181882,37.956522,6986.806346400001,-5.926,0.405,179.628,1.0
4.4,128.181883,37.956246,6986.533245600001,-6.629,0.465,179.59,1.0
4.5,128.181884,37.955969,6986.279956800001,-7.336,0.529,179.55,1.0
4.6,128.181886,37.955693,6986.0476992,-8.044,0.594,179.508,1.0
4.7,128.181887,37.955416,6985.838301600001,-8.753,0.662,179.464,1.0
4.8,128.181889,37.95514,6985.6520688,-9.457,0.732,179.419,1.0
4.9,128.181891,37.954863,6985.490220000001,-10.151,0.806,179.371,1.0
5.0,128.181893,37.954586,6985.354584000001,-10.835,0.881,179.321,1.0
5.1,128.181895,37.954308,6985.245160800001,-11.497,0.962,179.269,1.0
5.2,128.181898,37.954031,6985.1631696,-12.121,1.047,179.215,1.0
5.3,128.181901,37.953753,6985.1098296,-12.706,1.136,179.159,1.0
5.4,128.181904,37.953475,6985.086969600001,-13.269,1.228,179.1,1.0
5.5,128.181908,37.953197,6985.095504,-13.799,1.324,179.04,1.0
5.6,128.181912,37.952919,6985.136652000001,-14.289,1.426,178.977,1.0
5.7,128.181917,37.95264,6985.2116328,-14.736,1.537,178.912,1.0
5.8,128.181921,37.952362,6985.320751200001,-15.087,1.662,178.846,1.0
5.9,128.181927,37.952083,6985.465836,-15.321,1.801,178.782,1.0
6.0,128.181932,37.951804,6985.65024,-15.466,1.951,178.718,1.0
6.1,128.181939,37.951525,6985.8779256,-15.558,2.109,178.654,1.0
6.2,128.181945,37.951246,6986.153160000001,-15.627,2.28,178.592,1.0
6.3,128.181952,37.950967,6986.478991200001,-15.691,2.454,178.534,1.0
6.4,128.18196,37.950687,6986.8581624,-15.733,2.632,178.482,1.0
6.5,128.181968,37.950408,6987.2925024,-15.707,2.824,178.436,1.0
6.6,128.181976,37.950128,6987.7841448,-15.565,3.038,178.394,1.0
6.7,128.181985,37.949848,6988.3361376,-15.27,3.276,178.355,1.0
6.8,128.181995,37.949568,6988.951528800001,-14.753,3.535,178.314,1.0
6.9,128.182004,37.949288,6989.633976,-13.951,3.815,178.271,1.0
7.0,128.182015,37.949008,6990.3871368,-12.768,4.118,178.23,1.0
7.1,128.182025,37.948727,6991.215888000001,-11.114,4.455,178.193,1.0
7.2,128.182036,37.948447,6992.1327264,-9.065,4.847,178.159,1.0
7.3,128.182048,37.948166,6993.1553304,-6.799,5.317,178.13,1.0
7.4,128.182059,37.947886,6994.3056456,-4.514,5.888,178.113,1.0
7.5,128.182071,37.947605,6995.608665600001,-2.336,6.583,178.116,1.0
7.6,128.182083,37.947324,6997.0915176,-0.346,7.431,178.148,1.0
7.7,128.182095,37.947044,6998.785291200001,1.478,8.461,178.221,1.0
7.8,128.182107,37.946764,7000.7280864,3.131,9.712,178.346,1.0
7.9,128.182119,37.946484,7002.9640992,4.571,11.123,178.527,1.0
8.0,128.18213,37.946205,7005.5265528,5.777,12.282,178.728,1.0
8.1,128.182141,37.945926,7008.437088000001,6.733,13.214,178.931,1.0
8.2,128.182151,37.945648,7011.7039343999995,7.5,14.015,179.136,1.0
8.3,128.18216,37.94537,7015.328006400001,8.149,14.754,179.343,1.0
8.4,128.182169,37.945093,7019.3086944,8.75,15.467,179.556,1.0
8.5,128.182177,37.944817,7023.6438648,9.338,16.171,179.775,1.0
8.6,128.182184,37.944542,7028.3316888,9.931,16.871,180.003,1.0
8.7,128.18219,37.944268,7033.3700328,10.534,17.569,180.24,1.0
8.8,128.182195,37.943995,7038.757068,11.144,18.266,180.486,1.0
8.9,128.182199,37.943723,7044.491270400001,11.759,18.963,180.742,1.0
9.0,128.182203,37.943452,7050.569896800001,12.375,19.66,181.007,1.0
9.1,128.182205,37.943182,7056.9911184,12.991,20.358,181.283,1.0
9.2,128.182206,37.942913,7063.752496800001,13.607,21.055,181.569,1.0
9.3,128.182206,37.942646,7070.8515936,14.222,21.753,181.866,1.0
9.4,128.182204,37.942379,7078.285665600001,14.837,22.451,182.173,1.0
9.5,128.182201,37.942114,7086.052579200001,15.451,23.149,182.492,1.0
9.6,128.182197,37.94185,7094.1492864,16.066,23.846,182.822,1.0
9.7,128.182192,37.941588,7102.5727392,16.682,24.544,183.163,1.0
9.8,128.182185,37.941327,7111.320804,17.302,25.242,183.517,1.0
9.9,128.182177,37.941067,7120.3895184,17.925,25.939,183.883,1.0
10.0,128.182167,37.940809,7129.7767488,18.552,26.636,184.262,1.0
10.1,128.182156,37.940553,7139.478532800001,19.183,27.332,184.653,1.0
10.2,128.182143,37.940298,7149.492432,19.82,28.028,185.058,1.0
10.3,128.182129,37.940044,7159.814484,20.462,28.724,185.477,1.0
10.4,128.182113,37.939793,7170.4419456000005,21.11,29.419,185.91,1.0
10.5,128.182096,37.939543,7181.3708544,21.766,30.113,186.358,1.0
10.6,128.182076,37.939295,7192.5975528,22.429,30.806,186.821,1.0
10.7,128.182055,37.939048,7204.118992800001,23.101,31.498,187.3,1.0
10.8,128.182032,37.938804,7215.931212,23.781,32.188,187.794,1.0
10.9,128.182008,37.938561,7228.0299432,24.471,32.875,188.305,1.0
11.0,128.181982,37.938321,7240.411528800001,25.171,33.559,188.832,1.0
11.1,128.181953,37.938082,7253.072006400001,25.883,34.242,189.377,1.0
11.2,128.181923,37.937846,7266.0064992,26.607,34.922,189.94,1.0
11.3,128.181891,37.937611,7279.2110448,27.345,35.6,190.521,1.0
11.4,128.181858,37.937379,7292.6816808,28.095,36.275,191.123,1.0
11.5,128.181822,37.937149,7306.4135304,28.861,36.948,191.745,1.0
11.6,128.181784,37.93692,7320.4020216,29.642,37.618,192.388,1.0
11.7,128.181744,37.936695,7334.642887200001,30.439,38.285,193.054,1.0
11.8,128.181702,37.936471,7349.130945600001,31.253,38.949,193.742,1.0
11.9,128.181659,37.93625,7363.8622344,32.086,39.609,194.454,1.0
12.0,128.181613,37.936031,7378.8312672,32.937,40.265,195.191,1.0
12.1,128.181565,37.935815,7394.0337768,33.808,40.917,195.953,1.0
12.2,128.181515,37.935601,7409.4642768,34.699,41.564,196.743,1.0
12.3,128.181462,37.935389,7425.118195200001,35.612,42.207,197.559,1.0
12.4,128.181408,37.93518,7440.9900456000005,36.548,42.844,198.405,1.0
12.5,128.181352,37.934974,7457.075256000001,37.507,43.475,199.281,1.0
12.6,128.181293,37.93477,7473.36834,38.492,44.104,200.191,1.0
12.7,128.181232,37.934569,7489.863811200001,39.504,44.731,201.138,1.0
12.8,128.181169,37.934371,7506.556488000001,40.544,45.355,202.125,1.0
12.9,128.181104,37.934175,7523.4414936,41.613,45.974,203.151,1.0
13.0,128.181036,37.933982,7540.513036800001,42.711,46.588,204.219,1.0
13.1,128.180967,37.933792,7557.765936000001,43.84,47.196,205.329,1.0
13.2,128.180895,37.933605,7575.195009600001,45.0,47.797,206.483,1.0
13.3,128.180821,37.933421,7592.7944664,46.193,48.388,207.681,1.0
13.4,128.180744,37.93324,7610.5585152,47.411,48.965,208.915,1.0
13.5,128.180665,37.933062,7628.481364800001,48.655,49.525,210.185,1.0
13.6,128.180584,37.932886,7646.557224000001,49.925,50.068,211.491,1.0
13.7,128.180501,37.932714,7664.779996800001,51.223,50.595,212.837,1.0
13.8,128.180416,37.932546,7683.1429776,52.55,51.105,214.224,1.0
13.9,128.180328,37.93238,7701.639765600001,53.909,51.599,215.653,1.0
14.0,128.180238,37.932218,7720.264264800001,55.3,52.075,217.126,1.0
14.1,128.180145,37.932058,7739.010074400001,56.723,52.532,218.644,1.0
14.2,128.180051,37.931903,7757.870184000001,58.18,52.97,220.207,1.0
14.3,128.179954,37.93175,7776.838192800001,59.672,53.389,221.815,1.0
14.4,128.179855,37.931601,7795.9070904,61.197,53.786,223.471,1.0
14.5,128.179753,37.931455,7815.0707808,62.757,54.16,225.172,1.0
14.6,128.17965,37.931313,7834.3222536,64.35,54.512,226.92,1.0
14.7,128.179544,37.931174,7853.6548032,65.977,54.838,228.714,1.0
14.8,128.179437,37.931039,7873.0611144,67.637,55.139,230.554,1.0
14.9,128.179327,37.930907,7892.5350912,69.328,55.413,232.437,1.0
15.0,128.179215,37.930779,7912.0691136000005,71.049,55.658,234.364,1.0
15.1,128.1791,37.930654,7931.6567808,72.799,55.874,236.332,1.0
15.2,128.178984,37.930533,7951.291082400001,74.576,56.059,238.34,1.0
15.3,128.178866,37.930416,7970.9643984,76.376,56.212,240.386,1.0
15.4,128.178746,37.930302,7990.670632800001,78.198,56.332,242.466,1.0
15.5,128.178624,37.930193,8010.401860800001,80.038,56.417,244.577,1.0
15.6,128.178499,37.930087,8030.1513768,81.894,56.466,246.718,1.0
15.7,128.178373,37.929984,8049.912170400001,83.761,56.48,248.884,1.0
15.8,128.178245,37.929886,8069.6769264,85.636,56.455,251.071,1.0
15.9,128.178116,37.929791,8089.437720000001,87.516,56.393,253.275,1.0
16.0,128.177984,37.9297,8109.1863216,89.401,56.292,255.496,1.0
16.1,128.177851,37.929613,8128.913282400001,91.293,56.152,257.731,1.0
16.2,128.177716,37.92953,8148.6094584,93.189,55.971,259.98,1.0
16.3,128.177579,37.929451,8168.266010400001,95.088,55.749,262.242,1.0
16.4,128.177441,37.929376,8187.87288,96.981,55.485,264.509,1.0
16.5,128.177302,37.929305,8207.421228000001,98.818,55.182,266.726,1.0
16.6,128.177161,37.929238,8226.902215200002,100.561,54.847,268.853,1.0
16.7,128.177019,37.929175,8246.306697600001,102.201,54.484,270.882,1.0
16.8,128.176875,37.929116,8265.6270552,103.741,54.097,272.818,1.0
16.9,128.17673,37.929061,8284.8559728,105.187,53.689,274.667,1.0
17.0,128.176584,37.929009,8303.9861352,106.547,53.263,276.438,1.0
17.1,128.176437,37.928962,8323.0108368,107.83,52.821,278.139,1.0
17.2,128.176289,37.928919,8341.9239816,109.043,52.362,279.776,1.0
17.3,128.176141,37.928879,8360.7197784,110.193,51.89,281.355,1.0
17.4,128.175991,37.928843,8379.3927408,111.286,51.405,282.882,1.0
17.5,128.17584,37.928811,8397.9370776,112.328,50.907,284.359,1.0
17.6,128.175689,37.928783,8416.3485216,113.322,50.398,285.79,1.0
17.7,128.175537,37.928758,8434.622196,114.273,49.878,287.178,1.0
17.8,128.175384,37.928737,8452.7535288,115.183,49.347,288.527,1.0
17.9,128.175231,37.928719,8470.7385576,116.055,48.807,289.836,1.0
18.0,128.175077,37.928705,8488.573015200001,116.892,48.258,291.11,1.0
18.1,128.174923,37.928694,8506.2529392,117.695,47.7,292.349,1.0
18.2,128.174769,37.928687,8523.7749768,118.465,47.135,293.556,1.0
18.3,128.174614,37.928683,8541.1357752,119.204,46.561,294.73,1.0
18.4,128.174459,37.928682,8558.3319816,119.913,45.98,295.875,1.0
18.5,128.174303,37.928685,8575.3602432,120.593,45.392,296.991,1.0
18.6,128.174148,37.92869,8592.217816800001,121.244,44.798,298.078,1.0
18.7,128.173992,37.928699,8608.902264,121.867,44.198,299.14,1.0
18.8,128.173836,37.928711,8625.410232,122.463,43.593,300.175,1.0
18.9,128.17368,37.928726,8641.739892000001,123.033,42.982,301.186,1.0
19.0,128.173524,37.928744,8657.888196,123.578,42.366,302.173,1.0
19.1,128.173368,37.928764,8673.853620000002,124.098,41.745,303.137,1.0
19.2,128.173213,37.928788,8689.6337256,124.594,41.118,304.078,1.0
19.3,128.173057,37.928815,8705.226379200001,125.07,40.487,304.997,1.0
19.4,128.172901,37.928844,8720.629752,125.525,39.851,305.896,1.0
19.5,128.172746,37.928876,8735.842320000002,125.962,39.212,306.774,1.0
19.6,128.172591,37.928911,8750.861949600001,126.38,38.568,307.633,1.0
19.7,128.172436,37.928948,8765.6926032,126.779,37.922,308.471,1.0
19.8,128.172281,37.928988,8780.3412912,127.158,37.276,309.285,1.0
19.9,128.172127,37.929031,8794.8055752,127.521,36.628,310.082,1.0
20.0,128.171972,37.929077,8809.0845408,127.871,35.975,310.864,1.0
20.1,128.171818,37.929125,8823.175749600001,128.209,35.316,311.635,1.0
20.2,128.171664,37.929175,8837.0782872,128.535,34.653,312.395,1.0
20.3,128.171511,37.929228,8850.79002,128.849,33.984,313.144,1.0
20.4,128.171357,37.929284,8864.3097288,129.151,33.31,313.882,1.0
20.5,128.171205,37.929342,8877.63528,129.44,32.631,314.611,1.0
20.6,128.171052,37.929402,8890.7657592,129.717,31.948,315.329,1.0
20.7,128.1709,37.929465,8903.699337600001,129.981,31.261,316.037,1.0
20.8,128.170748,37.92953,8916.4344912,130.233,30.57,316.734,1.0
20.9,128.170597,37.929598,8928.9700008,130.473,29.876,317.422,1.0
21.0,128.170446,37.929667,8941.3043424,130.7,29.179,318.1,1.0
21.1,128.170296,37.929739,8953.4362968,130.916,28.479,318.769,1.0
21.2,128.170147,37.929813,8965.36434,131.12,27.777,319.429,1.0
21.3,128.169998,37.92989,8977.0872528,131.314,27.073,320.079,1.0
21.4,128.169849,37.929968,8988.603816,131.497,26.366,320.722,1.0
21.5,128.169701,37.930049,8999.9131152,131.671,25.657,321.356,1.0
21.6,128.169554,37.930132,9011.0136264,131.835,24.945,321.983,1.0
21.7,128.169408,37.930216,9021.9041304,131.989,24.232,322.602,1.0
21.8,128.169262,37.930303,9032.5840176,132.135,23.516,323.215,1.0
21.9,128.169117,37.930392,9043.0514592,132.271,22.799,323.821,1.0
22.0,128.168973,37.930483,9053.3061504,132.399,22.08,324.42,1.0
22.1,128.16883,37.930575,9063.3462624,132.518,21.359,325.014,1.0
22.2,128.168687,37.93067,9073.1714904,132.629,20.637,325.601,1.0
22.3,128.168545,37.930766,9082.780615200001,132.731,19.913,326.183,1.0
22.4,128.168404,37.930864,9092.1724176,132.826,19.188,326.759,1.0
22.5,128.168264,37.930964,9101.3465928,132.913,18.461,327.331,1.0
22.6,128.168125,37.931066,9110.3016168,132.993,17.733,327.897,1.0
22.7,128.167986,37.93117,9119.03688,133.066,17.004,328.459,1.0
22.8,128.167849,37.931275,9127.551468,133.131,16.273,329.017,1.0
22.9,128.167713,37.931382,9135.8444664,133.19,15.542,329.57,1.0
23.0,128.167577,37.931491,9143.9152656,133.242,14.809,330.12,1.0
23.1,128.167443,37.931601,9151.7629512,133.287,14.076,330.666,1.0
23.2,128.167309,37.931713,9159.3866088,133.326,13.341,331.209,1.0
23.3,128.167177,37.931827,9166.7850192,133.358,12.605,331.748,1.0
23.4,128.167045,37.931942,9173.954524800001,133.384,11.868,332.285,1.0
23.5,128.166915,37.932059,9180.892992000001,133.403,11.13,332.82,1.0
23.6,128.166786,37.932177,9187.5976776,133.417,10.39,333.353,1.0
23.7,128.166658,37.932297,9194.067972,133.424,9.646,333.887,1.0
23.8,128.166532,37.932418,9200.303265600001,133.426,8.899,334.421,1.0
23.9,128.166406,37.932541,9206.302644,133.423,8.149,334.956,1.0
24.0,128.166282,37.932665,9212.0658024,133.413,7.395,335.491,1.0
24.1,128.166159,37.932791,9217.592131200001,133.398,6.64,336.027,1.0
24.2,128.166037,37.932918,9222.880716,133.377,5.881,336.564,1.0
24.3,128.165917,37.933046,9227.9306424,133.35,5.121,337.101,1.0
24.4,128.165798,37.933176,9232.7416056,133.316,4.36,337.638,1.0
24.5,128.16568,37.933307,9237.312996,133.276,3.597,338.176,1.0
24.6,128.165564,37.933439,9241.6435944,133.229,2.834,338.714,1.0
24.7,128.165449,37.933573,9245.733096,133.176,2.069,339.252,1.0
24.8,128.165336,37.933708,9249.580586400001,133.117,1.304,339.791,1.0
24.9,128.165223,37.933844,9253.185760800001,133.051,0.539,340.331,1.0
25.0,128.165113,37.933981,9256.547704800001,132.979,-0.226,340.872,1.0
25.1,128.165004,37.934119,9259.6661136,132.9,-0.991,341.414,1.0
25.2,128.164896,37.934259,9262.539768,132.815,-1.757,341.957,1.0
25.3,128.16479,37.934399,9265.168668,132.725,-2.523,342.501,1.0
25.4,128.164685,37.934541,9267.5518992,132.628,-3.289,343.047,1.0
25.5,128.164582,37.934683,9269.688852000001,132.526,-4.055,343.595,1.0
25.6,128.164481,37.934827,9271.5792216,132.417,-4.82,344.145,1.0
25.7,128.164381,37.934971,9273.2223984,132.302,-5.585,344.697,1.0
25.8,128.164282,37.935117,9274.617468,132.181,-6.35,345.251,1.0
25.9,128.164186,37.935263,9275.7644304,132.053,-7.114,345.809,1.0
26.0,128.164091,37.93541,9276.6623712,131.919,-7.878,346.369,1.0
26.1,128.163997,37.935558,9277.3112904,131.778,-8.641,346.932,1.0
26.2,128.163906,37.935707,9277.7099688,131.629,-9.404,347.499,1.0
26.3,128.163816,37.935857,9277.8587112,131.474,-10.165,348.069,1.0
26.4,128.163728,37.936008,9277.7566032,131.311,-10.926,348.643,1.0
26.5,128.163641,37.936159,9277.40334,131.14,-11.686,349.222,1.0
26.6,128.163557,37.936311,9276.798312,130.962,-12.444,349.805,1.0
26.7,128.163474,37.936463,9275.941519200001,130.776,-13.201,350.392,1.0
26.8,128.163393,37.936617,9274.832656800001,130.582,-13.957,350.985,1.0
26.9,128.163314,37.93677,9273.4708104,130.38,-14.712,351.582,1.0
27.0,128.163236,37.936925,9271.8562848,130.17,-15.465,352.185,1.0
27.1,128.163161,37.93708,9269.988470400001,129.951,-16.216,352.794,1.0
27.2,128.163088,37.937235,9267.8670624,129.724,-16.966,353.409,1.0
27.3,128.163016,37.937391,9265.492060800001,129.488,-17.713,354.03,1.0
27.4,128.162947,37.937548,9262.862856000002,129.243,-18.458,354.658,1.0
27.5,128.162879,37.937705,9259.9797528,128.99,-19.201,355.293,1.0
27.6,128.162813,37.937862,9256.8424464,128.727,-19.942,355.935,1.0
27.7,128.16275,37.93802,9253.4503272,128.454,-20.681,356.585,1.0
27.8,128.162688,37.938178,9249.8040048,128.173,-21.416,357.242,1.0
27.9,128.162629,37.938336,9245.9031744,127.881,-22.149,357.908,1.0
28.0,128.162572,37.938494,9241.747836,127.58,-22.879,358.582,1.0
28.1,128.162516,37.938653,9237.3376848,127.269,-23.606,359.265,1.0
28.2,128.162463,37.938812,9232.6730256,126.948,-24.33,359.957,1.0
28.3,128.162412,37.938971,9227.754163200001,126.617,-25.05,0.658,1.0
28.4,128.162364,37.93913,9222.580792800001,126.275,-25.766,1.37,1.0
28.5,128.162317,37.939289,9217.153524000001,125.921,-26.479,2.091,1.0
28.6,128.162273,37.939449,9211.472052000001,125.556,-27.188,2.823,1.0
28.7,128.162231,37.939608,9205.5369864,125.179,-27.893,3.567,1.0
28.8,128.162191,37.939767,9199.348632000001,124.789,-28.594,4.321,1.0
28.9,128.162153,37.939926,9192.9069888,124.387,-29.29,5.087,1.0
29.0,128.162118,37.940086,9186.2126664,123.972,-29.982,5.865,1.0
29.1,128.162085,37.940244,9179.2662744,123.544,-30.668,6.656,1.0
29.2,128.162055,37.940403,9172.0678128,123.102,-31.349,7.46,1.0
29.3,128.162027,37.940562,9164.618196000001,122.646,-32.025,8.277,1.0
29.4,128.162001,37.94072,9156.9180336,122.176,-32.696,9.108,1.0
29.5,128.161977,37.940878,9148.9679352,121.692,-33.36,9.953,1.0
29.6,128.161956,37.941035,9140.768510400001,121.192,-34.018,10.813,1.0
29.7,128.161938,37.941193,9132.320673600001,120.677,-34.67,11.688,1.0
29.8,128.161922,37.941349,9123.6247296,120.145,-35.315,12.579,1.0
29.9,128.161908,37.941506,9114.6822024,119.598,-35.953,13.485,1.0
30.0,128.161897,37.941661,9105.4940064,119.033,-36.584,14.409,1.0
30.1,128.161889,37.941817,9096.0604464,118.451,-37.207,15.349,1.0
30.2,128.161883,37.941971,9086.383656,117.852,-37.822,16.306,1.0
30.3,128.161879,37.942125,9076.46394,117.234,-38.429,17.282,1.0
30.4,128.161878,37.942278,9066.3028224,116.599,-39.027,18.277,1.0
30.5,128.16188,37.942431,9055.901827200001,115.944,-39.617,19.29,1.0
30.6,128.161884,37.942583,9045.2621736,115.269,-40.197,20.324,1.0
30.7,128.161891,37.942733,9034.3853856,114.575,-40.768,21.377,1.0
30.8,128.161901,37.942883,9023.2729872,113.861,-41.329,22.451,1.0
30.9,128.161913,37.943032,9011.9268072,113.127,-41.879,23.546,1.0
31.0,128.161928,37.94318,9000.3498936,112.371,-42.418,24.662,1.0
31.1,128.161946,37.943328,8988.5452944,111.595,-42.945,25.798,1.0
31.2,128.161966,37.943474,8976.515448,110.8,-43.46,26.954,1.0
31.3,128.161989,37.943619,8964.2615736,109.985,-43.961,28.128,1.0
31.4,128.162014,37.943763,8951.786414400001,109.151,-44.449,29.32,1.0
31.5,128.162042,37.943905,8939.0911896,108.299,-44.922,30.53,1.0
31.6,128.162073,37.944047,8926.1780328,107.426,-45.381,31.759,1.0
31.7,128.162106,37.944187,8913.0615744,106.529,-45.827,33.014,1.0
31.8,128.162142,37.944326,8899.747300800002,105.607,-46.259,34.294,1.0
31.9,128.162181,37.944463,8886.23826,104.663,-46.676,35.594,1.0
32.0,128.162222,37.944599,8872.5371952,103.7,-47.076,36.91,1.0
32.1,128.162266,37.944733,8858.6468496,102.718,-47.459,38.241,1.0
32.2,128.162312,37.944865,8844.5699664,101.719,-47.825,39.587,1.0
32.3,128.162361,37.944996,8830.3098984,100.703,-48.174,40.947,1.0
32.4,128.162413,37.945125,8815.8693888,99.672,-48.505,42.322,1.0
32.5,128.162467,37.945252,8801.2514856,98.625,-48.818,43.712,1.0
32.6,128.162524,37.945378,8786.459541600001,97.563,-49.114,45.117,1.0
32.7,128.162583,37.945502,8771.4966048,96.488,-49.392,46.537,1.0
32.8,128.162645,37.945624,8756.3666376,95.4,-49.651,47.972,1.0
32.9,128.16271,37.945743,8741.0723832,94.299,-49.892,49.422,1.0
33.0,128.162777,37.945861,8725.6174992,93.185,-50.114,50.886,1.0
33.1,128.162847,37.945977,8710.005948,92.061,-50.318,52.363,1.0
33.2,128.162919,37.946091,8694.2407776,90.925,-50.502,53.854,1.0
33.3,128.162994,37.946203,8678.3259504,89.779,-50.666,55.356,1.0
33.4,128.163072,37.946313,8662.265428800001,88.624,-50.811,56.869,1.0
33.5,128.163152,37.94642,8646.062870400001,87.462,-50.936,58.392,1.0
33.6,128.163235,37.946525,8629.7222376,86.292,-51.041,59.923,1.0
33.7,128.16332,37.946628,8613.247492800001,85.117,-51.125,61.463,1.0
33.8,128.163408,37.946729,8596.6429032,83.938,-51.191,63.008,1.0
33.9,128.163498,37.946827,8579.9124312,82.758,-51.236,64.559,1.0
34.0,128.16359,37.946923,8563.0600392,81.578,-51.261,66.113,1.0
34.1,128.163686,37.947017,8546.090604,80.4,-51.266,67.67,1.0
34.2,128.163783,37.947108,8529.0077832,79.226,-51.251,69.228,1.0
34.3,128.163883,37.947196,8511.8167584,78.056,-51.216,70.785,1.0
34.4,128.163985,37.947282,8494.5211872,76.892,-51.162,72.342,1.0
34.5,128.16409,37.947366,8477.126251200001,75.735,-51.087,73.895,1.0
34.6,128.164197,37.947446,8459.6359128,74.585,-50.993,75.445,1.0
34.7,128.164307,37.947524,8442.0553536,73.445,-50.879,76.99,1.0
34.8,128.164418,37.9476,8424.3891456,72.315,-50.746,78.528,1.0
34.9,128.164532,37.947673,8406.6418608,71.196,-50.593,80.059,1.0
35.0,128.164649,37.947742,8388.818680800001,70.09,-50.422,81.581,1.0
35.1,128.164767,37.947809,8370.9241776,68.998,-50.231,83.094,1.0
35.2,128.164888,37.947874,8352.9635328,67.921,-50.022,84.596,1.0
35.3,128.165011,37.947935,8334.9416232,66.86,-49.796,86.087,1.0
35.4,128.165135,37.947993,8316.8636304,65.817,-49.551,87.565,1.0
35.5,128.165262,37.948049,8298.7341264,64.792,-49.289,89.031,1.0
35.6,128.165392,37.948101,8280.5589024,63.787,-49.01,90.482,1.0
35.7,128.165523,37.948151,8262.342835200001,62.802,-48.714,91.92,1.0
35.8,128.165656,37.948197,8244.091106400001,61.837,-48.402,93.342,1.0
35.9,128.165791,37.94824,8225.808897600002,60.894,-48.074,94.749,1.0
36.0,128.165927,37.948281,8207.5016952,59.973,-47.731,96.141,1.0
36.1,128.166066,37.948318,8189.1746808,59.075,-47.373,97.516,1.0
36.2,128.166207,37.948352,8170.833340800001,58.202,-47.001,98.876,1.0
36.3,128.166349,37.948382,8152.482552000001,57.356,-46.615,100.219,1.0
36.4,128.166493,37.94841,8134.128105600001,56.537,-46.216,101.546,1.0
36.5,128.166638,37.948434,8115.774573600001,55.749,-45.804,102.857,1.0
36.6,128.166785,37.948455,8097.428052000001,54.991,-45.381,104.152,1.0
36.7,128.166934,37.948473,8079.0931128,54.267,-44.947,105.432,1.0
36.8,128.167084,37.948488,8060.774937600001,53.577,-44.503,106.696,1.0
36.9,128.167236,37.948499,8042.4793176,52.922,-44.049,107.946,1.0
37.0,128.167389,37.948507,8024.210215200001,52.305,-43.587,109.181,1.0
37.1,128.167543,37.948511,8005.9734216,51.729,-43.117,110.403,1.0
37.2,128.167699,37.948512,7987.773204,51.198,-42.641,111.613,1.0
37.3,128.167855,37.94851,7969.6138296,50.716,-42.16,112.812,1.0
37.4,128.168013,37.948504,7951.5001752,50.289,-41.674,114.0,1.0
37.5,128.168172,37.948496,7933.4355936,49.928,-41.187,115.18,1.0
37.6,128.168332,37.948483,7915.423742400001,49.657,-40.707,116.338,1.0
37.7,128.168493,37.948468,7897.467060000001,49.551,-40.291,117.389,1.0
37.8,128.168654,37.948449,7879.565546400001,49.65,-39.976,118.292,1.0
37.9,128.168816,37.948426,7861.718896800001,49.926,-39.754,119.061,1.0
38.0,128.168979,37.948401,7843.9252824000005,50.291,-39.604,119.731,1.0
38.1,128.169142,37.948372,7826.1843984,50.622,-39.499,120.337,1.0
38.2,128.169306,37.94834,7808.4947208,50.801,-39.418,120.907,1.0
38.3,128.169471,37.948305,7790.8544208,50.752,-39.346,121.458,1.0
38.4,128.169635,37.948266,7773.2616696000005,50.459,-39.278,121.992,1.0
38.5,128.1698,37.948225,7755.714333600001,49.985,-39.213,122.496,1.0
38.6,128.169966,37.94818,7738.210584000001,49.45,-39.152,122.938,1.0
38.7,128.170132,37.948132,7720.749811200001,48.902,-39.103,123.291,1.0
38.8,128.170298,37.948082,7703.3286624,48.365,-39.072,123.573,1.0
38.9,128.170464,37.948029,7685.942565600001,47.912,-39.079,123.792,1.0
39.0,128.170631,37.947973,7668.5857295999995,47.595,-39.143,123.947,1.0
39.1,128.170798,37.947915,7651.2505344,47.486,-39.268,124.045,1.0
39.2,128.170965,37.947854,7633.9314936,47.577,-39.424,124.121,1.0
39.3,128.171133,37.947791,7616.625559200001,47.776,-39.571,124.207,1.0
39.4,128.171301,37.947726,7599.329988,48.011,-39.687,124.329,1.0
39.5,128.171469,37.947659,7582.0392936,48.281,-39.78,124.488,1.0
39.6,128.171637,37.94759,7564.74738,48.622,-39.862,124.674,1.0
39.7,128.171806,37.947518,7547.449065600001,49.084,-39.946,124.877,1.0
39.8,128.171975,37.947445,7530.138559200001,49.695,-40.037,125.086,1.0
39.9,128.172144,37.94737,7512.8128128,50.435,-40.132,125.295,1.0
40.0,128.172313,37.947293,7495.468778400001,51.255,-40.229,125.497,1.0
40.1,128.172482,37.947215,7478.101884000001,52.151,-40.333,125.688,1.0
40.2,128.172652,37.947134,7460.705424000001,53.162,-40.452,125.863,1.0
40.3,128.172821,37.947052,7443.2745216,54.31,-40.586,126.017,1.0
40.4,128.17299,37.946968,7425.810091200001,55.415,-40.721,126.134,1.0
40.5,128.17316,37.946883,7408.3042080000005,56.523,-40.88,126.224,1.0
40.6,128.173329,37.946796,7390.748337600001,57.777,-41.068,126.299,1.0
40.7,128.173499,37.946708,7373.1388224,59.14,-41.259,126.369,1.0
40.8,128.173668,37.946619,7355.4707856,60.57,-41.45,126.44,1.0
40.9,128.173837,37.946528,7337.7378264,62.125,-41.645,126.509,1.0
41.0,128.174007,37.946436,7319.932020000001,63.899,-41.851,126.574,1.0
41.1,128.174176,37.946343,7302.046051200001,65.966,-42.066,126.636,1.0
41.2,128.174345,37.946249,7284.0729096000005,68.388,-42.288,126.697,1.0
41.3,128.174515,37.946155,7266.0055848,71.232,-42.517,126.761,1.0
41.4,128.174684,37.946059,7247.8367616,74.569,-42.753,126.827,1.0
41.5,128.174854,37.945963,7229.5594296,78.469,-42.997,126.896,1.0
41.6,128.175023,37.945867,7211.168712,82.972,-43.247,126.968,1.0
41.7,128.175193,37.945769,7192.6591224,88.136,-43.507,127.046,1.0
41.8,128.175363,37.945672,7174.0270032,94.017,-43.779,127.134,1.0
41.9,128.175534,37.945574,7155.269611200001,100.609,-44.062,127.244,1.0
42.0,128.175704,37.945476,7136.3866416,107.892,-44.368,127.382,1.0
42.1,128.175876,37.945378,7117.3771799999995,115.84,-44.708,127.562,1.0
42.2,128.176047,37.945279,7098.2375688,124.089,-45.085,127.812,1.0
42.3,128.176218,37.94518,7078.9580544,131.899,-45.515,128.163,1.0
42.4,128.176389,37.945081,7059.528883200001,139.0,-46.054,128.589,1.0
42.5,128.176559,37.944981,7039.9375584,145.328,-46.738,129.068,1.0
42.6,128.176729,37.944881,7020.1676208,150.799,-47.597,129.594,1.0
42.7,128.176897,37.944781,7000.1977344,155.283,-48.674,130.176,1.0
42.8,128.177063,37.944681,6980.003515200001,158.664,-50.036,130.838,1.0
42.9,128.177228,37.944581,6959.570637600001,161.952,-51.805,131.502,1.0
43.0,128.177391,37.944481,6938.853686400001,164.373,-54.071,132.391,1.0
43.1,128.177551,37.944382,6917.8090752,165.428,-56.479,133.318,1.0
43.2,128.177707,37.944284,6896.422478400001,165.804,-58.621,134.076,1.0
43.3,128.17786,37.944188,6874.682923200001,165.821,-60.455,134.818,1.0
43.4,128.178009,37.944093,6852.585228000001,165.558,-62.056,135.53,1.0
43.5,128.178154,37.943999,6830.1293928000005,165.125,-63.493,136.205,1.0
43.6,128.178295,37.943907,6807.3181608,164.603,-64.814,136.869,1.0
43.7,128.178432,37.943817,6784.1567136,164.033,-66.055,137.542,1.0
43.8,128.178564,37.943729,6760.6505376000005,163.43,-67.24,138.248,1.0
43.9,128.178692,37.943643,6736.8066432,162.787,-68.389,139.003,1.0
44.0,128.178815,37.943558,6712.6323456,162.098,-69.508,139.819,1.0
44.1,128.178934,37.943475,6688.1352648,161.352,-70.604,140.707,1.0
44.2,128.179048,37.943395,6663.3233256,160.535,-71.679,141.681,1.0
44.3,128.179158,37.943316,6638.2044528,159.628,-72.737,142.757,1.0
44.4,128.179263,37.94324,6612.7871808,158.617,-73.774,143.947,1.0
44.5,128.179363,37.943166,6587.0806536,157.48,-74.791,145.271,1.0
44.6,128.179458,37.943094,6561.093100800001,156.189,-75.787,146.755,1.0
44.7,128.179549,37.943024,6534.8333616,154.71,-76.764,148.432,1.0
44.8,128.179634,37.942956,6508.3111896,152.996,-77.722,150.348,1.0
44.9,128.179715,37.942891,6481.535119200001,150.984,-78.662,152.565,1.0
45.0,128.179791,37.942828,6454.5152088,148.599,-79.581,155.156,1.0
45.1,128.179862,37.942767,6427.259992800001,145.748,-80.472,158.213,1.0
45.2,128.179929,37.942709,6399.7792248000005,142.307,-81.33,161.86,1.0
45.3,128.17999,37.942654,6372.0823536,138.118,-82.145,166.253,1.0
45.4,128.180046,37.9426,6344.178828,132.988,-82.902,171.586,1.0
45.5,128.180098,37.94255,6316.078096800001,126.694,-83.584,178.081,1.0
45.6,128.180144,37.942502,6287.789608800001,119.024,-84.166,185.949,1.0
45.7,128.180185,37.942456,6259.3234224,109.875,-84.616,195.293,1.0
45.8,128.180222,37.942413,6230.6889864,99.4,-84.902,205.959,1.0
45.9,128.180253,37.942373,6201.8957496,88.135,-84.998,217.41,1.0
46.0,128.18028,37.942336,6172.953770400001,76.917,-84.894,228.81,1.0
46.1,128.180301,37.942301,6143.8728024,66.558,-84.604,239.344,1.0
46.2,128.180317,37.942269,6114.6625992,57.516,-84.161,248.549,1.0
46.3,128.180329,37.942239,6085.332914400001,49.88,-83.6,256.334,1.0
46.4,128.180335,37.942213,6055.8935016000005,43.506,-82.953,262.841,1.0
46.5,128.180336,37.942189,6026.354419200001,38.177,-82.245,268.287,1.0
46.6,128.180332,37.942168,5996.7254207999995,33.707,-81.49,272.863,1.0
46.7,128.180324,37.94215,5967.01626,29.969,-80.695,276.702,1.0
46.8,128.18031,37.942135,5937.2369952,26.884,-79.866,279.889,1.0
46.9,128.180291,37.942122,5907.3970752,24.377,-79.005,282.499,1.0
47.0,128.180267,37.942113,5877.5068632,22.37,-78.118,284.609,1.0
47.1,128.180239,37.942106,5847.5761128,20.778,-77.208,286.299,1.0
47.2,128.180205,37.942103,5817.6148824,19.503,-76.283,287.66,1.0
47.3,128.180166,37.942102,5787.6335352,18.421,-75.349,288.808,1.0
47.4,128.180122,37.942104,5757.6421296,17.409,-74.415,289.856,1.0
47.5,128.180074,37.94211,5727.6504192,16.453,-73.482,290.84,1.0
47.6,128.18002,37.942118,5697.6681576,15.592,-72.55,291.74,1.0
47.7,128.179962,37.942129,5667.7063176,14.83,-71.615,292.552,1.0
47.8,128.179898,37.942143,5637.7746528,14.147,-70.679,293.289,1.0
47.9,128.17983,37.94216,5607.8829168,13.531,-69.741,293.96,1.0
48.0,128.179756,37.94218,5578.0420824,12.971,-68.802,294.576,1.0
48.1,128.179678,37.942202,5548.2615983999995,12.459,-67.861,295.143,1.0
48.2,128.179595,37.942228,5518.551828000001,11.99,-66.92,295.666,1.0
48.3,128.179506,37.942257,5488.9228296,11.558,-65.978,296.151,1.0
48.4,128.179413,37.942289,5459.3846616,11.159,-65.035,296.602,1.0
48.5,128.179316,37.942323,5429.947382400001,10.789,-64.092,297.022,1.0
48.6,128.179213,37.942361,5400.6210504,10.444,-63.148,297.414,1.0
48.7,128.179106,37.942402,5371.4160288,10.122,-62.204,297.782,1.0
48.8,128.178994,37.942445,5342.3417664,9.821,-61.26,298.127,1.0
48.9,128.178877,37.942491,5313.408931200001,9.539,-60.318,298.452,1.0
49.0,128.178755,37.942541,5284.6272768,9.273,-59.375,298.757,1.0
49.1,128.178629,37.942593,5256.0068616,9.023,-58.432,299.046,1.0
49.2,128.178498,37.942648,5227.5574392,8.786,-57.49,299.319,1.0
49.3,128.178362,37.942706,5199.2887632,8.563,-56.547,299.578,1.0
49.4,128.178222,37.942767,5171.2105872,8.351,-55.604,299.824,1.0
49.5,128.178078,37.94283,5143.333274400001,8.149,-54.661,300.058,1.0
49.6,128.177929,37.942897,5115.665664,7.958,-53.717,300.281,1.0
49.7,128.177775,37.942966,5088.217814400001,7.775,-52.774,300.493,1.0
49.8,128.177617,37.943038,5060.999174400001,7.6,-51.83,300.696,1.0
49.9,128.177455,37.943113,5034.019497600001,7.433,-50.885,300.889,1.0
50.0,128.177289,37.943191,5007.287623200001,7.273,-49.941,301.075,1.0
50.1,128.177118,37.943271,4980.813609600001,7.12,-48.996,301.252,1.0
50.2,128.176943,37.943354,4954.6059912,6.972,-48.05,301.423,1.0
50.3,128.176764,37.94344,4928.6745216,6.83,-47.104,301.586,1.0
50.4,128.17658,37.943528,4903.02804,6.693,-46.158,301.743,1.0
50.5,128.176393,37.943619,4877.6756904,6.561,-45.211,301.894,1.0
50.6,128.176202,37.943713,4852.6260072000005,6.433,-44.263,302.039,1.0
50.7,128.176006,37.943809,4827.8884392,6.31,-43.315,302.179,1.0
50.8,128.175807,37.943907,4803.471520800001,6.191,-42.366,302.314,1.0
50.9,128.175604,37.944009,4779.3834816,6.076,-41.417,302.444,1.0
51.0,128.175397,37.944112,4755.6334656,5.965,-40.467,302.57,1.0
51.1,128.175187,37.944219,4732.2293976,5.857,-39.516,302.691,1.0
51.2,128.174973,37.944327,4709.179812,5.753,-38.564,302.808,1.0
51.3,128.174755,37.944438,4686.4929384,5.651,-37.612,302.922,1.0
51.4,128.174534,37.944552,4664.1763968,5.553,-36.658,303.032,1.0
51.5,128.174309,37.944667,4642.2390264,5.457,-35.702,303.138,1.0
51.6,128.174081,37.944785,4620.6878376,5.363,-34.74,303.242,1.0
51.7,128.17385,37.944905,4599.5313648,5.272,-33.773,303.344,1.0
51.8,128.173615,37.945028,4578.777532800001,5.182,-32.804,303.442,1.0
51.9,128.173377,37.945152,4558.433961600001,5.094,-31.833,303.537,1.0
52.0,128.173136,37.945279,4538.5088808,5.009,-30.86,303.63,1.0
52.1,128.172893,37.945408,4519.0093008,4.925,-29.886,303.72,1.0
52.2,128.172646,37.945538,4499.9434512,4.843,-28.911,303.807,1.0
52.3,128.172396,37.945671,4481.3180376,4.762,-27.935,303.893,1.0
52.4,128.172143,37.945806,4463.140375200001,4.684,-26.959,303.975,1.0
52.5,128.171888,37.945943,4445.4174744,4.607,-25.981,304.056,1.0
52.6,128.17163,37.946081,4428.1554312,4.532,-25.003,304.134,1.0
52.7,128.17137,37.946222,4411.3615608,4.459,-24.024,304.21,1.0
52.8,128.171107,37.946364,4395.0413496,4.387,-23.045,304.284,1.0
52.9,128.170842,37.946507,4379.2011984,4.317,-22.065,304.356,1.0
53.0,128.170574,37.946653,4363.8468984,4.248,-21.085,304.426,1.0
53.1,128.170304,37.9468,4348.9839360000005,4.181,-20.104,304.495,1.0
53.2,128.170032,37.946949,4334.617188,4.115,-19.123,304.562,1.0
53.3,128.169758,37.947099,4320.7521408,4.05,-18.142,304.627,1.0
53.4,128.169482,37.94725,4307.393366400001,3.987,-17.161,304.69,1.0
53.5,128.169204,37.947404,4294.545741600001,3.924,-16.179,304.752,1.0
53.6,128.168925,37.947558,4282.212924,3.863,-15.198,304.812,1.0
53.7,128.168644,37.947714,4270.3991808,3.803,-14.217,304.871,1.0
53.8,128.168361,37.94787,4259.1084744,3.743,-13.235,304.929,1.0
53.9,128.168077,37.948028,4248.343852800001,3.685,-12.254,304.985,1.0
54.0,128.167791,37.948188,4238.1086688000005,3.628,-11.274,305.04,1.0
54.1,128.167505,37.948348,4228.4059704,3.571,-10.289,305.093,1.0
54.2,128.167217,37.948509,4219.2385008,3.515,-9.299,305.146,1.0
54.3,128.166927,37.948671,4210.609308,3.459,-8.305,305.198,1.0
54.4,128.166637,37.948834,4202.521135200001,3.404,-7.308,305.248,1.0
54.5,128.166346,37.948998,4194.976420800001,3.348,-6.309,305.298,1.0
54.6,128.166055,37.949163,4187.977908,3.293,-5.307,305.346,1.0
54.7,128.165762,37.949328,4181.528035200001,3.238,-4.303,305.394,1.0
54.8,128.165469,37.949494,4175.6283264,3.184,-3.297,305.44,1.0
54.9,128.165176,37.949661,4170.28122,3.129,-2.289,305.486,1.0
55.0,128.164882,37.949828,4165.487935200001,3.075,-1.278,305.53,1.0
55.1,128.164587,37.949995,4161.2503008,3.021,-0.264,305.574,1.0
55.2,128.164293,37.950163,4157.5692312,2.967,0.751,305.616,1.0
55.3,128.163999,37.950331,4154.445640800001,2.913,1.769,305.658,1.0
55.4,128.163704,37.9505,4151.880444,2.859,2.79,305.699,1.0
55.5,128.16341,37.950669,4149.8742504,2.805,3.814,305.738,1.0
55.6,128.163115,37.950837,4148.42706,2.752,4.841,305.777,1.0
55.7,128.162822,37.951006,4147.5394824,2.697,5.87,305.815,1.0
55.8,128.162528,37.951175,4147.210908,2.643,6.902,305.852,1.0
55.9,128.162235,37.951344,4147.441032000001,2.589,7.938,305.888,1.0
56.0,128.161943,37.951513,4148.2295496,2.534,8.976,305.923,1.0
56.1,128.161651,37.951682,4149.5755464,2.478,10.016,305.957,1.0
56.2,128.16136,37.95185,4151.4774984000005,2.422,11.058,305.991,1.0
56.3,128.16107,37.952018,4153.934491200001,2.365,12.103,306.023,1.0
56.4,128.160781,37.952186,4156.944391200001,2.308,13.151,306.054,1.0
56.5,128.160494,37.952353,4160.5056744,2.249,14.201,306.084,1.0
56.6,128.160207,37.95252,4164.616207200001,2.19,15.255,306.113,1.0
56.7,128.159922,37.952686,4169.2729416,2.13,16.312,306.141,1.0
56.8,128.159638,37.952852,4174.474048800001,2.069,17.372,306.168,1.0
56.9,128.159356,37.953017,4180.216176000001,2.006,18.436,306.193,1.0
57.0,128.159075,37.953181,4186.49658,1.943,19.503,306.218,1.0
57.1,128.158796,37.953344,4193.311603200001,1.878,20.574,306.241,1.0
57.2,128.158519,37.953506,4200.6578928,1.811,21.649,306.263,1.0
57.3,128.158243,37.953668,4208.5314864,1.743,22.727,306.284,1.0
57.4,128.15797,37.953828,4216.9287264,1.674,23.81,306.303,1.0
57.5,128.157699,37.953988,4225.8450408,1.603,24.896,306.321,1.0
57.6,128.15743,37.954146,4235.2764672,1.53,25.987,306.337,1.0
57.7,128.157163,37.954303,4245.217824,1.456,27.083,306.352,1.0
57.8,128.156899,37.954458,4255.664844000001,1.38,28.183,306.365,1.0
57.9,128.156637,37.954613,4266.611736,1.302,29.287,306.377,1.0
58.0,128.156378,37.954766,4278.053928,1.223,30.397,306.387,1.0
58.1,128.156121,37.954917,4289.985324,1.142,31.511,306.395,1.0
58.2,128.155867,37.955067,4302.4007424,1.059,32.631,306.4,1.0
58.3,128.155616,37.955216,4315.2937824,0.974,33.756,306.404,1.0
58.4,128.155368,37.955362,4328.658652800001,0.888,34.886,306.406,1.0
58.5,128.155122,37.955507,4342.4889528,0.799,36.023,306.405,1.0
58.6,128.15488,37.955651,4356.7779768,0.709,37.165,306.402,1.0
58.7,128.154641,37.955792,4371.519019200001,0.616,38.313,306.396,1.0
58.8,128.154406,37.955932,4386.7053744,0.52,39.468,306.388,1.0
58.9,128.154173,37.956069,4402.330032,0.422,40.63,306.376,1.0
59.0,128.153944,37.956205,4418.3850672,0.32,41.798,306.362,1.0
59.1,128.153719,37.956338,4434.8637744,0.215,42.974,306.344,1.0
59.2,128.153497,37.95647,4451.757619200001,0.107,44.157,306.322,1.0
59.3,128.153279,37.956599,4469.0592864,-0.004,45.347,306.296,1.0
59.4,128.153065,37.956726,4486.7602416,-0.121,46.546,306.266,1.0
59.5,128.152854,37.956851,4504.85256,-0.241,47.753,306.231,1.0
59.6,128.152647,37.956973,4523.3277072,-0.365,48.968,306.191,1.0
59.7,128.152444,37.957093,4542.1768440000005,-0.493,50.193,306.145,1.0
59.8,128.152246,37.957211,4561.3908264,-0.624,51.426,306.094,1.0
59.9,128.152051,37.957326,4580.96112,-0.759,52.664,306.036,1.0
60.0,128.151861,37.957438,4600.877666400001,-0.898,53.902,305.971,1.0
60.1,128.151675,37.957548,4621.1310168,-1.042,55.14,305.898,1.0
60.2,128.151493,37.957655,4641.7101984,-1.191,56.382,305.817,1.0
60.3,128.151316,37.95776,4662.605457600001,-1.346,57.627,305.726,1.0
60.4,128.151143,37.957862,4683.805212,-1.507,58.879,305.625,1.0
60.5,128.150974,37.957961,4705.299098400001,-1.676,60.141,305.513,1.0
60.6,128.15081,37.958057,4727.0752296,-1.855,61.415,305.387,1.0
60.7,128.150651,37.95815,4749.1226328,-2.045,62.7,305.247,1.0
60.8,128.150496,37.95824,4771.430030400001,-2.249,63.996,305.089,1.0
60.9,128.150346,37.958328,4793.9855352,-2.469,65.304,304.913,1.0
61.0,128.150201,37.958412,4816.777260000001,-2.707,66.622,304.713,1.0
61.1,128.150061,37.958494,4839.7933176,-2.969,67.952,304.487,1.0
61.2,128.149926,37.958572,4863.021820800001,-3.26,69.293,304.228,1.0
61.3,128.149795,37.958648,4886.450272800001,-3.586,70.647,303.93,1.0
61.4,128.14967,37.95872,4910.0661768,-3.957,72.012,303.584,1.0
61.5,128.14955,37.958789,4933.8564264,-4.387,73.389,303.177,1.0
61.6,128.149434,37.958855,4957.8088296000005,-4.892,74.779,302.692,1.0
61.7,128.149324,37.958917,4981.9099752,-5.497,76.182,302.104,1.0
61.8,128.149219,37.958976,5006.146756800001,-6.241,77.596,301.376,1.0
61.9,128.14912,37.959033,5030.5054584,-7.178,79.023,300.452,1.0
62.0,128.149025,37.959085,5054.9726688,-8.402,80.461,299.24,1.0
62.1,128.148936,37.959135,5079.5343672,-10.072,81.908,297.58,1.0
62.2,128.148852,37.959181,5104.1765328,-12.489,83.362,295.173,1.0
62.3,128.148774,37.959224,5128.88484,-16.291,84.813,291.379,1.0
62.4,128.148701,37.959263,5153.645268,-23.075,86.24,284.603,1.0
62.5,128.148634,37.959299,5178.442272,-37.845,87.569,269.838,1.0
62.6,128.148572,37.959332,5203.2596976,-76.705,88.45,230.985,1.0
62.7,128.148515,37.959361,5228.082,-128.799,88.043,178.897,1.0
62.8,128.148464,37.959386,5252.892415200001,-151.118,86.81,156.589,1.0
62.9,128.148419,37.959409,5277.6750936,-160.25,85.399,147.475,1.0
63.0,128.148379,37.959427,5302.4147952,-164.968,83.952,142.78,1.0
63.1,128.148344,37.959443,5327.0959752,-167.806,82.503,139.971,1.0
63.2,128.148315,37.959455,5351.7036984,-169.729,81.062,138.088,1.0
63.3,128.148292,37.959463,5376.2230296,-171.175,79.633,136.699,1.0
63.4,128.148273,37.959469,5400.639948,-172.385,78.217,135.569,1.0
63.5,128.14826,37.959471,5424.941042400001,-173.489,76.816,134.563,1.0
63.6,128.148252,37.95947,5449.112596800001,-174.546,75.427,133.611,1.0
63.7,128.14825,37.959465,5473.1421144000005,-175.574,74.05,132.679,1.0
63.8,128.148252,37.959457,5497.0167936,-176.561,72.683,131.754,1.0
63.9,128.148259,37.959447,5520.724747200001,-177.461,71.323,130.853,1.0
64.0,128.148271,37.959433,5544.253783200001,-178.197,69.969,130.022,1.0
64.1,128.148289,37.959416,5567.5920144,-178.721,68.619,129.292,1.0
64.2,128.148311,37.959397,5590.7272488,-178.992,67.273,128.699,1.0
64.3,128.148338,37.959374,5613.6485136,-178.946,65.932,128.303,1.0
64.4,128.148369,37.959349,5636.3436168,-178.612,64.595,128.114,1.0
64.5,128.148406,37.959321,5658.802500000001,-178.167,63.262,128.045,1.0
64.6,128.148447,37.95929,5681.016628800001,-177.757,61.931,128.009,1.0
64.7,128.148493,37.959257,5702.9780784,-177.425,60.602,127.974,1.0
64.8,128.148543,37.959221,5724.678924000001,-177.167,59.277,127.936,1.0
64.9,128.148598,37.959183,5746.1127648,-176.976,57.955,127.892,1.0
65.0,128.148656,37.959143,5767.2725904,-176.847,56.637,127.842,1.0
65.1,128.148719,37.9591,5788.1516952,-176.774,55.325,127.785,1.0
65.2,128.148787,37.959055,5808.7436784,-176.752,54.017,127.719,1.0
65.3,128.148858,37.959008,5829.042444,-176.772,52.714,127.645,1.0
65.4,128.148933,37.958959,5849.0422008000005,-176.825,51.418,127.561,1.0
65.5,128.149012,37.958908,5868.7371576,-176.904,50.126,127.469,1.0
65.6,128.149094,37.958855,5888.1221328,-177.0,48.841,127.368,1.0
65.7,128.14918,37.9588,5907.1910304,-177.103,47.56,127.259,1.0
65.8,128.14927,37.958743,5925.9389736,-177.206,46.285,127.143,1.0
65.9,128.149363,37.958684,5944.3610856000005,-177.301,45.014,127.019,1.0
66.0,128.149459,37.958624,5962.4524896,-177.38,43.748,126.89,1.0
66.1,128.149559,37.958562,5980.208004,-177.431,42.485,126.759,1.0
66.2,128.149662,37.958498,5997.6233616,-177.444,41.225,126.632,1.0
66.3,128.149768,37.958432,6014.6939904,-177.424,39.967,126.51,1.0
66.4,128.149877,37.958365,6031.4156232000005,-177.375,38.711,126.391,1.0
66.5,128.14999,37.958297,6047.784297600001,-177.306,37.457,126.273,1.0
66.6,128.150105,37.958226,6063.8088528,-177.222,36.21,126.158,1.0
66.7,128.150223,37.958155,6079.488374400001,-177.127,34.967,126.042,1.0
66.8,128.150344,37.958081,6094.819509600001,-177.026,33.722,125.926,1.0
66.9,128.150468,37.958007,6109.798296000001,-176.921,32.475,125.809,1.0
67.0,128.150595,37.957931,6124.4207712,-176.813,31.226,125.691,1.0
67.1,128.150725,37.957853,6138.683582400001,-176.702,29.974,125.571,1.0
67.2,128.150857,37.957775,6152.583072,-176.59,28.72,125.451,1.0
67.3,128.150992,37.957695,6166.1158872000005,-176.475,27.465,125.329,1.0
67.4,128.15113,37.957614,6179.2786752,-176.359,26.209,125.206,1.0
67.5,128.15127,37.957532,6192.067778400001,-176.241,24.952,125.081,1.0
67.6,128.151413,37.957449,6204.4801488,-176.12,23.693,124.956,1.0
67.7,128.151557,37.957364,6216.512738400001,-175.997,22.435,124.829,1.0
67.8,128.151705,37.957279,6228.1621944,-175.872,21.175,124.701,1.0
67.9,128.151854,37.957193,6239.425773600001,-175.744,19.916,124.571,1.0
68.0,128.152006,37.957106,6250.3007328,-175.614,18.655,124.44,1.0
68.1,128.15216,37.957018,6260.7840240000005,-175.481,17.395,124.308,1.0
68.2,128.152316,37.956929,6270.872904,-175.345,16.133,124.174,1.0
68.3,128.152473,37.956839,6280.5646295999995,-175.206,14.872,124.038,1.0
68.4,128.152633,37.956749,6289.857372,-175.063,13.61,123.9,1.0
68.5,128.152795,37.956658,6298.7477784,-174.918,12.347,123.761,1.0
68.6,128.152958,37.956567,6307.234020000001,-174.769,11.084,123.619,1.0
68.7,128.153124,37.956474,6315.3136584,-174.616,9.82,123.475,1.0
68.8,128.153291,37.956382,6322.984864800001,-174.457,8.556,123.331,1.0
68.9,128.153459,37.956289,6330.2445912,-174.292,7.291,123.187,1.0
69.0,128.153629,37.956195,6337.0913136,-174.122,6.025,123.043,1.0
69.1,128.153801,37.956101,6343.5232032,-173.948,4.759,122.9,1.0
69.2,128.153974,37.956007,6349.5381264,-173.774,3.491,122.757,1.0
69.3,128.154149,37.955912,6355.1342544,-173.6,2.222,122.616,1.0
69.4,128.154325,37.955817,6360.3100632000005,-173.429,0.952,122.475,1.0
69.5,128.154502,37.955722,6365.0640288,-173.263,-0.318,122.334,1.0
69.6,128.15468,37.955626,6369.394932,-173.103,-1.59,122.194,1.0
69.7,128.154859,37.955531,6373.3012488,-172.951,-2.863,122.054,1.0
69.8,128.15504,37.955435,6376.781760000001,-172.806,-4.136,121.914,1.0
69.9,128.155221,37.95534,6379.835246400001,-172.671,-5.411,121.773,1.0
70.0,128.155403,37.955244,6382.460488799999,-172.544,-6.686,121.632,1.0
70.1,128.155586,37.955149,6384.6568776,-172.426,-7.962,121.489,1.0
70.2,128.15577,37.955053,6386.4228888,-172.317,-9.239,121.345,1.0
70.3,128.155955,37.954958,6387.7579128,-172.215,-10.516,121.199,1.0
70.4,128.15614,37.954863,6388.6607304,-172.119,-11.793,121.051,1.0
70.5,128.156326,37.954768,6389.130427200001,-172.027,-13.071,120.9,1.0
70.6,128.156512,37.954673,6389.1663935999995,-171.938,-14.349,120.747,1.0
70.7,128.156699,37.954578,6388.767715200001,-171.851,-15.628,120.591,1.0
70.8,128.156886,37.954484,6387.933172800001,-171.763,-16.907,120.431,1.0
70.9,128.157074,37.95439,6386.6627664,-171.674,-18.186,120.268,1.0
71.0,128.157261,37.954297,6384.9555816,-171.582,-19.466,120.102,1.0
71.1,128.157449,37.954204,6382.8110088,-171.487,-20.746,119.932,1.0
71.2,128.157637,37.954111,6380.228133600001,-171.386,-22.026,119.757,1.0
71.3,128.157825,37.954019,6377.207260800001,-171.281,-23.307,119.579,1.0
71.4,128.158013,37.953928,6373.7474760000005,-171.169,-24.589,119.395,1.0
71.5,128.1582,37.953837,6369.849084,-171.051,-25.871,119.206,1.0
71.6,128.158387,37.953746,6365.5114752,-170.925,-27.153,119.013,1.0
71.7,128.158575,37.953657,6360.7346496,-170.792,-28.436,118.813,1.0
71.8,128.158761,37.953568,6355.5192168,-170.65,-29.719,118.607,1.0
71.9,128.158947,37.95348,6349.864872,-170.501,-31.003,118.396,1.0
72.0,128.159133,37.953393,6343.771920000001,-170.343,-32.287,118.178,1.0
72.1,128.159318,37.953306,6337.2412752,-170.177,-33.572,117.953,1.0
72.2,128.159502,37.953221,6330.2732424000005,-170.003,-34.858,117.721,1.0
72.3,128.159685,37.953136,6322.868736,-169.82,-36.144,117.482,1.0
72.4,128.159868,37.953053,6315.028670400001,-169.63,-37.431,117.235,1.0
72.5,128.16005,37.95297,6306.7536552,-169.432,-38.718,116.979,1.0
72.6,128.16023,37.952889,6298.045519200001,-169.227,-40.006,116.714,1.0
72.7,128.160409,37.952808,6288.905481600001,-169.013,-41.294,116.439,1.0
72.8,128.160588,37.952729,6279.3347616,-168.792,-42.583,116.154,1.0
72.9,128.160764,37.952651,6269.335492800001,-168.561,-43.872,115.856,1.0
73.0,128.16094,37.952575,6258.909504,-168.322,-45.161,115.546,1.0
73.1,128.161114,37.952499,6248.058624,-168.071,-46.45,115.221,1.0
73.2,128.161286,37.952425,6236.7849864,-167.808,-47.739,114.88,1.0
73.3,128.161457,37.952353,6225.1032216,-167.53,-49.032,114.52,1.0
73.4,128.161625,37.952281,6213.0243024,-167.235,-50.33,114.14,1.0
73.5,128.161792,37.952212,6200.5518864000005,-166.921,-51.625,113.739,1.0
73.6,128.161956,37.952144,6187.6893264,-166.587,-52.916,113.315,1.0
73.7,128.162119,37.952077,6174.4408896,-166.23,-54.202,112.867,1.0
73.8,128.162278,37.952013,6160.810538400001,-165.847,-55.484,112.39,1.0
73.9,128.162436,37.95195,6146.80254,-165.435,-56.762,111.883,1.0
74.0,128.162591,37.951888,6132.4217712,-164.988,-58.036,111.341,1.0
74.1,128.162744,37.951829,6117.6724992,-164.502,-59.307,110.76,1.0
74.2,128.162894,37.951771,6102.559905600001,-163.973,-60.573,110.134,1.0
74.3,128.163041,37.951715,6087.0894768,-163.393,-61.836,109.458,1.0
74.4,128.163186,37.951661,6071.2660896,-162.755,-63.094,108.724,1.0
74.5,128.163327,37.951609,6055.0961448,-162.051,-64.348,107.923,1.0
74.6,128.163466,37.951559,6038.5848240000005,-161.271,-65.597,107.047,1.0
74.7,128.163601,37.95151,6021.7382232,-160.402,-66.841,106.082,1.0
74.8,128.163734,37.951464,6004.5627432,-159.43,-68.078,105.014,1.0
74.9,128.163863,37.95142,5987.0650896,-158.337,-69.307,103.826,1.0
75.0,128.163989,37.951378,5969.251663200001,-157.1,-70.528,102.495,1.0
75.1,128.164112,37.951338,5951.129474400001,-155.693,-71.738,100.993,1.0
75.2,128.164231,37.9513,5932.7055336,-154.08,-72.936,99.286,1.0
75.3,128.164346,37.951264,5913.987765600001,-152.219,-74.118,97.332,1.0
75.4,128.164458,37.951231,5894.9834856,-150.054,-75.28,95.073,1.0
75.5,128.164567,37.951199,5875.7003136,-147.515,-76.418,92.44,1.0
75.6,128.164671,37.95117,5856.1467840000005,-144.511,-77.524,89.342,1.0
75.7,128.164772,37.951144,5836.3311264,-140.926,-78.589,85.663,1.0
75.8,128.164869,37.951119,5816.2618752,-136.614,-79.6,81.257,1.0
75.9,128.164961,37.951097,5795.947869600001,-131.402,-80.539,75.95,1.0
76.0,128.16505,37.951078,5775.3982536,-125.096,-81.381,69.549,1.0
76.1,128.165134,37.95106,5754.6221712,-117.529,-82.097,61.886,1.0
76.2,128.165215,37.951045,5733.629376,-108.634,-82.648,52.895,1.0
76.3,128.165291,37.951033,5712.4296216,-98.577,-82.996,42.741,1.0
76.4,128.165362,37.951023,5691.0326616,-87.833,-83.107,31.899,1.0
76.5,128.165429,37.951015,5669.448859200001,-77.119,-82.972,21.088,1.0
76.6,128.165492,37.95101,5647.689187200001,-67.141,-82.602,11.012,1.0
76.7,128.16555,37.951008,5625.7633992,-58.351,-82.03,2.124,1.0
76.8,128.165604,37.951008,5603.6833824000005,-50.89,-81.295,354.565,1.0
76.9,128.165652,37.95101,5581.459804800001,-44.676,-80.436,348.253,1.0
77.0,128.165697,37.951016,5559.1042488,-39.509,-79.485,342.996,1.0
77.1,128.165736,37.951023,5536.6282968000005,-35.185,-78.467,338.587,1.0
77.2,128.16577,37.951034,5514.044140800001,-31.524,-77.399,334.844,1.0
77.3,128.1658,37.951047,5491.3633632,-28.377,-76.296,331.615,1.0
77.4,128.165824,37.951062,5468.598460800001,-25.643,-75.165,328.788,1.0
77.5,128.165844,37.95108,5445.7613208,-23.262,-74.011,326.29,1.0
77.6,128.165858,37.951101,5422.8647448,-21.199,-72.837,324.074,1.0
77.7,128.165868,37.951124,5399.920924800001,-19.444,-71.644,322.116,1.0
77.8,128.165872,37.95115,5376.9420528,-18.002,-70.429,320.416,1.0
77.9,128.165871,37.951178,5353.940016,-16.877,-69.193,318.976,1.0
78.0,128.165865,37.951209,5330.927616,-16.063,-67.936,317.802,1.0
78.1,128.165854,37.951243,5307.9173496,-15.492,-66.659,316.864,1.0
78.2,128.165837,37.951279,5284.922628,-15.035,-65.371,316.085,1.0
78.3,128.165815,37.951317,5261.957472,-14.582,-64.078,315.39,1.0
78.4,128.165788,37.951358,5239.036512,-14.111,-62.784,314.749,1.0
78.5,128.165756,37.951401,5216.174378400001,-13.634,-61.486,314.16,1.0
78.6,128.165718,37.951447,5193.385701600001,-13.157,-60.184,313.613,1.0
78.7,128.165674,37.951495,5170.6848072,-12.68,-58.879,313.102,1.0
78.8,128.165626,37.951546,5148.0866304,-12.206,-57.571,312.619,1.0
78.9,128.165572,37.951599,5125.605496800001,-11.738,-56.261,312.16,1.0
79.0,128.165512,37.951654,5103.2557320000005,-11.28,-54.947,311.723,1.0
79.1,128.165447,37.951712,5081.0522712,-10.836,-53.631,311.304,1.0
79.2,128.165377,37.951773,5059.0091352,-10.408,-52.313,310.902,1.0
79.3,128.165302,37.951836,5037.1406496,-9.999,-50.993,310.515,1.0
79.4,128.165221,37.951901,5015.46114,-9.61,-49.67,310.142,1.0
79.5,128.165135,37.951968,4993.984322400001,-9.244,-48.346,309.784,1.0
79.6,128.165044,37.952038,4972.7245224,-8.9,-47.02,309.438,1.0
79.7,128.164948,37.95211,4951.6951512,-8.58,-45.692,309.104,1.0
79.8,128.164847,37.952184,4930.9102296,-8.283,-44.363,308.783,1.0
79.9,128.16474,37.952261,4910.3831688,-8.01,-43.033,308.473,1.0
80.0,128.164629,37.952339,4890.127684800001,-7.761,-41.701,308.174,1.0
80.1,128.164513,37.95242,4870.1565792,-7.535,-40.369,307.885,1.0
80.2,128.164391,37.952503,4850.4832632,-7.331,-39.036,307.606,1.0
80.3,128.164265,37.952588,4831.120233600001,-7.147,-37.702,307.338,1.0
80.4,128.164135,37.952675,4812.0809016,-6.983,-36.368,307.078,1.0
80.5,128.163999,37.952763,4793.3768496,-6.836,-35.033,306.828,1.0
80.6,128.163859,37.952854,4775.0208792,-6.705,-33.698,306.585,1.0
80.7,128.163715,37.952947,4757.024877600001,-6.59,-32.362,306.351,1.0
80.8,128.163566,37.953041,4739.400732,-6.487,-31.026,306.124,1.0
80.9,128.163413,37.953137,4722.159720000001,-6.396,-29.691,305.903,1.0
81.0,128.163255,37.953234,4705.3128144,-6.316,-28.355,305.689,1.0
81.1,128.163093,37.953333,4688.8715976,-6.245,-27.019,305.481,1.0
81.2,128.162928,37.953434,4672.8458232,-6.183,-25.684,305.279,1.0
81.3,128.162758,37.953536,4657.246464000001,-6.128,-24.349,305.081,1.0
81.4,128.162584,37.95364,4642.0829688,-6.08,-23.014,304.888,1.0
81.5,128.162407,37.953744,4627.3650912,-6.037,-21.679,304.699,1.0
81.6,128.162226,37.95385,4613.1016704,-5.999,-20.345,304.513,1.0
81.7,128.162042,37.953958,4599.3018504,-5.967,-19.012,304.331,1.0
81.8,128.161854,37.954066,4585.9738608,-5.938,-17.679,304.152,1.0
81.9,128.161663,37.954175,4573.1256264,-5.914,-16.347,303.975,1.0
82.0,128.161468,37.954285,4560.7647672,-5.894,-15.016,303.801,1.0
82.1,128.161271,37.954397,4548.8979888,-5.877,-13.686,303.628,1.0
82.2,128.16107,37.954509,4537.5326064,-5.863,-12.357,303.457,1.0
82.3,128.160867,37.954621,4526.6741064,-5.853,-11.029,303.288,1.0
82.4,128.160662,37.954735,4516.3288896,-5.846,-9.702,303.12,1.0
82.5,128.160453,37.954848,4506.501528000001,-5.843,-8.377,302.952,1.0
82.6,128.160243,37.954963,4497.197508,-5.842,-7.053,302.785,1.0
82.7,128.16003,37.955078,4488.420792000001,-5.845,-5.73,302.619,1.0
82.8,128.159815,37.955193,4480.1750376,-5.852,-4.409,302.453,1.0
82.9,128.159597,37.955309,4472.4639024,-5.862,-3.09,302.287,1.0
83.0,128.159379,37.955424,4465.2904344,-5.876,-1.772,302.12,1.0
83.1,128.159158,37.95554,4458.6567672,-5.893,-0.457,301.954,1.0
83.2,128.158936,37.955656,4452.564729600001,-5.914,0.856,301.787,1.0
83.3,128.158712,37.955772,4447.016150400001,-5.939,2.167,301.619,1.0
83.4,128.158487,37.955888,4442.0116392,-5.969,3.477,301.45,1.0
83.5,128.158261,37.956003,4437.55272,-6.002,4.783,301.28,1.0
83.6,128.158034,37.956119,4433.6393928,-6.04,6.088,301.109,1.0
83.7,128.157807,37.956234,4430.2719624,-6.082,7.39,300.936,1.0
83.8,128.157578,37.956349,4427.4492096,-6.129,8.69,300.762,1.0
83.9,128.157349,37.956463,4425.1696104,-6.18,9.988,300.586,1.0
84.0,128.15712,37.956577,4423.4310312,-6.237,11.282,300.408,1.0
84.1,128.15689,37.95669,4422.2316432,-6.298,12.575,300.227,1.0
84.2,128.15666,37.956803,4421.5680936,-6.365,13.864,300.044,1.0
84.3,128.15643,37.956914,4421.4373344000005,-6.436,15.15,299.859,1.0
84.4,128.1562,37.957025,4421.8360128,-6.514,16.433,299.67,1.0
84.5,128.15597,37.957136,4422.759556800001,-6.597,17.712,299.478,1.0
84.6,128.155741,37.957245,4424.204004,-6.685,18.988,299.283,1.0
84.7,128.155512,37.957353,4426.1641728,-6.78,20.26,299.084,1.0
84.8,128.155284,37.95746,4428.6348816,-6.882,21.528,298.881,1.0
84.9,128.155057,37.957567,4431.610644,-6.989,22.793,298.674,1.0
85.0,128.154831,37.957672,4435.0853640000005,-7.104,24.053,298.462,1.0
85.1,128.154605,37.957775,4439.0529456,-7.226,25.309,298.245,1.0
85.2,128.154381,37.957878,4443.5066832,-7.356,26.561,298.023,1.0
85.3,128.154158,37.957979,4448.4395664,-7.493,27.808,297.794,1.0
85.4,128.153937,37.958079,4453.8445848,-7.639,29.051,297.56,1.0
85.5,128.153716,37.958177,4459.7138136,-7.793,30.29,297.319,1.0
85.6,128.153498,37.958275,4466.0399376,-7.957,31.523,297.07,1.0
85.7,128.153281,37.95837,4472.8144224,-8.131,32.752,296.815,1.0
85.8,128.153066,37.958464,4480.0293432,-8.314,33.976,296.551,1.0
85.9,128.152853,37.958556,4487.6761656,-8.509,35.195,296.278,1.0
86.0,128.152642,37.958647,4495.7457456,-8.715,36.408,295.996,1.0
86.1,128.152432,37.958736,4504.229244,-8.932,37.617,295.706,1.0
86.2,128.152226,37.958824,4513.1178216,-9.162,38.82,295.405,1.0
86.3,128.152021,37.958909,4522.4020296,-9.403,40.017,295.093,1.0
86.4,128.151818,37.958993,4532.072419200001,-9.658,41.209,294.771,1.0
86.5,128.151618,37.959076,4542.1192368,-9.925,42.396,294.435,1.0
86.6,128.151421,37.959156,4552.5333384000005,-10.207,43.576,294.086,1.0
86.7,128.151226,37.959234,4563.3043608,-10.503,44.751,293.723,1.0
86.8,128.151034,37.959311,4574.4228552,-10.816,45.92,293.345,1.0
86.9,128.150844,37.959386,4585.8784584,-11.146,47.082,292.95,1.0
87.0,128.150657,37.959458,4597.661416800001,-11.495,48.239,292.536,1.0
87.1,128.150473,37.959529,4609.761672,-11.864,49.388,292.103,1.0
87.2,128.150292,37.959598,4622.1691656,-12.256,50.532,291.649,1.0
87.3,128.150114,37.959665,4634.8732296,-12.672,51.668,291.172,1.0
87.4,128.149939,37.95973,4647.8644152,-13.114,52.797,290.67,1.0
87.5,128.149766,37.959793,4661.1317496,-13.584,53.92,290.14,1.0
87.6,128.149597,37.959854,4674.665784,-14.087,55.034,289.581,1.0
87.7,128.149431,37.959913,4688.455850400001,-14.624,56.142,288.989,1.0
87.8,128.149268,37.95997,4702.491890400001,-15.199,57.241,288.361,1.0
87.9,128.149109,37.960025,4716.7638456,-15.817,58.333,287.693,1.0
88.0,128.148952,37.960078,4731.2616576,-16.482,59.417,286.981,1.0
88.1,128.148799,37.960128,4745.975268,-17.199,60.493,286.22,1.0
88.2,128.148649,37.960177,4760.8943136,-17.974,61.559,285.406,1.0
88.3,128.148502,37.960224,4776.023976,-18.811,62.611,284.535,1.0
88.4,128.148359,37.960268,4791.3648648,-19.718,63.649,283.6,1.0
88.5,128.148218,37.960311,4806.9084456,-20.709,64.68,282.587,1.0
88.6,128.148081,37.960352,4822.6449648,-21.795,65.703,281.487,1.0
88.7,128.147948,37.96039,4838.565888,-22.99,66.717,280.287,1.0
88.8,128.147817,37.960427,4854.6617664000005,-24.31,67.719,278.975,1.0
88.9,128.14769,37.960461,4870.9240656,-25.772,68.709,277.535,1.0
89.0,128.147566,37.960494,4887.3442512,-27.398,69.682,275.948,1.0
89.1,128.147446,37.960524,4903.9131792,-29.213,70.636,274.195,1.0
89.2,128.147329,37.960552,4920.6223152,-31.25,71.567,272.25,1.0
89.3,128.147215,37.960578,4937.46282,-33.542,72.471,270.087,1.0
89.4,128.147105,37.960602,4954.4258544,-36.123,73.339,267.687,1.0
89.5,128.146998,37.960624,4971.502579200001,-38.835,74.093,265.234,1.0
89.6,128.146895,37.960644,4988.6823264,-41.492,74.682,262.94,1.0
89.7,128.146795,37.960662,5005.9553424000005,-44.044,75.125,260.856,1.0
89.8,128.146699,37.960677,5023.3106544,-46.507,75.464,258.935,1.0
89.9,128.146605,37.960691,5040.738204,-48.903,75.736,257.091,1.0
90.0,128.146514,37.960703,5058.227323200001,-51.245,75.969,255.246,1.0
90.1,128.146427,37.960712,5075.7691728,-53.521,76.177,253.361,1.0
90.2,128.146341,37.960721,5093.3561328000005,-55.717,76.364,251.428,1.0
90.3,128.146259,37.960727,5110.9821071999995,-57.819,76.531,249.463,1.0
90.4,128.146179,37.960731,5128.6406952,-59.823,76.68,247.488,1.0
90.5,128.146101,37.960735,5146.327020000001,-61.728,76.811,245.525,1.0
90.6,128.146025,37.960736,5164.0368144,-63.545,76.925,243.594,1.0
90.7,128.145951,37.960736,5181.765506400001,-65.284,77.026,241.714,1.0
90.8,128.14588,37.960734,5199.509743199999,-66.959,77.118,239.895,1.0
90.9,128.145811,37.960731,5217.2658672,-68.606,77.198,238.12,1.0
91.0,128.145743,37.960727,5235.0299159999995,-70.216,77.257,236.433,1.0
91.1,128.145678,37.960721,5252.798841600001,-71.795,77.289,234.866,1.0
91.2,128.145615,37.960714,5270.5686816,-73.402,77.3,233.392,1.0
91.3,128.145553,37.960706,5288.336388000001,-75.093,77.298,231.952,1.0
91.4,128.145494,37.960696,5306.0989128,-76.897,77.286,230.49,1.0
91.5,128.145436,37.960685,5323.853208,-78.816,77.265,228.977,1.0
91.6,128.14538,37.960673,5341.59714,-80.833,77.233,227.406,1.0
91.7,128.145325,37.960659,5359.3279656,-82.918,77.19,225.787,1.0
91.8,128.145272,37.960645,5377.0435512,-85.037,77.133,224.136,1.0
91.9,128.145221,37.960629,5394.7423728,-87.159,77.061,222.473,1.0
92.0,128.145171,37.960612,5412.4222968,-89.253,76.974,220.817,1.0
92.1,128.145122,37.960594,5430.0817992,-91.295,76.873,219.176,1.0
92.2,128.145074,37.960575,5447.7193560000005,-93.261,76.759,217.56,1.0
92.3,128.145028,37.960555,5465.3334432,-95.15,76.633,215.977,1.0
92.4,128.144983,37.960534,5482.922536800001,-96.96,76.494,214.432,1.0
92.5,128.14494,37.960512,5500.4854176,-98.698,76.344,212.929,1.0
92.6,128.144897,37.960489,5518.0202568,-100.375,76.184,211.467,1.0
92.7,128.144856,37.960465,5535.5264448,-102.005,76.012,210.04,1.0
92.8,128.144816,37.96044,5553.0021528,-103.605,75.83,208.643,1.0
92.9,128.144777,37.960413,5570.445856800001,-105.194,75.637,207.269,1.0
93.0,128.144739,37.960386,5587.8563376,-106.79,75.432,205.911,1.0
93.1,128.144702,37.960358,5605.232376,-108.408,75.215,204.565,1.0
93.2,128.144666,37.960329,5622.5721432,-110.064,74.984,203.23,1.0
93.3,128.144632,37.960298,5639.8738104,-111.774,74.739,201.902,1.0
93.4,128.144599,37.960267,5657.1358536,-113.55,74.479,200.587,1.0
93.5,128.144566,37.960235,5674.355834399999,-115.398,74.202,199.284,1.0
93.6,128.144535,37.960201,5691.532228800001,-117.311,73.907,197.996,1.0
93.7,128.144505,37.960167,5708.663208,-119.28,73.593,196.726,1.0
93.8,128.144476,37.960132,5725.747248,-121.284,73.258,195.476,1.0
93.9,128.144448,37.960095,5742.7837392,-123.286,72.902,194.248,1.0
94.0,128.144421,37.960057,5759.7711576,-125.251,72.524,193.043,1.0
94.1,128.144396,37.960019,5776.7095032,-127.147,72.123,191.858,1.0
94.2,128.144371,37.959979,5793.5972520000005,-128.946,71.7,190.695,1.0
94.3,128.144346,37.959939,5810.4334896,-130.639,71.254,189.557,1.0
94.4,128.144323,37.959897,5827.216996800001,-132.221,70.784,188.437,1.0
94.5,128.144301,37.959854,5843.9459448,-133.698,70.289,187.338,1.0
94.6,128.14428,37.95981,5860.6182,-135.077,69.771,186.257,1.0
94.7,128.144259,37.959765,5877.231933600001,-136.368,69.228,185.193,1.0
94.8,128.14424,37.959719,5893.784097600001,-137.585,68.659,184.143,1.0
94.9,128.144221,37.959672,5910.2722536,-138.752,68.063,183.103,1.0
95.0,128.144204,37.959624,5926.6933536,-139.888,67.436,182.07,1.0
95.1,128.144187,37.959574,5943.0434352,-141.014,66.776,181.042,1.0
95.2,128.144172,37.959524,5959.3191456,-142.153,66.079,180.021,1.0
95.3,128.144157,37.959472,5975.5159128000005,-143.32,65.342,179.003,1.0
95.4,128.144144,37.959418,5991.629164800001,-144.528,64.559,177.988,1.0
95.5,128.144132,37.959364,6007.6546344,-145.791,63.724,176.979,1.0
95.6,128.144121,37.959307,6023.5862256,-147.112,62.829,175.973,1.0
95.7,128.144112,37.95925,6039.4193663999995,-148.484,61.87,174.974,1.0
95.8,128.144104,37.959191,6055.148570400001,-149.88,60.849,173.998,1.0
95.9,128.144097,37.959131,6070.768656000001,-151.273,59.764,173.048,1.0
96.0,128.144091,37.959069,6086.2732224,-152.642,58.605,172.122,1.0
96.1,128.144087,37.959005,6101.657392800001,-153.959,57.36,171.211,1.0
96.2,128.144084,37.95894,6116.913547200001,-155.202,56.011,170.307,1.0
96.3,128.144082,37.958873,6132.034370400001,-156.356,54.546,169.408,1.0
96.4,128.144082,37.958804,6147.0101088,-157.383,53.003,168.544,1.0
96.5,128.144084,37.958734,6161.832228,-158.247,51.453,167.756,1.0
96.6,128.144086,37.958662,6176.490974400001,-158.948,49.935,167.054,1.0
96.7,128.144091,37.958588,6190.977508800001,-159.504,48.469,166.431,1.0
96.8,128.144097,37.958512,6205.283601600001,-159.942,47.061,165.874,1.0
96.9,128.144105,37.958435,6219.401328000001,-160.291,45.71,165.37,1.0
97.0,128.144114,37.958355,6233.3242872,-160.577,44.409,164.909,1.0
97.1,128.144125,37.958274,6247.046078400001,-160.823,43.15,164.481,1.0
97.2,128.144137,37.958191,6260.5612152,-161.047,41.928,164.079,1.0
97.3,128.144152,37.958106,6273.864516,-161.262,40.733,163.698,1.0
97.4,128.144167,37.95802,6286.9520184,-161.476,39.56,163.334,1.0
97.5,128.144185,37.957931,6299.819150400001,-161.694,38.404,162.986,1.0
97.6,128.144204,37.957841,6312.4622544,-161.917,37.261,162.651,1.0
97.7,128.144224,37.95775,6324.8776728,-162.144,36.126,162.327,1.0
97.8,128.144247,37.957656,6337.0623576,-162.372,34.998,162.015,1.0
97.9,128.14427,37.957562,6349.012651200001,-162.599,33.874,161.713,1.0
98.0,128.144295,37.957465,6360.7258104,-162.821,32.752,161.42,1.0
98.1,128.144322,37.957367,6372.1981776,-163.037,31.632,161.137,1.0
98.2,128.14435,37.957268,6383.427314400001,-163.246,30.513,160.862,1.0
98.3,128.14438,37.957167,6394.409868000001,-163.445,29.393,160.596,1.0
98.4,128.144411,37.957064,6405.1434,-163.635,28.272,160.337,1.0
98.5,128.144444,37.956961,6415.6263864,-163.815,27.149,160.085,1.0
98.6,128.144478,37.956856,6425.8579128,-163.985,26.026,159.839,1.0
98.7,128.144513,37.956749,6435.8349312,-164.146,24.901,159.6,1.0
98.8,128.14455,37.956641,6445.5543935999995,-164.3,23.776,159.366,1.0
98.9,128.144588,37.956532,6455.0138615999995,-164.447,22.649,159.138,1.0
99.0,128.144628,37.956422,6464.210592,-164.587,21.522,158.915,1.0
99.1,128.144669,37.956311,6473.1421464000005,-164.722,20.393,158.697,1.0
99.2,128.144711,37.956198,6481.8054768,-164.854,19.263,158.483,1.0
99.3,128.144754,37.956085,6490.1984496000005,-164.981,18.131,158.273,1.0
99.4,128.144799,37.95597,6498.3183216,-165.107,16.997,158.067,1.0
99.5,128.144845,37.955854,6506.1629592,-165.23,15.86,157.864,1.0
99.6,128.144892,37.955737,6513.729924,-165.352,14.722,157.665,1.0
99.7,128.144941,37.955619,6521.0164728,-165.473,13.581,157.47,1.0
99.8,128.14499,37.9555,6528.020472,-165.593,12.438,157.278,1.0
99.9,128.145041,37.955381,6534.739483200001,-165.714,11.293,157.089,1.0
100.0,128.145093,37.95526,6541.1713728,-165.834,10.145,156.903,1.0
100.1,128.145146,37.955138,6547.313397600001,-165.955,8.994,156.72,1.0
100.2,128.1452,37.955016,6553.164033600001,-166.077,7.841,156.54,1.0
100.3,128.145255,37.954893,6558.720537600001,-166.2,6.685,156.363,1.0
100.4,128.145312,37.954769,6563.9804712,-166.325,5.526,156.189,1.0
100.5,128.145369,37.954644,6568.942005600001,-166.452,4.365,156.018,1.0
100.6,128.145428,37.954519,6573.6027023999995,-166.582,3.201,155.85,1.0
100.7,128.145487,37.954393,6577.9607328,-166.715,2.034,155.685,1.0
100.8,128.145547,37.954267,6582.0133536,-166.851,0.865,155.523,1.0
100.9,128.145609,37.95414,6585.759040800001,-166.991,-0.306,155.364,1.0
101.0,128.145671,37.954012,6589.1950512,-167.134,-1.481,155.208,1.0
101.1,128.145734,37.953884,6592.319860800001,-167.282,-2.658,155.055,1.0
101.2,128.145799,37.953755,6595.1310312000005,-167.434,-3.837,154.906,1.0
101.3,128.145864,37.953626,6597.626733600001,-167.591,-5.02,154.759,1.0
101.4,128.14593,37.953496,6599.8048344,-167.752,-6.204,154.616,1.0
101.5,128.145996,37.953366,6601.6632,-167.918,-7.391,154.476,1.0
101.6,128.146064,37.953236,6603.200001600001,-168.089,-8.581,154.339,1.0
101.7,128.146132,37.953106,6604.4137152,-168.265,-9.773,154.206,1.0
101.8,128.146201,37.952975,6605.3019024,-168.445,-10.967,154.076,1.0
101.9,128.146271,37.952844,6605.8630392,-168.63,-12.163,153.949,1.0
102.0,128.146341,37.952713,6606.094992,-168.821,-13.361,153.827,1.0
102.1,128.146412,37.952582,6605.996236800001,-169.016,-14.561,153.707,1.0
102.2,128.146484,37.95245,6605.5652496,-169.216,-15.763,153.592,1.0
102.3,128.146556,37.952319,6604.799896800001,-169.421,-16.967,153.48,1.0
102.4,128.146628,37.952188,6603.6989592,-169.631,-18.173,153.372,1.0
102.5,128.146702,37.952056,6602.2606080000005,-169.846,-19.381,153.267,1.0
102.6,128.146776,37.951925,6600.483319200001,-170.066,-20.59,153.167,1.0
102.7,128.14685,37.951794,6598.365873600001,-170.292,-21.8,153.071,1.0
102.8,128.146924,37.951663,6595.906442400001,-170.523,-23.012,152.979,1.0
102.9,128.146999,37.951532,6593.104111200001,-170.759,-24.225,152.891,1.0
103.0,128.147075,37.951401,6589.957660800001,-171.001,-25.439,152.808,1.0
103.1,128.14715,37.951271,6586.4655672,-171.248,-26.654,152.729,1.0
103.2,128.147226,37.951141,6582.626611200001,-171.501,-27.87,152.655,1.0
103.3,128.147302,37.951011,6578.4401832,-171.76,-29.088,152.585,1.0
103.4,128.147378,37.950882,6573.9050640000005,-172.025,-30.305,152.521,1.0
103.5,128.147455,37.950754,6569.0203392,-172.296,-31.524,152.462,1.0
103.6,128.147531,37.950625,6563.7850944,-172.574,-32.743,152.408,1.0
103.7,128.147608,37.950498,6558.19872,-172.858,-33.962,152.36,1.0
103.8,128.147685,37.950371,6552.260911200001,-173.148,-35.182,152.319,1.0
103.9,128.147761,37.950244,6545.9707536000005,-173.446,-36.402,152.283,1.0
104.0,128.147838,37.950119,6539.327942400001,-173.751,-37.623,152.254,1.0
104.1,128.147914,37.949994,6532.332477600001,-174.064,-38.843,152.232,1.0
104.2,128.14799,37.949869,6524.9834448,-174.384,-40.064,152.217,1.0
104.3,128.148066,37.949746,6517.2814536000005,-174.713,-41.284,152.211,1.0
104.4,128.148142,37.949624,6509.2261992,-175.052,-42.504,152.212,1.0
104.5,128.148217,37.949502,6500.8179864,-175.399,-43.724,152.223,1.0
104.6,128.148292,37.949382,6492.0568152000005,-175.757,-44.943,152.243,1.0
104.7,128.148366,37.949262,6482.9436000000005,-176.126,-46.162,152.273,1.0
104.8,128.148441,37.949144,6473.4783408,-176.506,-47.381,152.314,1.0
104.9,128.148514,37.949027,6463.662256800001,-176.899,-48.599,152.367,1.0
105.0,128.148587,37.948911,6453.4956528,-177.305,-49.816,152.434,1.0
105.1,128.148659,37.948796,6442.9785288,-177.726,-51.033,152.514,1.0
105.2,128.148731,37.948683,6432.109970400001,-178.163,-52.248,152.609,1.0
105.3,128.148802,37.94857,6420.8911968,-178.617,-53.464,152.722,1.0
105.4,128.148872,37.94846,6409.3243416000005,-179.091,-54.681,152.852,1.0
105.5,128.148941,37.948351,6397.411233600001,-179.586,-55.898,153.003,1.0
105.6,128.149009,37.948243,6385.154006400001,179.895,-57.116,153.177,1.0
105.7,128.149076,37.948137,6372.5547936,179.35,-58.333,153.376,1.0
105.8,128.149142,37.948033,6359.616033600001,178.775,-59.55,153.603,1.0
105.9,128.149207,37.94793,6346.340164800001,178.168,-60.766,153.862,1.0
106.0,128.14927,37.947829,6332.7299304,177.524,-61.98,154.157,1.0
106.1,128.149333,37.94773,6318.7886832,176.837,-63.193,154.493,1.0
106.2,128.149394,37.947633,6304.519166399999,176.103,-64.404,154.875,1.0
106.3,128.149454,37.947537,6289.9247328,175.314,-65.612,155.311,1.0
106.4,128.149512,37.947444,6275.00904,174.461,-66.817,155.809,1.0
106.5,128.149569,37.947353,6259.7757456,173.534,-68.018,156.378,1.0
106.6,128.149624,37.947263,6244.2285071999995,172.52,-69.217,157.032,1.0
106.7,128.149677,37.947176,6228.3718968,171.403,-70.414,157.788,1.0
106.8,128.149729,37.947091,6212.2098768000005,170.162,-71.608,158.664,1.0
106.9,128.149779,37.947008,6195.747324000001,168.773,-72.798,159.686,1.0
107.0,128.149827,37.946927,6178.988810400001,167.203,-73.982,160.886,1.0
107.1,128.149873,37.946849,6161.9392128,165.41,-75.158,162.306,1.0
107.2,128.149917,37.946773,6144.604017600001,163.34,-76.322,164.001,1.0
107.3,128.149959,37.9467,6126.988711200001,160.92,-77.471,166.043,1.0
107.4,128.149999,37.946629,6109.09878,158.05,-78.599,168.533,1.0
107.5,128.150037,37.94656,6090.9406248000005,154.597,-79.698,171.603,1.0
107.6,128.150072,37.946494,6072.5203416,150.374,-80.758,175.439,1.0
107.7,128.150105,37.946431,6053.844636,145.132,-81.763,180.291,1.0
107.8,128.150135,37.94637,6034.9205184,138.545,-82.687,186.484,1.0
107.9,128.150163,37.946312,6015.7543896,130.231,-83.497,194.4,1.0
108.0,128.150188,37.946257,5996.354479200001,119.865,-84.143,204.364,1.0
108.1,128.150211,37.946204,5976.7284072,107.452,-84.565,216.368,1.0
108.2,128.150231,37.946155,5956.899643199999,93.637,-84.708,229.769,1.0
108.3,128.150248,37.946108,5936.888304,79.801,-84.545,243.186,1.0
108.4,128.150262,37.946064,5916.702924,67.389,-84.101,255.173,1.0
108.5,128.150273,37.946024,5896.3526472,57.081,-83.432,265.048,1.0
108.6,128.150281,37.945986,5875.8463128,48.859,-82.599,272.833,1.0
108.7,128.150286,37.945951,5855.193369600001,42.439,-81.643,278.825,1.0
108.8,128.150288,37.945919,5834.4035711999995,37.459,-80.597,283.381,1.0
108.9,128.150287,37.94589,5813.4866712,33.608,-79.481,286.808,1.0
109.0,128.150282,37.945865,5792.453337600001,30.651,-78.306,289.33,1.0
109.1,128.150274,37.945842,5771.3136288000005,28.372,-77.084,291.142,1.0
109.2,128.150263,37.945823,5750.077908,26.584,-75.824,292.404,1.0
109.3,128.150248,37.945806,5728.757148,25.116,-74.536,293.261,1.0
109.4,128.15023,37.945793,5707.3611024,23.809,-73.231,293.85,1.0
109.5,128.150208,37.945783,5685.8998296,22.553,-71.921,294.276,1.0
109.6,128.150182,37.945775,5664.383692800001,21.286,-70.615,294.616,1.0
109.7,128.150153,37.945771,5642.822750400001,19.972,-69.323,294.93,1.0
109.8,128.15012,37.945769,5621.227060800001,18.554,-68.054,295.292,1.0
109.9,128.150083,37.94577,5599.608206400001,17.023,-66.815,295.748,1.0
110.0,128.150042,37.945773,5577.97716,15.407,-65.61,296.318,1.0
110.1,128.149997,37.94578,5556.3464184,13.836,-64.428,296.953,1.0
110.2,128.149949,37.945788,5534.729088000001,12.472,-63.254,297.561,1.0
110.3,128.149896,37.9458,5513.1388848,11.378,-62.079,298.086,1.0
110.4,128.149839,37.945814,5491.590134399999,10.51,-60.896,298.523,1.0
110.5,128.149777,37.945831,5470.0965528,9.792,-59.705,298.887,1.0
110.6,128.149712,37.945851,5448.671551200001,9.153,-58.504,299.191,1.0
110.7,128.149642,37.945874,5427.329150400001,8.537,-57.293,299.445,1.0
110.8,128.149567,37.945899,5406.0827616,7.907,-56.071,299.653,1.0
110.9,128.149489,37.945927,5384.946405600001,7.233,-54.838,299.816,1.0
111.0,128.149405,37.945958,5363.9331888,6.497,-53.595,299.935,1.0
111.1,128.149318,37.945991,5343.057741600001,5.69,-52.344,300.008,1.0
111.2,128.149225,37.946027,5322.3343896,4.805,-51.084,300.032,1.0
111.3,128.149129,37.946065,5301.7783728,3.842,-49.817,300.006,1.0
111.4,128.149027,37.946106,5281.4049312,2.799,-48.543,299.927,1.0
111.5,128.148921,37.94615,5261.2286952,1.676,-47.262,299.796,1.0
111.6,128.148811,37.946196,5241.2652096,0.47,-45.975,299.612,1.0
111.7,128.148696,37.946244,5221.5300192,-0.814,-44.684,299.374,1.0
111.8,128.148576,37.946294,5202.0380592,-2.181,-43.389,299.079,1.0
111.9,128.148451,37.946346,5182.805484,-3.637,-42.09,298.725,1.0
112.0,128.148321,37.9464,5163.847533600001,-5.19,-40.79,298.309,1.0
112.1,128.148186,37.946455,5145.179448,-6.854,-39.49,297.827,1.0
112.2,128.148047,37.946512,5126.8161624,-8.645,-38.191,297.276,1.0
112.3,128.147902,37.946571,5108.7729168,-10.581,-36.897,296.652,1.0
112.4,128.147753,37.94663,5091.063427200001,-12.683,-35.61,295.95,1.0
112.5,128.147598,37.94669,5073.7001904,-14.967,-34.334,295.165,1.0
112.6,128.147439,37.946751,5056.694484000001,-17.451,-33.073,294.291,1.0
112.7,128.147274,37.946812,5040.0554520000005,-20.147,-31.833,293.323,1.0
112.8,128.147104,37.946873,5023.7492616,-22.081,-30.588,292.342,1.0
112.9,128.14693,37.946933,5007.748176,-23.034,-29.359,291.314,1.0
113.0,128.146752,37.946993,4992.0988296000005,-23.821,-28.176,290.231,1.0
113.1,128.146568,37.947053,4976.8396272,-25.059,-27.031,289.108,1.0
113.2,128.14638,37.947111,4961.9940384,-27.112,-25.966,287.961,1.0
113.3,128.146186,37.947168,4947.568768800001,-30.117,-25.035,286.801,1.0
113.4,128.145988,37.947223,4933.5504072,-33.992,-24.226,285.605,1.0
113.5,128.145786,37.947275,4919.9075592,-38.5,-23.51,284.335,1.0
113.6,128.14558,37.947326,4906.598772,-43.358,-22.866,282.953,1.0
113.7,128.14537,37.947374,4893.5783256,-48.316,-22.289,281.431,1.0
113.8,128.145157,37.947419,4880.8005,-53.156,-21.785,279.754,1.0
113.9,128.14494,37.947461,4868.223232800001,-57.689,-21.359,277.918,1.0
114.0,128.144721,37.9475,4855.8111672,-61.737,-21.028,275.922,1.0
114.1,128.1445,37.947535,4843.5353472,-65.176,-20.816,273.782,1.0
114.2,128.144276,37.947567,4831.3713888,-67.942,-20.752,271.575,1.0
114.3,128.144051,37.947595,4819.3000896,-69.991,-20.832,269.371,1.0
114.4,128.143823,37.947619,4807.3052952,-71.312,-21.017,267.201,1.0
114.5,128.143594,37.947638,4795.384872,-72.45,-21.299,265.071,1.0
114.6,128.143364,37.947653,4783.541868,-74.032,-21.685,262.973,1.0
114.7,128.143133,37.947663,4771.742755200001,-75.194,-22.045,260.924,1.0
114.8,128.142901,37.947669,4759.9695504,-75.677,-22.298,258.949,1.0
114.9,128.142668,37.94767,4748.218291200001,-75.593,-22.415,257.063,1.0
115.0,128.142435,37.947667,4736.495988,-75.066,-22.464,255.244,1.0
115.1,128.142202,37.947658,4724.8111752,-74.327,-22.488,253.469,1.0
115.2,128.141969,37.947643,4713.1720824,-73.61,-22.486,251.727,1.0
115.3,128.141736,37.947624,4701.5851104,-73.049,-22.456,250.008,1.0
115.4,128.141503,37.947599,4690.0545264,-72.69,-22.4,248.306,1.0
115.5,128.141271,37.947568,4678.582464,-72.517,-22.323,246.615,1.0
115.6,128.14104,37.947533,4667.1695328000005,-72.481,-22.229,244.933,1.0
115.7,128.14081,37.947492,4655.8151232,-72.521,-22.125,243.258,1.0
115.8,128.140581,37.947445,4644.518016,-72.584,-22.014,241.588,1.0
115.9,128.140353,37.947394,4633.2776016,-72.636,-21.899,239.924,1.0
116.0,128.140127,37.947337,4622.093270400001,-72.658,-21.781,238.265,1.0
116.1,128.139903,37.947275,4610.9647176,-72.645,-21.66,236.612,1.0
116.2,128.139681,37.947208,4599.8919432,-72.601,-21.535,234.965,1.0
116.3,128.139461,37.947136,4588.8758616000005,-72.531,-21.405,233.324,1.0
116.4,128.139243,37.947059,4577.9170824,-72.44,-21.269,231.688,1.0
116.5,128.139028,37.946977,4567.01652,-72.335,-21.125,230.059,1.0
116.6,128.138815,37.94689,4556.1753936000005,-72.216,-20.975,228.435,1.0
116.7,128.138606,37.946798,4545.3946176,-72.088,-20.818,226.816,1.0
116.8,128.138399,37.946701,4534.675716000001,-71.952,-20.653,225.204,1.0
116.9,128.138196,37.9466,4524.0202128,-71.809,-20.481,223.596,1.0
117.0,128.137996,37.946494,4513.4299368,-71.659,-20.301,221.994,1.0
117.1,128.137799,37.946383,4502.9061072,-71.503,-20.114,220.398,1.0
117.2,128.137607,37.946268,4492.450857600001,-71.343,-19.919,218.806,1.0
117.3,128.137418,37.946149,4482.0660168,-71.177,-19.717,217.22,1.0
117.4,128.137233,37.946025,4471.7537184,-71.007,-19.508,215.639,1.0
117.5,128.137053,37.945897,4461.515486400001,-70.835,-19.292,214.064,1.0
117.6,128.136876,37.945764,4451.354064,-70.659,-19.069,212.493,1.0
117.7,128.136705,37.945628,4441.2709752,-70.483,-18.838,210.928,1.0
117.8,128.136537,37.945488,4431.2689632,-70.305,-18.601,209.367,1.0
117.9,128.136375,37.945344,4421.3501616,-70.128,-18.356,207.812,1.0
118.0,128.136217,37.945196,4411.516704,-69.951,-18.105,206.261,1.0
118.1,128.136065,37.945044,4401.7710288,-69.774,-17.848,204.716,1.0
118.2,128.135917,37.944889,4392.1155744,-69.599,-17.584,203.175,1.0
118.3,128.135775,37.944731,4382.5524744,-69.425,-17.314,201.639,1.0
118.4,128.135638,37.944569,4373.0841672,-69.253,-17.037,200.109,1.0
118.5,128.135506,37.944404,4363.713396,-69.081,-16.755,198.582,1.0
118.6,128.13538,37.944236,4354.4416848,-68.911,-16.467,197.061,1.0
118.7,128.13526,37.944066,4345.2720816,-68.742,-16.172,195.544,1.0
118.8,128.135145,37.943892,4336.2070248,-68.573,-15.872,194.032,1.0
118.9,128.135036,37.943716,4327.248648000001,-68.405,-15.567,192.525,1.0
119.0,128.134933,37.943537,4318.3993896,-68.239,-15.255,191.023,1.0
119.1,128.134836,37.943355,4309.6613832,-68.074,-14.939,189.525,1.0
119.2,128.134745,37.943172,4301.037676800001,-67.91,-14.616,188.032,1.0
119.3,128.13466,37.942986,4292.530404,-67.748,-14.289,186.543,1.0
119.4,128.134581,37.942798,4284.141698400001,-67.589,-13.956,185.06,1.0
119.5,128.134509,37.942608,4275.8739984,-67.431,-13.618,183.58,1.0
119.6,128.134442,37.942417,4267.7300472,-67.276,-13.275,182.106,1.0
119.7,128.134382,37.942224,4259.711673600001,-67.124,-12.927,180.636,1.0
119.8,128.134329,37.942029,4251.8216208,-66.975,-12.574,179.17,1.0
119.9,128.134281,37.941833,4244.0620224,-66.831,-12.217,177.709,1.0
120.0,128.134241,37.941636,4236.435012,-66.692,-11.855,176.252,1.0
120.1,128.134206,37.941438,4228.9433328000005,-66.56,-11.489,174.799,1.0
120.2,128.134179,37.941239,4221.5885088,-66.434,-11.119,173.35,1.0
120.3,128.134157,37.941039,4214.3732832,-66.315,-10.746,171.905,1.0
120.4,128.134143,37.940839,4207.29918,-66.205,-10.369,170.464,1.0
120.5,128.134134,37.940638,4200.368332800001,-66.103,-9.988,169.026,1.0
120.6,128.134133,37.940436,4193.5825704,-66.01,-9.605,167.592,1.0
120.7,128.134138,37.940235,4186.9437216,-65.926,-9.22,166.161,1.0
120.8,128.134149,37.940033,4180.4536152,-65.851,-8.832,164.734,1.0
120.9,128.134167,37.939831,4174.1137752,-65.786,-8.442,163.309,1.0
121.0,128.134191,37.93963,4167.9257256,-65.731,-8.051,161.886,1.0
121.1,128.134222,37.939429,4161.8906856,-65.685,-7.658,160.467,1.0
121.2,128.13426,37.939228,4156.0101792000005,-65.65,-7.264,159.049,1.0
121.3,128.134303,37.939028,4150.2851208,-65.624,-6.869,157.634,1.0
121.4,128.134353,37.938829,4144.7167296,-65.608,-6.474,156.221,1.0
121.5,128.13441,37.938631,4139.306224800001,-65.603,-6.079,154.809,1.0
121.6,128.134473,37.938433,4134.053911200001,-65.609,-5.683,153.399,1.0
121.7,128.134542,37.938237,4128.961008,-65.626,-5.288,151.991,1.0
121.8,128.134617,37.938042,4124.02782,-65.654,-4.894,150.583,1.0
121.9,128.134699,37.937849,4119.2549568,-65.694,-4.501,149.177,1.0
122.0,128.134786,37.937657,4114.642723200001,-65.745,-4.11,147.772,1.0
122.1,128.13488,37.937467,4110.191424,-65.807,-3.72,146.367,1.0
122.2,128.13498,37.937279,4105.900754400001,-65.88,-3.332,144.962,1.0
122.3,128.135085,37.937092,4101.7710192,-65.965,-2.946,143.558,1.0
122.4,128.135196,37.936908,4097.8019136,-66.061,-2.563,142.154,1.0
122.5,128.135313,37.936726,4093.9931328000002,-66.17,-2.184,140.75,1.0
122.6,128.135436,37.936546,4090.344372,-66.29,-1.807,139.346,1.0
122.7,128.135564,37.936369,4086.8547168000005,-66.422,-1.434,137.942,1.0
122.8,128.135698,37.936194,4083.5235576000005,-66.566,-1.065,136.536,1.0
122.9,128.135837,37.936022,4080.3502848000003,-66.722,-0.7,135.13,1.0
123.0,128.135981,37.935853,4077.3333744,-66.89,-0.34,133.724,1.0
123.1,128.136131,37.935687,4074.4719120000004,-67.071,0.014,132.316,1.0
123.2,128.136285,37.935523,4071.7646784000003,-67.263,0.364,130.906,1.0
123.3,128.136445,37.935363,4069.2101496,-67.469,0.708,129.496,1.0
123.4,128.136609,37.935206,4066.8068016,-67.687,1.047,128.084,1.0
123.5,128.136778,37.935053,4064.5531104,-67.918,1.379,126.67,1.0
123.6,128.136952,37.934902,4062.4466376,-68.162,1.704,125.254,1.0
123.7,128.13713,37.934756,4060.4858592,-68.419,2.022,123.836,1.0
123.8,128.137313,37.934613,4058.6683368000004,-68.691,2.332,122.416,1.0
123.9,128.137499,37.934473,4056.991632,-68.978,2.633,120.993,1.0
124.0,128.13769,37.934338,4055.4533064,-69.281,2.925,119.567,1.0
124.1,128.137885,37.934206,4054.0509216,-69.601,3.208,118.139,1.0
124.2,128.138083,37.934079,4052.78082,-69.937,3.48,116.708,1.0
124.3,128.138286,37.933955,4051.6405632,-70.288,3.742,115.273,1.0
124.4,128.138492,37.933836,4050.6261888000004,-70.656,3.994,113.836,1.0
124.5,128.138701,37.93372,4049.7349536,-71.039,4.234,112.395,1.0
124.6,128.138913,37.93361,4048.9628952000003,-71.44,4.462,110.951,1.0
124.7,128.139129,37.933503,4048.306356,-71.858,4.678,109.504,1.0
124.8,128.139348,37.933401,4047.7613736000003,-72.293,4.88,108.054,1.0
124.9,128.139569,37.933303,4047.3236808,-72.747,5.07,106.6,1.0
125.0,128.139793,37.93321,4046.9893152,-73.219,5.245,105.143,1.0
125.1,128.14002,37.933121,4046.7530952,-73.709,5.406,103.682,1.0
125.2,128.140249,37.933037,4046.6110584,-74.218,5.551,102.218,1.0
125.3,128.14048,37.932958,4046.5577184000003,-74.747,5.681,100.75,1.0
125.4,128.140713,37.932884,4046.5881984000002,-75.297,5.794,99.279,1.0
125.5,128.140949,37.932814,4046.6976216,-75.871,5.891,97.804,1.0
125.6,128.141186,37.932749,4046.8798920000004,-76.469,5.97,96.326,1.0
125.7,128.141424,37.932689,4047.1295232,-77.094,6.031,94.845,1.0
125.8,128.141664,37.932634,4047.440724,-77.747,6.073,93.36,1.0
125.9,128.141906,37.932584,4047.8070936000004,-78.431,6.094,91.871,1.0
126.0,128.142148,37.932539,4048.2222312,-79.147,6.094,90.379,1.0
126.1,128.142391,37.932499,4048.6794312,-79.9,6.072,88.884,1.0
126.2,128.142636,37.932463,4049.1710736000005,-80.691,6.026,87.384,1.0
126.3,128.14288,37.932433,4049.690148,-81.528,5.954,85.882,1.0
126.4,128.143126,37.932409,4050.2287296000004,-82.417,5.855,84.375,1.0
126.5,128.143371,37.932389,4050.7779792,-83.365,5.726,82.866,1.0
126.6,128.143617,37.932374,4051.3290576000004,-84.378,5.566,81.352,1.0
126.7,128.143863,37.932364,4051.8722112,-85.467,5.372,79.835,1.0
126.8,128.144108,37.93236,4052.3973816000002,-86.641,5.141,78.315,1.0
126.9,128.144353,37.932361,4052.8929864,-87.912,4.869,76.792,1.0
127.0,128.144598,37.932367,4053.3465288,-89.292,4.552,75.266,1.0
127.1,128.144841,37.932378,4053.7449024000002,-90.798,4.187,73.737,1.0
127.2,128.145084,37.932395,4054.0734768,-92.45,3.767,72.208,1.0
127.3,128.145326,37.932416,4054.3151832,-94.274,3.286,70.679,1.0
127.4,128.145567,37.932443,4054.4520384,-96.299,2.738,69.152,1.0
127.5,128.145806,37.932475,4054.4633160000003,-98.565,2.113,67.628,1.0
127.6,128.146043,37.932513,4054.3255464000003,-101.067,1.406,66.112,1.0
127.7,128.146279,37.932555,4054.0256232,-102.674,0.669,64.59,1.0
127.8,128.146513,37.932601,4053.5540976,-103.541,-0.122,63.083,1.0
127.9,128.146745,37.932652,4052.8887192000007,-104.423,-0.964,61.609,1.0
128.0,128.146975,37.932708,4052.0078472,-105.887,-1.848,60.181,1.0
128.1,128.147202,37.93277,4050.8889264,-108.263,-2.757,58.889,1.0
128.2,128.147426,37.932836,4049.5109256000005,-111.496,-3.693,57.763,1.0
128.3,128.147647,37.932906,4047.8497656,-115.437,-4.673,56.783,1.0
128.4,128.147866,37.932981,4045.8789288,-119.955,-5.729,55.908,1.0
128.5,128.148081,37.933059,4043.5709832,-124.958,-6.887,55.107,1.0
128.6,128.148294,37.933141,4040.8984968,-130.394,-8.178,54.366,1.0
128.7,128.148504,37.933226,4037.8343424,-136.23,-9.628,53.675,1.0
128.8,128.148712,37.933314,4034.3529168000005,-142.423,-11.266,53.04,1.0
128.9,128.148917,37.933403,4030.4505624000003,-148.663,-13.113,52.463,1.0
129.0,128.14912,37.933495,4026.1333752,-154.467,-15.176,51.965,1.0
129.1,128.149322,37.933587,4021.3989168000003,-159.536,-17.432,51.58,1.0
129.2,128.149522,37.93368,4016.2365192000007,-163.747,-19.834,51.332,1.0
129.3,128.14972,37.933774,4010.6266752,-167.107,-22.3,51.233,1.0
129.4,128.149917,37.933869,4004.5483536,-169.716,-24.702,51.287,1.0
129.5,128.150111,37.933963,3997.9799136,-171.712,-26.983,51.465,1.0
129.6,128.150305,37.934058,3990.903372,-173.244,-29.139,51.729,1.0
129.7,128.150496,37.934152,3983.304708,-174.454,-31.185,52.047,1.0
129.8,128.150684,37.934246,3975.1747776,-175.474,-33.141,52.401,1.0
129.9,128.150871,37.93434,3966.5099232000002,-176.403,-35.025,52.776,1.0
130.0,128.151055,37.934432,3957.3089256000003,-177.302,-36.86,53.164,1.0
130.1,128.151237,37.934524,3947.5745280000006,-178.202,-38.657,53.562,1.0
130.2,128.151417,37.934615,3937.310388,-179.121,-40.425,53.972,1.0
130.3,128.151594,37.934704,3926.5201632000003,179.882,-42.166,54.402,1.0
130.4,128.151767,37.934792,3915.1624008000003,177.673,-43.881,54.945,1.0
130.5,128.151938,37.934878,3903.24594,174.606,-45.581,55.568,1.0
130.6,128.152106,37.934963,3890.8244256000003,171.605,-47.276,56.289,1.0
130.7,128.152272,37.935045,3877.9255944,169.091,-48.949,57.137,1.0
130.8,128.152435,37.935126,3864.5573712000005,167.082,-50.582,58.112,1.0
130.9,128.152595,37.935205,3850.7224992,165.414,-52.171,59.197,1.0
131.0,128.152753,37.935281,3836.4234168000003,163.897,-53.722,60.376,1.0
131.1,128.152909,37.935354,3821.6656104,162.384,-55.241,61.636,1.0
131.2,128.153061,37.935425,3806.4563952000003,160.788,-56.732,62.98,1.0
131.3,128.153211,37.935493,3790.8058296000004,159.061,-58.196,64.418,1.0
131.4,128.153358,37.935559,3774.7245816,157.186,-59.634,65.966,1.0
131.5,128.153501,37.935621,3758.2236239999997,155.154,-61.044,67.644,1.0
131.6,128.153642,37.935681,3741.3145392,152.961,-62.42,69.471,1.0
131.7,128.15378,37.935737,3724.0089096,150.596,-63.761,71.47,1.0
131.8,128.153914,37.93579,3706.3186224,148.044,-65.061,73.665,1.0
131.9,128.154045,37.935839,3688.2555648,145.283,-66.316,76.082,1.0
132.0,128.154173,37.935886,3669.831624,142.287,-67.519,78.749,1.0
132.1,128.154298,37.935929,3651.0592968,139.026,-68.663,81.695,1.0
132.2,128.15442,37.935968,3631.9510800000003,135.469,-69.742,84.951,1.0
132.3,128.154538,37.936003,3612.5200800000002,131.585,-70.745,88.546,1.0
132.4,128.154652,37.936035,3592.7790984000003,127.35,-71.661,92.504,1.0
132.5,128.154764,37.936063,3572.7418512,122.746,-72.479,96.841,1.0
132.6,128.154871,37.936087,3552.4223592000003,117.77,-73.186,101.56,1.0
132.7,128.154975,37.936108,3531.8343384,112.44,-73.768,106.643,1.0
132.8,128.155075,37.936124,3510.9927239999997,106.799,-74.212,112.046,1.0
132.9,128.155172,37.936136,3489.9115368000002,100.918,-74.508,117.697,1.0
133.0,128.155265,37.936144,3468.6060168000004,94.893,-74.648,123.5,1.0
133.1,128.155354,37.936148,3447.0917088,88.839,-74.629,129.34,1.0
133.2,128.155439,37.936147,3425.3838528,82.874,-74.451,135.097,1.0
133.3,128.155521,37.936142,3403.4986032000006,77.108,-74.12,140.663,1.0
133.4,128.155598,37.936133,3381.4518096,71.629,-73.647,145.949,1.0
133.5,128.155672,37.93612,3359.260236,66.499,-73.043,150.893,1.0
133.6,128.155741,37.936102,3336.9403416000005,61.75,-72.322,155.462,1.0
133.7,128.155807,37.936079,3314.5091952000002,57.393,-71.498,159.645,1.0
133.8,128.155868,37.936052,3291.9835608,53.419,-70.585,163.451,1.0
133.9,128.155925,37.93602,3269.3817264,49.81,-69.593,166.899,1.0
134.0,128.155978,37.935984,3246.720456,46.538,-68.535,170.016,1.0
134.1,128.156027,37.935944,3224.0183424,43.573,-67.419,172.832,1.0
134.2,128.156072,37.935898,3201.2930640000004,40.884,-66.254,175.375,1.0
134.3,128.156112,37.935848,3178.5629088,38.444,-65.046,177.676,1.0
134.4,128.156149,37.935794,3155.8461647999998,36.224,-63.802,179.761,1.0
134.5,128.156181,37.935735,3133.1620344000003,34.201,-62.526,181.654,1.0
134.6,128.156209,37.935671,3110.5285008000005,32.353,-61.222,183.377,1.0
134.7,128.156232,37.935602,3087.9650712000002,30.659,-59.894,184.948,1.0
134.8,128.156251,37.935529,3065.4900336,29.103,-58.545,186.386,1.0
134.9,128.156266,37.935451,3043.1228952,27.67,-57.177,187.705,1.0
135.0,128.156277,37.935369,3020.8822488000005,26.347,-55.793,188.917,1.0
135.1,128.156283,37.935282,2998.7876016,25.121,-54.394,190.034,1.0
135.2,128.156285,37.935191,2976.8578512,23.984,-52.982,191.066,1.0
135.3,128.156283,37.935095,2955.1118952,22.925,-51.558,192.021,1.0
135.4,128.156277,37.934994,2933.568936,21.938,-50.123,192.908,1.0
135.5,128.156266,37.93489,2912.2478712,21.014,-48.679,193.732,1.0
135.6,128.156252,37.93478,2891.1679032,20.149,-47.227,194.5,1.0
135.7,128.156233,37.934667,2870.3470152,19.336,-45.766,195.217,1.0
135.8,128.15621,37.934549,2849.8044096000003,18.57,-44.298,195.888,1.0
135.9,128.156183,37.934427,2829.5583744,17.847,-42.824,196.516,1.0
136.0,128.156151,37.934301,2809.6271976000003,17.164,-41.344,197.105,1.0
136.1,128.156116,37.934171,2790.0288624000004,16.516,-39.858,197.658,1.0
136.2,128.156077,37.934037,2770.7810472,15.9,-38.367,198.178,1.0
136.3,128.156034,37.933899,2751.9014304,15.315,-36.872,198.668,1.0
136.4,128.155987,37.933757,2733.4070807999997,14.756,-35.372,199.13,1.0
136.5,128.155936,37.933611,2715.3150671999997,14.222,-33.869,199.566,1.0
136.6,128.155882,37.933462,2697.6415440000005,13.711,-32.361,199.978,1.0
136.7,128.155824,37.933309,2680.4026656,13.22,-30.851,200.367,1.0
136.8,128.155762,37.933153,2663.6145864,12.748,-29.337,200.735,1.0
136.9,128.155697,37.932994,2647.2922416,12.292,-27.82,201.083,1.0
137.0,128.155629,37.932831,2631.4508712,11.853,-26.301,201.412,1.0
137.1,128.155557,37.932665,2616.1041912,11.427,-24.779,201.724,1.0
137.2,128.155482,37.932496,2601.2665272,11.013,-23.256,202.019,1.0
137.3,128.155403,37.932325,2586.9509856,10.611,-21.73,202.298,1.0
137.4,128.155322,37.932151,2573.170368,10.219,-20.203,202.563,1.0
137.5,128.155238,37.931974,2559.9371712,9.836,-18.674,202.812,1.0
137.6,128.155151,37.931794,2547.262368,9.461,-17.143,203.048,1.0
137.7,128.155061,37.931613,2535.157236,9.093,-15.612,203.271,1.0
137.8,128.154969,37.931429,2523.6324432,8.732,-14.08,203.481,1.0
137.9,128.154874,37.931243,2512.6974384,8.375,-12.546,203.678,1.0
138.0,128.154777,37.931055,2502.3610608,8.023,-11.012,203.864,1.0
138.1,128.154678,37.930865,2492.6318448,7.675,-9.478,204.038,1.0
138.2,128.154576,37.930674,2483.5177152,7.329,-7.943,204.2,1.0
138.3,128.154473,37.930481,2475.0253776000004,6.985,-6.409,204.351,1.0
138.4,128.154367,37.930287,2467.1612328,6.643,-4.874,204.491,1.0
138.5,128.15426,37.930091,2459.9307672,6.302,-3.339,204.621,1.0
138.6,128.154151,37.929895,2453.3391624,5.96,-1.805,204.739,1.0
138.7,128.154041,37.929698,2447.390076,5.618,-0.271,204.847,1.0
138.8,128.15393,37.9295,2442.0871656,5.275,1.261,204.944,1.0
138.9,128.153817,37.929301,2437.4328696000002,4.929,2.794,205.03,1.0
139.0,128.153703,37.929102,2433.4293216,4.58,4.326,205.106,1.0
139.1,128.153589,37.928903,2430.0780456,4.228,5.856,205.171,1.0
139.2,128.153474,37.928703,2427.3790416,3.872,7.386,205.224,1.0
139.3,128.153358,37.928503,2425.3320048,3.51,8.914,205.267,1.0
139.4,128.153241,37.928304,2423.9366304,3.143,10.441,205.298,1.0
139.5,128.153124,37.928105,2423.19048,2.77,11.966,205.317,1.0
139.6,128.153008,37.927906,2423.0917248,2.389,13.489,205.324,1.0
139.7,128.152891,37.927708,2423.637012,2.001,15.01,205.319,1.0
139.8,128.152774,37.92751,2424.822684,1.603,16.529,205.301,1.0
139.9,128.152657,37.927314,2426.6444736,1.196,18.046,205.27,1.0
140.0,128.152541,37.927118,2429.0968944,0.778,19.561,205.224,1.0
140.1,128.152425,37.926923,2432.1747648,0.347,21.072,205.165,1.0
140.2,128.15231,37.92673,2435.8710744000005,-0.096,22.581,205.09,1.0
140.3,128.152196,37.926538,2440.1794224,-0.555,24.087,204.999,1.0
140.4,128.152083,37.926347,2445.0921888000003,-1.03,25.59,204.891,1.0
140.5,128.151971,37.926158,2450.6008392000003,-1.522,27.089,204.766,1.0
140.6,128.15186,37.925971,2456.697144,-2.033,28.585,204.621,1.0
140.7,128.151751,37.925786,2463.3713496,-2.564,30.077,204.457,1.0
140.8,128.151643,37.925602,2470.6140072000003,-3.117,31.564,204.271,1.0
140.9,128.151536,37.925421,2478.4147536,-3.694,33.048,204.062,1.0
141.0,128.151432,37.925241,2486.762616,-4.297,34.527,203.829,1.0
141.1,128.151329,37.925064,2495.6466216000003,-4.928,36.0,203.569,1.0
141.2,128.151228,37.92489,2505.055188,-5.59,37.469,203.28,1.0
141.3,128.15113,37.924717,2514.9758184,-6.286,38.932,202.962,1.0
141.4,128.151033,37.924548,2525.3963208,-7.018,40.389,202.609,1.0
141.5,128.150939,37.92438,2536.3035888,-7.79,41.839,202.221,1.0
141.6,128.150848,37.924216,2547.6845160000003,-8.606,43.283,201.793,1.0
141.7,128.150759,37.924054,2559.5253864,-9.472,44.718,201.322,1.0
141.8,128.150672,37.923895,2571.812484,-10.392,46.146,200.803,1.0
141.9,128.150589,37.92374,2584.5314832,-11.371,47.564,200.231,1.0
142.0,128.150508,37.923587,2597.6674488000003,-12.415,48.973,199.602,1.0
142.1,128.150431,37.923437,2611.2060552000003,-13.532,50.37,198.91,1.0
142.2,128.150356,37.92329,2625.1317576,-14.727,51.755,198.147,1.0
142.3,128.150285,37.923146,2639.429316,-16.009,53.127,197.306,1.0
142.4,128.150217,37.923006,2654.0834904,-17.387,54.483,196.379,1.0
142.5,128.150152,37.922868,2669.0784312,-18.872,55.822,195.356,1.0
142.6,128.150091,37.922734,2684.3982888,-20.474,57.142,194.227,1.0
142.7,128.150033,37.922604,2700.026604,-22.207,58.441,192.978,1.0
142.8,128.149979,37.922476,2715.9475272,-24.085,59.714,191.597,1.0
142.9,128.149928,37.922352,2732.1445992,-26.124,60.96,190.069,1.0
143.0,128.149882,37.922232,2748.6013608,-28.343,62.174,188.376,1.0
143.1,128.149839,37.922114,2765.3010480000003,-30.76,63.351,186.501,1.0
143.2,128.1498,37.922,2782.2272016,-33.394,64.486,184.424,1.0
143.3,128.149765,37.92189,2799.3630576000005,-36.267,65.572,182.125,1.0
143.4,128.149734,37.921783,2816.691852,-39.399,66.603,179.584,1.0
143.5,128.149707,37.921679,2834.1962112,-42.808,67.569,176.782,1.0
143.6,128.149684,37.921579,2851.8593712,-46.511,68.463,173.703,1.0
143.7,128.149665,37.921482,2869.664568,-50.518,69.275,170.339,1.0
143.8,128.149651,37.921389,2887.5944280000003,-54.832,69.993,166.684,1.0
143.9,128.149641,37.921299,2905.6324920000006,-59.443,70.606,162.747,1.0
144.0,128.149635,37.921212,2923.76352,-64.329,71.104,158.552,1.0
144.1,128.149634,37.921128,2941.9923888000003,-69.433,71.472,154.156,1.0
144.2,128.149637,37.921048,2960.3075160000003,-74.725,71.708,149.593,1.0
144.3,128.149644,37.920971,2978.6918328000006,-80.147,71.804,144.921,1.0
144.4,128.149656,37.920897,2997.1282704,-85.623,71.757,140.214,1.0
144.5,128.149673,37.920826,3015.6003696,-91.067,71.566,135.555,1.0
144.6,128.149694,37.920759,3034.0913664000004,-96.4,71.234,131.02,1.0
144.7,128.14972,37.920694,3052.5848016,-101.552,70.765,126.678,1.0
144.8,128.149751,37.920632,3071.064216,-106.469,70.169,122.579,1.0
144.9,128.149786,37.920574,3089.5131504,-111.116,69.455,118.757,1.0
145.0,128.149825,37.920518,3107.9154504000003,-115.472,68.635,115.232,1.0
145.1,128.14987,37.920465,3126.2555712000003,-119.534,67.72,112.006,1.0
145.2,128.149919,37.920415,3144.5170536,-123.311,66.72,109.071,1.0
145.3,128.149973,37.920368,3162.6849624000006,-126.822,65.644,106.412,1.0
145.4,128.150031,37.920323,3180.7437528000005,-130.08,64.502,104.012,1.0
145.5,128.150094,37.920281,3198.6790992,-133.099,63.301,101.853,1.0
145.6,128.150162,37.920241,3216.4763712000004,-135.894,62.05,99.914,1.0
145.7,128.150234,37.920204,3234.121548,-138.478,60.754,98.176,1.0
145.8,128.15031,37.92017,3251.6006088,-140.866,59.42,96.62,1.0
145.9,128.150392,37.920137,3268.9004472,-143.074,58.054,95.226,1.0
146.0,128.150477,37.920107,3286.0082616000004,-145.119,56.66,93.978,1.0
146.1,128.150567,37.920079,3302.9112504000004,-147.016,55.243,92.859,1.0
146.2,128.150662,37.920054,3319.5972216,-148.779,53.806,91.856,1.0
146.3,128.15076,37.92003,3336.0545928,-150.419,52.351,90.955,1.0
146.4,128.150863,37.920009,3352.2720864000003,-151.948,50.883,90.147,1.0
146.5,128.15097,37.919989,3368.2390344,-153.376,49.402,89.419,1.0
146.6,128.151082,37.919971,3383.9447688000005,-154.71,47.912,88.764,1.0
146.7,128.151197,37.919955,3399.3792312,-155.96,46.414,88.174,1.0
146.8,128.151316,37.919941,3414.5329728,-157.132,44.909,87.641,1.0
146.9,128.151439,37.919928,3429.3968496,-158.234,43.399,87.16,1.0
147.0,128.151566,37.919917,3443.9614128,-159.273,41.885,86.726,1.0
147.1,128.151697,37.919908,3458.2187375999997,-160.254,40.368,86.332,1.0
147.2,128.151831,37.9199,3472.1602896000004,-161.182,38.848,85.976,1.0
147.3,128.151969,37.919893,3485.7781440000003,-162.063,37.327,85.654,1.0
147.4,128.15211,37.919888,3499.0643760000003,-162.901,35.804,85.362,1.0
147.5,128.152255,37.919884,3512.0122800000004,-163.7,34.281,85.098,1.0
147.6,128.152403,37.919882,3524.6145408,-164.465,32.757,84.86,1.0
147.7,128.152554,37.91988,3536.8638432000002,-165.2,31.233,84.644,1.0
147.8,128.152708,37.91988,3548.7543960000003,-165.908,29.709,84.45,1.0
147.9,128.152866,37.919882,3560.2791888,-166.591,28.185,84.276,1.0
148.0,128.153026,37.919884,3571.4327352000005,-167.254,26.661,84.12,1.0
148.1,128.15319,37.919887,3582.2086344000004,-167.897,25.138,83.98,1.0
148.2,128.153356,37.919891,3592.6017048000003,-168.522,23.616,83.856,1.0
148.3,128.153524,37.919896,3602.6064600000004,-169.13,22.094,83.747,1.0
148.4,128.153696,37.919902,3612.2177184,-169.721,20.573,83.652,1.0
148.5,128.15387,37.919909,3621.4306032000004,-170.296,19.053,83.569,1.0
148.6,128.154046,37.919917,3630.2399328000006,-170.856,17.534,83.5,1.0
148.7,128.154225,37.919926,3638.6411352000005,-171.404,16.016,83.442,1.0
148.8,128.154406,37.919935,3646.6299432,-171.941,14.498,83.395,1.0
148.9,128.154589,37.919945,3654.20148,-172.468,12.982,83.359,1.0
149.0,128.154774,37.919955,3661.352088,-172.986,11.466,83.334,1.0
149.1,128.154961,37.919967,3668.0775000000003,-173.497,9.951,83.319,1.0
149.2,128.155149,37.919978,3674.3737536,-174.001,8.437,83.315,1.0
149.3,128.15534,37.919991,3680.237496,-174.501,6.924,83.32,1.0
149.4,128.155532,37.920004,3685.6644600000004,-174.996,5.412,83.334,1.0
149.5,128.155726,37.920017,3690.6519024000004,-175.488,3.9,83.359,1.0
149.6,128.155921,37.920031,3695.1961656000003,-175.978,2.39,83.393,1.0
149.7,128.156118,37.920045,3699.2942016,-176.466,0.881,83.436,1.0
149.8,128.156316,37.920059,3702.9429624000004,-176.954,-0.627,83.489,1.0
149.9,128.156515,37.920074,3706.1397048000003,-177.442,-2.134,83.552,1.0
150.0,128.156715,37.920089,3708.8816856,-177.93,-3.64,83.625,1.0
150.1,128.156916,37.920104,3711.1664664000004,-178.42,-5.146,83.708,1.0
150.2,128.157118,37.920119,3712.991304,-178.912,-6.649,83.801,1.0
150.3,128.157321,37.920135,3714.3543696,-179.406,-8.152,83.904,1.0
150.4,128.157524,37.92015,3715.2532248,-179.904,-9.653,84.018,1.0
150.5,128.157728,37.920166,3715.6863456,179.592,-11.153,84.143,1.0
150.6,128.157932,37.920182,3715.6512936000004,179.085,-12.651,84.279,1.0
150.7,128.158137,37.920197,3715.1471544,178.572,-14.148,84.427,1.0
150.8,128.158342,37.920213,3714.1717943999997,178.052,-15.642,84.587,1.0
150.9,128.158547,37.920229,3712.724604,177.525,-17.135,84.759,1.0
151.0,128.158752,37.920244,3710.8037544000003,176.99,-18.626,84.945,1.0
151.1,128.158957,37.920259,3708.408636,176.446,-20.114,85.144,1.0
151.2,128.159162,37.920274,3705.5386392000005,175.892,-21.6,85.358,1.0
151.3,128.159366,37.920289,3702.1928496,175.327,-23.084,85.587,1.0
151.4,128.15957,37.920304,3698.3709624000003,174.749,-24.565,85.833,1.0
151.5,128.159773,37.920318,3694.0729776000003,174.159,-26.043,86.095,1.0
151.6,128.159976,37.920332,3689.2982856,173.554,-27.518,86.374,1.0
151.7,128.160178,37.920345,3684.0478008000005,172.933,-28.99,86.673,1.0
151.8,128.160379,37.920358,3678.3218280000006,172.296,-30.458,86.992,1.0
151.9,128.160579,37.92037,3672.1203672,171.64,-31.922,87.333,1.0
152.0,128.160778,37.920382,3665.4452472000003,170.963,-33.383,87.696,1.0
152.1,128.160976,37.920394,3658.2967728000003,170.265,-34.839,88.085,1.0
152.2,128.161172,37.920404,3650.676468,169.542,-36.29,88.499,1.0
152.3,128.161367,37.920414,3642.5861616,168.793,-37.737,88.942,1.0
152.4,128.16156,37.920424,3634.0276824000002,168.016,-39.178,89.416,1.0
152.5,128.161751,37.920432,3625.0028592000003,167.208,-40.613,89.922,1.0
152.6,128.161941,37.92044,3615.5144352000007,166.367,-42.042,90.465,1.0
152.7,128.162128,37.920447,3605.5645440000003,165.488,-43.464,91.046,1.0
152.8,128.162314,37.920453,3595.1568432000004,164.569,-44.879,91.669,1.0
152.9,128.162497,37.920458,3584.2940760000006,163.606,-46.287,92.338,1.0
153.0,128.162678,37.920462,3572.9802048,162.594,-47.685,93.057,1.0
153.1,128.162857,37.920465,3561.2188872000006,161.529,-49.074,93.832,1.0
153.2,128.163032,37.920468,3549.0140856,160.405,-50.453,94.667,1.0
153.3,128.163205,37.920469,3536.3706768,159.216,-51.823,95.569,1.0
153.4,128.163376,37.920468,3523.2932328000006,157.955,-53.183,96.546,1.0
153.5,128.163543,37.920467,3509.7866304000004,156.614,-54.532,97.606,1.0
153.6,128.163707,37.920465,3495.8566608,155.183,-55.866,98.757,1.0
153.7,128.163868,37.920461,3481.5085056000003,153.653,-57.185,100.01,1.0
153.8,128.164025,37.920455,3466.7488704,152.013,-58.486,101.375,1.0
153.9,128.164179,37.920449,3451.584156,150.249,-59.766,102.865,1.0
154.0,128.164329,37.920441,3436.021068,148.348,-61.022,104.495,1.0
154.1,128.164476,37.920431,3420.0669216,146.294,-62.252,106.28,1.0
154.2,128.164618,37.920421,3403.7339088,144.066,-63.451,108.239,1.0
154.3,128.164757,37.920408,3387.0506808,141.639,-64.621,110.4,1.0
154.4,128.164891,37.920394,3370.0285152,138.998,-65.748,112.775,1.0
154.5,128.165021,37.920378,3352.6768608,136.128,-66.824,115.379,1.0
154.6,128.165146,37.920361,3335.0054712000006,133.008,-67.843,118.234,1.0
154.7,128.165266,37.920342,3317.0250144,129.618,-68.796,121.357,1.0
154.8,128.165382,37.920321,3298.7458536,125.942,-69.676,124.767,1.0
154.9,128.165493,37.920299,3280.1792664000004,121.967,-70.473,128.476,1.0
155.0,128.165599,37.920275,3261.3365304000004,117.691,-71.177,132.485,1.0
155.1,128.1657,37.920249,3242.2301423999997,113.121,-71.778,136.787,1.0
155.2,128.165796,37.920221,3222.8716848000004,108.281,-72.264,141.358,1.0
155.3,128.165887,37.920191,3203.274264,103.212,-72.626,146.157,1.0
155.4,128.165972,37.920159,3183.4506816000003,97.971,-72.857,151.126,1.0
155.5,128.166052,37.920126,3163.4146536,92.631,-72.951,156.193,1.0
155.6,128.166127,37.92009,3143.1792864000004,87.273,-72.906,161.276,1.0
155.7,128.166196,37.920052,3122.7595152,81.981,-72.721,166.291,1.0
155.8,128.166259,37.920012,3102.169056,76.831,-72.403,171.161,1.0
155.9,128.166317,37.919971,3081.4231488000005,71.888,-71.956,175.822,1.0
156.0,128.166369,37.919927,3060.5370336,67.199,-71.391,180.224,1.0
156.1,128.166415,37.919881,3039.5259504,62.795,-70.718,184.338,1.0
156.2,128.166456,37.919832,3018.4057488000003,58.691,-69.946,188.148,1.0
156.3,128.16649,37.919782,2997.1922784000003,54.888,-69.086,191.653,1.0
156.4,128.166518,37.919729,2975.902608,51.377,-68.149,194.86,1.0
156.5,128.166541,37.919675,2954.5528920000006,48.143,-67.144,197.786,1.0
156.6,128.166557,37.919617,2933.1601992,45.166,-66.079,200.448,1.0
156.7,128.166567,37.919558,2911.7419032000003,42.426,-64.96,202.867,1.0
156.8,128.166571,37.919497,2890.3156824000002,39.901,-63.796,205.063,1.0
156.9,128.166569,37.919433,2868.8989103999997,37.57,-62.591,207.058,1.0
157.0,128.166561,37.919367,2847.5098752000004,35.414,-61.349,208.87,1.0
157.1,128.166547,37.919298,2826.1665600000006,33.414,-60.076,210.517,1.0
157.2,128.166526,37.919227,2804.8872528,31.553,-58.775,212.015,1.0
157.3,128.1665,37.919154,2783.6908512,29.816,-57.449,213.378,1.0
157.4,128.166467,37.919079,2762.5956432000003,28.19,-56.1,214.62,1.0
157.5,128.166428,37.919001,2741.6208312,26.662,-54.731,215.751,1.0
157.6,128.166383,37.918921,2720.7853128,25.22,-53.343,216.782,1.0
157.7,128.166332,37.918838,2700.1076808,23.856,-51.94,217.721,1.0
157.8,128.166275,37.918753,2679.6074424,22.561,-50.521,218.578,1.0
157.9,128.166212,37.918666,2659.3034952000003,21.325,-49.089,219.358,1.0
158.0,128.166144,37.918576,2639.2150416000004,20.141,-47.644,220.068,1.0
158.1,128.166069,37.918484,2619.3609792,19.005,-46.188,220.714,1.0
158.2,128.165988,37.91839,2599.7608152,17.909,-44.721,221.299,1.0
158.3,128.165902,37.918294,2580.4331423999997,16.847,-43.244,221.829,1.0
158.4,128.165811,37.918195,2561.3971632,15.814,-41.759,222.306,1.0
158.5,128.165713,37.918093,2542.6711656,14.806,-40.265,222.734,1.0
158.6,128.165611,37.91799,2524.274352,13.817,-38.763,223.116,1.0
158.7,128.165503,37.917884,2506.2247056000006,12.843,-37.254,223.453,1.0
158.8,128.16539,37.917776,2488.5405144,11.88,-35.738,223.748,1.0
158.9,128.165272,37.917665,2471.2397616000003,10.925,-34.216,224.003,1.0
159.0,128.165149,37.917553,2454.3398208000003,9.973,-32.689,224.219,1.0
159.1,128.165022,37.917438,2437.8577608,9.022,-31.156,224.396,1.0
159.2,128.164889,37.917321,2421.81126,8.067,-29.618,224.537,1.0
159.3,128.164753,37.917201,2406.2158632,7.107,-28.076,224.641,1.0
159.4,128.164612,37.91708,2391.0880296,6.138,-26.531,224.709,1.0
159.5,128.164468,37.916956,2376.4429992,5.158,-24.982,224.742,1.0
159.6,128.164319,37.916831,2362.296012,4.163,-23.43,224.74,1.0
159.7,128.164167,37.916703,2348.6610888,3.151,-21.877,224.703,1.0
159.8,128.164012,37.916573,2335.5519456,2.119,-20.321,224.63,1.0
159.9,128.163853,37.916441,2322.9819936000004,1.065,-18.765,224.522,1.0
160.0,128.163692,37.916306,2310.9628152,-0.013,-17.209,224.378,1.0
160.1,128.163528,37.91617,2299.5062976,-1.118,-15.653,224.198,1.0
160.2,128.163361,37.916032,2288.6231088,-2.254,-14.099,223.981,1.0
160.3,128.163193,37.915892,2278.3230024,-3.422,-12.547,223.728,1.0
160.4,128.163022,37.91575,2268.6148176,-4.625,-10.998,223.437,1.0
160.5,128.16285,37.915606,2259.5061744000004,-5.864,-9.454,223.107,1.0
160.6,128.162677,37.91546,2251.0043880000003,-7.141,-7.915,222.738,1.0
160.7,128.162503,37.915312,2243.1149448,-8.459,-6.382,222.328,1.0
160.8,128.162328,37.915162,2235.8430264000003,-9.818,-4.858,221.877,1.0
160.9,128.162152,37.915011,2229.191376,-11.223,-3.342,221.382,1.0
161.0,128.161977,37.914858,2223.1630416,-12.672,-1.838,220.842,1.0
161.1,128.161802,37.914703,2217.7586328,-14.166,-0.346,220.257,1.0
161.2,128.161627,37.914546,2212.9775400000003,-15.706,1.131,219.624,1.0
161.3,128.161453,37.914387,2208.8188488,-17.292,2.593,218.942,1.0
161.4,128.161281,37.914227,2205.2785968000003,-18.922,4.037,218.211,1.0
161.5,128.16111,37.914066,2202.3528216,-20.594,5.461,217.429,1.0
161.6,128.16094,37.913902,2200.0354272,-22.308,6.862,216.594,1.0
161.7,128.160773,37.913737,2198.3194032,-24.062,8.239,215.707,1.0
161.8,128.160609,37.913571,2197.1959104000002,-25.851,9.589,214.765,1.0
161.9,128.160447,37.913403,2196.6548904,-27.671,10.91,213.77,1.0
162.0,128.160288,37.913234,2196.6853704,-29.518,12.2,212.719,1.0
162.1,128.160133,37.913063,2197.2751584000002,-31.39,13.456,211.615,1.0
162.2,128.159982,37.912891,2198.4102336,-33.279,14.677,210.455,1.0
162.3,128.159834,37.912718,2200.0759656,-35.18,15.861,209.242,1.0
162.4,128.15969,37.912544,2202.2574192,-37.089,17.004,207.976,1.0
162.5,128.159552,37.912368,2204.9384400000004,-39.001,18.107,206.658,1.0
162.6,128.159417,37.912191,2208.1016544,-40.916,19.165,205.287,1.0
162.7,128.159288,37.912014,2211.7296888,-42.83,20.179,203.865,1.0
162.8,128.159164,37.911835,2215.8036456,-44.738,21.145,202.395,1.0
162.9,128.159045,37.911656,2220.3052368000003,-46.635,22.064,200.878,1.0
163.0,128.158932,37.911476,2225.21526,-48.519,22.935,199.316,1.0
163.1,128.158824,37.911295,2230.5151224,-50.386,23.756,197.713,1.0
163.2,128.158723,37.911114,2236.1853168000002,-52.235,24.527,196.07,1.0
163.3,128.158627,37.910932,2242.2069456,-54.065,25.249,194.391,1.0
163.4,128.158537,37.91075,2248.5611112,-55.879,25.921,192.678,1.0
163.5,128.158454,37.910567,2255.228916,-57.677,26.543,190.934,1.0
163.6,128.158377,37.910384,2262.1914624,-59.459,27.115,189.162,1.0
163.7,128.158307,37.910202,2269.4298528000004,-61.224,27.637,187.363,1.0
163.8,128.158243,37.910019,2276.926104,-62.972,28.11,185.541,1.0
163.9,128.158185,37.909836,2284.6613184000003,-64.703,28.534,183.698,1.0
164.0,128.158135,37.909653,2292.6178176000003,-66.415,28.91,181.838,1.0
164.1,128.158091,37.909471,2300.7773136,-68.111,29.237,179.962,1.0
164.2,128.158054,37.909289,2309.1230424,-69.789,29.517,178.074,1.0
164.3,128.158023,37.909108,2317.6370208000003,-71.451,29.749,176.175,1.0
164.4,128.157999,37.908927,2326.30218,-73.094,29.935,174.269,1.0
164.5,128.157983,37.908747,2335.1023656,-74.72,30.074,172.357,1.0
164.6,128.157972,37.908568,2344.0205088000002,-76.327,30.168,170.442,1.0
164.7,128.157969,37.90839,2353.04076,-77.915,30.217,168.527,1.0
164.8,128.157973,37.908213,2362.1472696,-79.484,30.222,166.613,1.0
164.9,128.157983,37.908036,2371.3238832,-81.032,30.184,164.702,1.0
165.0,128.158,37.907862,2380.5559704,-82.558,30.102,162.797,1.0
165.1,128.158023,37.907688,2389.8279864,-84.063,29.978,160.9,1.0
165.2,128.158054,37.907516,2399.1256056,-85.545,29.813,159.012,1.0
165.3,128.15809,37.907345,2408.4338928,-87.003,29.608,157.135,1.0
165.4,128.158134,37.907177,2417.739132,-88.436,29.363,155.271,1.0
165.5,128.158184,37.907009,2427.0269976,-89.845,29.078,153.421,1.0
165.6,128.15824,37.906844,2436.2840784,-91.228,28.756,151.587,1.0
165.7,128.158302,37.90668,2445.497268,-92.585,28.397,149.769,1.0
165.8,128.158371,37.906519,2454.65346,-93.916,28.001,147.97,1.0
165.9,128.158446,37.906359,2463.739548,-95.218,27.57,146.189,1.0
166.0,128.158527,37.906202,2472.74334,-96.493,27.105,144.427,1.0
166.1,128.158614,37.906047,2481.6523392000004,-97.739,26.607,142.686,1.0
166.2,128.158706,37.905894,2490.4549632,-98.957,26.076,140.966,1.0
166.3,128.158805,37.905744,2499.1396296000003,-100.145,25.513,139.267,1.0
166.4,128.158909,37.905596,2507.6944512,-101.305,24.92,137.59,1.0
166.5,128.159019,37.90545,2516.1087600000005,-102.435,24.297,135.935,1.0
166.6,128.159134,37.905307,2524.3712784000004,-103.536,23.645,134.303,1.0
166.7,128.159255,37.905167,2532.4810920000004,-104.607,22.968,132.699,1.0
166.8,128.159381,37.905029,2540.4302760000005,-105.656,22.264,131.119,1.0
166.9,128.159513,37.904894,2548.2078576000004,-106.686,21.535,129.558,1.0
167.0,128.15965,37.904762,2555.8037784000003,-107.695,20.779,128.015,1.0
167.1,128.159792,37.904632,2563.20798,-108.681,19.997,126.489,1.0
167.2,128.159939,37.904505,2570.410404,-109.642,19.191,124.983,1.0
167.3,128.160091,37.904382,2577.4003824,-110.577,18.361,123.495,1.0
167.4,128.160248,37.904261,2584.1690760000006,-111.483,17.508,122.027,1.0
167.5,128.160409,37.904143,2590.7064264,-112.363,16.633,120.577,1.0
167.6,128.160575,37.904028,2597.0029848000004,-113.216,15.736,119.146,1.0
167.7,128.160745,37.903916,2603.0496072,-114.042,14.819,117.733,1.0
167.8,128.160919,37.903808,2608.8371496,-114.842,13.883,116.337,1.0
167.9,128.161098,37.903702,2614.3570776,-115.616,12.927,114.959,1.0
168.0,128.161281,37.9036,2619.600552,-116.365,11.953,113.597,1.0
168.1,128.161467,37.903502,2624.5593432,-117.089,10.962,112.251,1.0
168.2,128.161657,37.903407,2629.2249168000003,-117.789,9.954,110.92,1.0
168.3,128.161851,37.903315,2633.589348,-118.466,8.93,109.603,1.0
168.4,128.162048,37.903226,2637.6447120000003,-119.119,7.89,108.301,1.0
168.5,128.162249,37.903142,2641.3836936000002,-119.749,6.836,107.012,1.0
168.6,128.162452,37.90306,2644.7986728,-120.356,5.767,105.735,1.0
168.7,128.162659,37.902983,2647.8826392,-120.94,4.685,104.469,1.0
168.8,128.162868,37.902909,2650.6282776000003,-121.5,3.589,103.215,1.0
168.9,128.16308,37.902838,2653.0291872000003,-122.038,2.482,101.97,1.0
169.0,128.163295,37.902772,2655.0786624,-122.553,1.362,100.735,1.0
169.1,128.163512,37.902709,2656.7703024,-123.045,0.232,99.508,1.0
169.2,128.163731,37.902649,2658.0980112,-123.514,-0.909,98.289,1.0
169.3,128.163952,37.902594,2659.0559976,-123.959,-2.06,97.077,1.0
169.4,128.164175,37.902542,2659.6390800000004,-124.381,-3.22,95.87,1.0
169.5,128.164399,37.902494,2659.8411624000005,-124.778,-4.39,94.668,1.0
169.6,128.164625,37.90245,2659.6576728,-125.15,-5.567,93.47,1.0
169.7,128.164852,37.90241,2659.0837344,-125.497,-6.752,92.275,1.0
169.8,128.165081,37.902373,2658.1144704000003,-125.821,-7.944,91.082,1.0
169.9,128.16531,37.902341,2656.7453088,-126.12,-9.142,89.89,1.0
170.0,128.16554,37.902312,2654.9728968,-126.396,-10.346,88.698,1.0
170.1,128.165771,37.902287,2652.7926624000006,-126.649,-11.555,87.504,1.0
170.2,128.166002,37.902266,2650.2021672,-126.877,-12.769,86.308,1.0
170.3,128.166233,37.902248,2647.2035448,-127.076,-13.993,85.102,1.0
170.4,128.166464,37.902235,2643.7955760000004,-127.245,-15.219,83.892,1.0
170.5,128.166695,37.902225,2639.9758224,-127.383,-16.447,82.68,1.0
170.6,128.166924,37.902219,2635.7427600000005,-127.492,-17.674,81.463,1.0
170.7,128.167153,37.902217,2631.0948648,-127.573,-18.902,80.241,1.0
170.8,128.167381,37.902218,2626.031832,-127.629,-20.129,79.012,1.0
170.9,128.167608,37.902224,2620.553052,-127.658,-21.355,77.773,1.0
171.0,128.167833,37.902232,2614.6579152,-127.662,-22.58,76.524,1.0
171.1,128.168057,37.902245,2608.3470312,-127.64,-23.804,75.263,1.0
171.2,128.168279,37.902261,2601.6204000000002,-127.592,-25.026,73.988,1.0
171.3,128.168499,37.902281,2594.4786312,-127.516,-26.246,72.697,1.0
171.4,128.168718,37.902304,2586.9232488000002,-127.412,-27.463,71.39,1.0
171.5,128.168934,37.902331,2578.9548624000004,-127.28,-28.676,70.064,1.0
171.6,128.169147,37.902361,2570.5753008,-127.117,-29.886,68.717,1.0
171.7,128.169358,37.902394,2561.7863928,-126.924,-31.091,67.348,1.0
171.8,128.169566,37.902431,2552.5899672,-126.697,-32.291,65.955,1.0
171.9,128.169771,37.902471,2542.9881576000002,-126.437,-33.485,64.536,1.0
172.0,128.169973,37.902514,2532.9840120000003,-126.142,-34.672,63.089,1.0
172.1,128.170172,37.902561,2522.5802736000005,-125.811,-35.853,61.612,1.0
172.2,128.170367,37.90261,2511.7796856,-125.443,-37.025,60.102,1.0
172.3,128.170559,37.902663,2500.5859056000004,-125.036,-38.188,58.557,1.0
172.4,128.170746,37.902718,2489.0025912,-124.589,-39.341,56.975,1.0
172.5,128.17093,37.902777,2477.0334000000003,-124.1,-40.484,55.352,1.0
172.6,128.17111,37.902838,2464.6832088,-123.567,-41.615,53.686,1.0
172.7,128.171285,37.902902,2451.9556752000003,-122.99,-42.734,51.975,1.0
172.8,128.171456,37.902968,2438.8562856000003,-122.366,-43.839,50.215,1.0
172.9,128.171622,37.903037,2425.3893072,-121.693,-44.929,48.403,1.0
173.0,128.171784,37.903109,2411.5605312000002,-120.97,-46.003,46.536,1.0
173.1,128.17194,37.903182,2397.3757488,-120.193,-47.059,44.611,1.0
173.2,128.172091,37.903259,2382.8401416,-119.363,-48.097,42.624,1.0
173.3,128.172237,37.903337,2367.9598056,-118.477,-49.116,40.571,1.0
173.4,128.172378,37.903417,2352.7417512,-117.535,-50.112,38.449,1.0
173.5,128.172513,37.903499,2337.1917696,-116.533,-51.086,36.254,1.0
173.6,128.172642,37.903584,2321.3174808000003,-115.47,-52.035,33.983,1.0
173.7,128.172766,37.903669,2305.1255904,-114.344,-52.958,31.632,1.0
173.8,128.172883,37.903757,2288.6231088,-113.153,-53.853,29.197,1.0
173.9,128.172994,37.903846,2271.8182656,-111.897,-54.717,26.676,1.0
174.0,128.173099,37.903936,2254.7186808,-110.575,-55.549,24.064,1.0
174.1,128.173198,37.904028,2237.3322792,-109.187,-56.347,21.359,1.0
174.2,128.17329,37.90412,2219.6675952,-107.735,-57.108,18.56,1.0
174.3,128.173375,37.904213,2201.7325536000003,-106.22,-57.831,15.664,1.0
174.4,128.173454,37.904308,2183.5366032,-104.647,-58.514,12.67,1.0
174.5,128.173525,37.904402,2165.0879736,-103.024,-59.156,9.578,1.0
174.6,128.17359,37.904498,2146.3961136000003,-101.356,-59.753,6.388,1.0
174.7,128.173648,37.904593,2127.4698624000002,-99.654,-60.306,3.101,1.0
174.8,128.173698,37.904688,2108.3186688,-97.93,-60.813,359.721,1.0
174.9,128.173741,37.904784,2088.9519816,-96.204,-61.274,356.249,1.0
175.0,128.173777,37.904879,2069.3789448,-94.502,-61.689,352.691,1.0
175.1,128.173806,37.904973,2049.609312,-92.858,-62.061,349.048,1.0
175.2,128.173826,37.905066,2029.6519224,-91.306,-62.392,345.324,1.0
175.3,128.17384,37.905159,2009.51592,-89.886,-62.686,341.523,1.0
175.4,128.173845,37.90525,1989.2101440000001,-88.639,-62.949,337.645,1.0
175.5,128.173843,37.905339,1968.7428240000002,-87.619,-63.188,333.69,1.0
175.6,128.173833,37.905427,1948.1218848,-86.875,-63.413,329.646,1.0
175.7,128.173816,37.905511,1927.3546416,-86.485,-63.636,325.497,1.0
175.8,128.173791,37.905593,1906.4423136,-85.485,-63.798,321.24,1.0
175.9,128.17376,37.905673,1885.3867296,-83.378,-63.929,316.912,1.0
176.0,128.173722,37.905749,1864.2052632,-81.779,-64.055,312.603,1.0
176.1,128.173676,37.905821,1842.9174216000001,-82.059,-64.219,308.699,1.0
176.2,128.173622,37.905888,1821.532044,-85.011,-64.502,305.671,1.0
176.3,128.173563,37.90595,1800.04212,-89.961,-64.907,303.111,1.0
176.4,128.173499,37.906007,1778.4327144,-96.261,-65.439,300.594,1.0
176.5,128.17343,37.906059,1756.6849296,-103.52,-66.122,297.885,1.0
176.6,128.173359,37.906106,1734.781392,-111.201,-66.973,294.857,1.0
176.7,128.173287,37.906148,1712.7056424000002,-118.533,-68.032,291.441,1.0
176.8,128.173215,37.906187,1690.4436600000001,-125.169,-69.337,287.656,1.0
176.9,128.173143,37.906221,1667.9826432,-130.905,-70.901,283.506,1.0
177.0,128.173072,37.906252,1645.3116192,-135.592,-72.694,279.037,1.0
177.1,128.173004,37.90628,1622.4211392000002,-138.909,-74.687,274.145,1.0
177.2,128.172938,37.906304,1599.3026688,-140.265,-76.856,268.477,1.0
177.3,128.172875,37.906326,1575.9495024,-138.768,-79.143,261.335,1.0
177.4,128.172816,37.906345,1552.3582872,-133.552,-81.327,251.961,1.0
177.5,128.172761,37.906361,1528.5345096,-123.879,-83.196,239.37,1.0
177.6,128.172713,37.906374,1504.4894471999999,-108.857,-84.616,221.495,1.0
177.7,128.172669,37.906385,1480.2328536000002,-85.74,-85.319,197.062,1.0
177.8,128.172632,37.906394,1455.7821024000002,-59.583,-85.242,170.757,1.0
177.9,128.172602,37.906399,1431.1557864000001,-36.461,-84.523,148.036,1.0
178.0,128.172579,37.906403,1406.3383608,-19.128,-83.211,133.084,1.0
178.1,128.17256,37.906404,1381.3243392000002,-7.644,-81.55,125.887,1.0
178.2,128.172547,37.906403,1356.119208,-0.456,-79.782,124.98,1.0
178.3,128.172539,37.9064,1330.7394264000002,3.536,-78.058,128.722,1.0
178.4,128.172535,37.906394,1305.2026728,5.006,-76.414,135.907,1.0
178.5,128.172537,37.906384,1279.544304,3.817,-74.801,144.781,1.0
178.6,128.172544,37.906368,1253.8411296000002,-0.545,-73.15,153.099,1.0
178.7,128.172556,37.906344,1228.1574624,-5.672,-71.338,160.117,1.0
178.8,128.172572,37.906312,1202.5161624,-7.036,-69.472,163.386,1.0
178.9,128.172592,37.906273,1176.9595968,-4.762,-67.744,162.806,1.0
179.0,128.172615,37.906226,1151.4987384,-3.932,-65.985,162.18,1.0
179.1,128.172641,37.906172,1126.1378544,-3.615,-64.19,161.746,1.0
179.2,128.172671,37.906111,1100.9016336,-3.379,-62.389,161.373,1.0
179.3,128.172703,37.906043,1075.8178128,-3.195,-60.584,161.048,1.0
179.4,128.17274,37.905969,1050.9156528,-3.053,-58.777,160.762,1.0
179.5,128.172779,37.905887,1026.2235,-2.944,-56.966,160.508,1.0
179.6,128.172822,37.905799,1001.7706152000001,-2.861,-55.154,160.28,1.0
179.7,128.172869,37.905704,977.5856496000001,-2.8,-53.339,160.072,1.0
179.8,128.172919,37.905603,953.6975592000001,-2.757,-51.521,159.882,1.0
179.9,128.172972,37.905494,930.1353,-2.728,-49.701,159.707,1.0
180.0,128.173028,37.90538,906.9275232,-2.712,-47.879,159.543,1.0
180.1,128.173088,37.905258,884.1025752,-2.706,-46.061,159.389,1.0
180.2,128.173152,37.905131,861.6884976,-2.704,-44.26,159.245,1.0
180.3,128.173218,37.904997,839.7124176000001,-2.704,-42.475,159.109,1.0
180.4,128.173288,37.904857,818.2005480000001,-2.708,-40.703,158.979,1.0
180.5,128.173361,37.904712,797.176968,-2.715,-38.942,158.856,1.0
180.6,128.173438,37.90456,776.6657568,-2.724,-37.191,158.738,1.0
180.7,128.173517,37.904403,756.6894696,-2.737,-35.448,158.624,1.0
180.8,128.1736,37.90424,737.270052,-2.752,-33.713,158.515,1.0
180.9,128.173686,37.904073,718.4282304,-2.769,-31.984,158.409,1.0
181.0,128.173774,37.9039,700.1844264000001,-2.789,-30.262,158.305,1.0
181.1,128.173866,37.903722,682.5578424,-2.811,-28.545,158.204,1.0
181.2,128.17396,37.903539,665.5670712000001,-2.834,-26.831,158.106,1.0
181.3,128.174057,37.903352,649.2304008000001,-2.857,-25.119,158.009,1.0
181.4,128.174156,37.903161,633.5649000000001,-2.881,-23.408,157.913,1.0
181.5,128.174259,37.902965,618.5873328,-2.904,-21.7,157.819,1.0
181.6,128.174363,37.902766,604.3141584,-2.928,-19.992,157.726,1.0
181.7,128.17447,37.902563,590.7597024,-2.951,-18.286,157.635,1.0
181.8,128.174579,37.902356,577.9392048,-2.975,-16.581,157.544,1.0
181.9,128.174691,37.902146,565.8651624,-2.998,-14.878,157.453,1.0
182.0,128.174804,37.901933,554.5512912,-3.022,-13.175,157.364,1.0
182.1,128.17492,37.901717,544.0085640000001,-3.045,-11.473,157.275,1.0
182.2,128.175037,37.901498,534.2482583999999,-3.069,-9.771,157.186,1.0
182.3,128.175156,37.901278,525.2807376000001,-3.092,-8.07,157.097,1.0
182.4,128.175277,37.901054,517.1148408,-3.116,-6.369,157.009,1.0
182.5,128.175399,37.900829,509.7591024000001,-3.139,-4.668,156.92,1.0
182.6,128.175523,37.900603,503.22053280000006,-3.162,-2.967,156.832,1.0
182.7,128.175648,37.900374,497.50614240000004,-3.185,-1.265,156.743,1.0
182.8,128.175774,37.900145,492.62141760000003,-3.208,0.437,156.654,1.0
182.9,128.175901,37.899914,488.5709304,-3.232,2.14,156.565,1.0
183.0,128.176029,37.899683,485.4150312,-4.948,3.833,156.201,1.0
183.1,128.176158,37.899452,483.18054240000004,-8.596,5.56,155.824,1.0
183.2,128.176288,37.899221,481.7833392,-11.653,7.296,155.314,1.0
183.3,128.17642,37.898991,481.2042192,-14.202,9.004,154.694,1.0
183.4,128.176555,37.898762,481.49560800000006,-18.413,10.648,153.861,1.0
183.5,128.176691,37.898535,482.57703840000005,-22.52,12.3,152.981,1.0
183.6,128.17683,37.898309,484.3784064,-25.245,13.88,151.958,1.0
183.7,128.176973,37.898085,486.898188,-27.275,15.39,150.853,1.0
183.8,128.177118,37.897864,490.12937280000006,-28.966,16.856,149.703,1.0
183.9,128.177267,37.897645,494.0628168,-30.454,18.289,148.516,1.0
184.0,128.177419,37.897429,498.6881568,-31.813,19.694,147.295,1.0
184.1,128.177574,37.897217,503.99442000000005,-33.093,21.076,146.039,1.0
184.2,128.177732,37.897008,509.9694144,-34.322,22.438,144.749,1.0
184.3,128.177894,37.896803,516.600948,-35.522,23.78,143.422,1.0
184.4,128.17806,37.896602,523.8756096,-36.709,25.105,142.057,1.0
184.5,128.178228,37.896405,531.7793784,-37.894,26.412,140.65,1.0
184.6,128.1784,37.896213,540.2979288,-39.087,27.701,139.2,1.0
184.7,128.178574,37.896025,549.4157160000001,-40.298,28.971,137.704,1.0
184.8,128.178752,37.895843,559.1175000000001,-41.532,30.223,136.159,1.0
184.9,128.178932,37.895665,569.3871264,-42.797,31.453,134.561,1.0
185.0,128.179115,37.895493,580.2075264,-44.099,32.661,132.908,1.0
185.1,128.179301,37.895327,591.5619360000001,-45.442,33.847,131.196,1.0
185.2,128.17949,37.895166,603.4320672,-46.831,35.009,129.419,1.0
185.3,128.17968,37.895011,615.7999368,-48.271,36.145,127.575,1.0
185.4,128.179873,37.894862,628.6472568,-49.754,37.243,125.673,1.0
185.5,128.180068,37.89472,641.9542152,-51.27,38.296,123.72,1.0
185.6,128.180265,37.894584,655.7003904000001,-52.825,39.304,121.712,1.0
185.7,128.180464,37.894454,669.865056,-54.421,40.267,119.65,1.0
185.8,128.180664,37.894331,684.426876,-56.062,41.184,117.53,1.0
185.9,128.180865,37.894215,699.3632951999999,-57.75,42.052,115.353,1.0
186.0,128.181068,37.894106,714.6526728,-59.487,42.87,113.118,1.0
186.1,128.181272,37.894004,730.2724536000001,-61.274,43.637,110.825,1.0
186.2,128.181476,37.893908,746.2000824,-63.112,44.35,108.477,1.0
186.3,128.181682,37.89382,762.4133088000001,-64.999,45.008,106.073,1.0
186.4,128.181887,37.893739,778.8892728000001,-66.936,45.608,103.617,1.0
186.5,128.182093,37.893665,795.6057240000001,-68.919,46.148,101.113,1.0
186.6,128.182299,37.893598,812.5398024000001,-70.946,46.627,98.562,1.0
186.7,128.182505,37.893538,829.6695624,-73.015,47.042,95.971,1.0
186.8,128.182711,37.893486,846.9721440000001,-75.122,47.392,93.343,1.0
186.9,128.182916,37.893441,864.4256016,-77.263,47.675,90.686,1.0
187.0,128.183121,37.893403,882.0076848000001,-79.434,47.889,88.005,1.0
187.1,128.183324,37.893372,899.6964480000001,-81.628,48.034,85.308,1.0
187.2,128.183527,37.893348,917.4699456000001,-83.838,48.109,82.601,1.0
187.3,128.183729,37.893332,935.3062320000001,-86.057,48.114,79.892,1.0
187.4,128.183929,37.893322,953.1839712000001,-88.276,48.047,77.19,1.0
187.5,128.184128,37.89332,971.0818272,-90.486,47.911,74.501,1.0
187.6,128.184325,37.893324,988.9781592,-92.679,47.705,71.834,1.0
187.7,128.184521,37.893336,1006.8528504,-94.846,47.43,69.195,1.0
187.8,128.184715,37.893354,1024.6848696000002,-96.979,47.088,66.591,1.0
187.9,128.184906,37.893379,1042.4541000000002,-99.072,46.681,64.028,1.0
188.0,128.185096,37.893411,1060.1407296,-101.118,46.21,61.511,1.0
188.1,128.185283,37.89345,1077.7246416,-103.111,45.679,59.045,1.0
188.2,128.185467,37.893495,1095.1872432,-105.045,45.089,56.632,1.0
188.3,128.185649,37.893546,1112.5096368,-106.916,44.443,54.277,1.0
188.4,128.185829,37.893604,1129.6732296,-108.722,43.744,51.981,1.0
188.5,128.186005,37.893668,1146.660648,-110.46,42.995,49.745,1.0
188.6,128.186179,37.893739,1163.453604,-112.127,42.199,47.57,1.0
188.7,128.18635,37.893815,1180.0359432,-113.721,41.357,45.456,0.9974220357067047
188.8,128.186517,37.893897,1196.3909016,-115.242,40.474,43.403,0.9865293218788277
188.9,128.186681,37.893985,1212.5026296,-116.691,39.551,41.409,0.9566448848628742
189.0,128.186842,37.894078,1228.3552776,-118.067,38.592,39.473,0.9250677775737162
189.1,128.187,37.894178,1243.9342152,-119.372,37.6,37.593,0.9195321379933695
189.2,128.187154,37.894282,1259.2251168,-120.607,36.575,35.768,0.9195321379933695
189.3,128.187304,37.894392,1274.2136568,-121.776,35.52,33.996,0.9195321379933695
189.4,128.18745,37.894507,1288.886424,-122.883,34.437,32.275,0.9195321379933695
189.5,128.187593,37.894626,1303.2309216,-123.932,33.328,30.603,0.9195321379933695
189.6,128.187732,37.894751,1317.2340432,-124.925,32.195,28.978,0.9195321379933695
189.7,128.187867,37.89488,1330.8842064,-125.864,31.038,27.397,0.9195321379933695
189.8,128.187998,37.895014,1344.1698288000002,-126.753,29.861,25.858,0.9195321379933695
189.9,128.188124,37.895153,1357.0790232000002,-127.594,28.664,24.359,0.9195321379933695
190.0,128.188247,37.895295,1369.6017312000001,-128.39,27.448,22.898,0.9195321379933695
190.1,128.188365,37.895442,1381.7272848,-129.144,26.215,21.473,0.9195321379933695
190.2,128.188479,37.895592,1393.4456255999999,-129.858,24.966,20.082,0.9195321379933695
190.3,128.188589,37.895747,1404.747,-130.535,23.702,18.723,0.9195321379933695
190.4,128.188694,37.895905,1415.6225688,-131.179,22.424,17.394,0.9195321379933695
190.5,128.188795,37.896066,1426.0628832000002,-131.791,21.131,16.094,0.9195321379933695
190.6,128.188892,37.896231,1436.0594088,-132.375,19.826,14.82,0.9195321379933695
190.7,128.188984,37.896399,1445.6042208000001,-132.935,18.508,13.572,0.9195321379933695
190.8,128.189071,37.896569,1454.6887848,-133.471,17.178,12.347,0.9195321379933695
190.9,128.189154,37.896743,1463.3054808000002,-133.988,15.836,11.145,0.9195321379933695
191.0,128.189232,37.89692,1471.4469936000003,-134.487,14.483,9.964,0.9195321379933695
191.1,128.189305,37.897098,1479.1057032,-134.972,13.119,8.803,0.9195321379933695
191.2,128.189374,37.89728,1486.2749039999999,-135.444,11.744,7.662,0.9195321379933695
191.3,128.189438,37.897463,1492.9478904,-135.904,10.359,6.538,0.9195321379933695
191.4,128.189497,37.897648,1499.1179568,-136.355,8.962,5.43,0.9195321379933695
191.5,128.189552,37.897836,1504.7790072000003,-136.795,7.555,4.339,0.9195321379933695
191.6,128.189602,37.898025,1509.9249456,-137.227,6.138,3.263,0.9195321379933695
191.7,128.189647,37.898215,1514.5502856000003,-137.65,4.711,2.201,0.9195321379933695
191.8,128.189688,37.898407,1518.6495408,-138.062,3.274,1.152,0.9195321379933695
191.9,128.189724,37.8986,1522.2178344000001,-138.463,1.827,0.115,0.9195321379933695
192.0,128.189755,37.898794,1525.2496800000001,-138.853,0.371,359.089,0.9195321379933695
192.1,128.189781,37.898989,1527.7411152000002,-139.229,-1.094,358.073,0.9195321379933695
192.2,128.189803,37.899184,1529.687568,-139.593,-2.568,357.065,0.9195321379933695
192.3,128.189821,37.899381,1531.0853808000002,-139.941,-4.051,356.065,0.9195321379933695
192.4,128.189834,37.899577,1531.9302864,-140.274,-5.543,355.072,0.9195321379933695
192.5,128.189842,37.899774,1532.2195416,-140.591,-7.042,354.084,0.9195321379933695
192.6,128.189846,37.89997,1531.9497936000002,-140.893,-8.549,353.1,0.9195321379933695
192.7,128.189845,37.900167,1531.118604,-141.179,-10.062,352.12,0.9195321379933695
192.8,128.18984,37.900363,1529.7232296000002,-141.447,-11.581,351.142,0.9195321379933695
192.9,128.189831,37.900558,1527.7618416,-141.698,-13.107,350.165,0.9195321379933695
193.0,128.189818,37.900753,1525.2332208000003,-141.929,-14.638,349.188,0.9195321379933695
193.1,128.1898,37.900948,1522.1358432000002,-142.138,-16.174,348.209,0.9195321379933695
193.2,128.189778,37.901141,1518.469404,-142.325,-17.713,347.227,0.9195321379933695
193.3,128.189753,37.901333,1514.232684,-142.488,-19.257,346.24,0.9195321379933695
193.4,128.189723,37.901523,1509.4265976000002,-142.624,-20.803,345.247,0.9195321379933695
193.5,128.189689,37.901712,1504.0514496,-142.733,-22.352,344.247,0.9195321379933695
193.6,128.189652,37.9019,1498.1075448000001,-142.813,-23.903,343.237,0.9195321379933695
193.7,128.18961,37.902085,1491.596712,-142.864,-25.455,342.215,0.9195321379933695
193.8,128.189565,37.902269,1484.5201704,-142.882,-27.007,341.179,0.9195321379933695
193.9,128.189517,37.90245,1476.8806632,-142.868,-28.558,340.128,0.9195321379933695
194.0,128.189465,37.902629,1468.6806288000002,-142.817,-30.109,339.059,0.9195321379933695
194.1,128.18941,37.902806,1459.9225056,-142.729,-31.658,337.969,0.9195321379933695
194.2,128.189351,37.90298,1450.6105608,-142.601,-33.205,336.856,0.9195321379933695
194.3,128.189289,37.903151,1440.7481472,-142.432,-34.748,335.716,0.9195321379933695
194.4,128.189225,37.903319,1430.3398368000003,-142.218,-36.287,334.547,0.9195321379933695
194.5,128.189157,37.903484,1419.3902016000002,-141.956,-37.822,333.344,0.9195321379933695
194.6,128.189086,37.903646,1407.9050328,-141.643,-39.35,332.105,0.9195321379933695
194.7,128.189013,37.903804,1395.8898168,-141.273,-40.871,330.825,0.9195321379933695
194.8,128.188937,37.903959,1383.3509544,-140.843,-42.385,329.499,0.9195321379933695
194.9,128.188858,37.90411,1370.2948464,-140.348,-43.888,328.122,0.9195321379933695
195.0,128.188777,37.904257,1356.7291128000002,-139.783,-45.381,326.688,0.9195321379933695
195.1,128.188694,37.9044,1342.6610687999998,-139.14,-46.862,325.191,0.9195321379933695
195.2,128.188608,37.904539,1328.0992488,-138.415,-48.328,323.624,0.9195321379933695
195.3,128.188521,37.904674,1313.0518823999998,-137.599,-49.778,321.98,0.9195321379933695
195.4,128.188431,37.904804,1297.5284184000002,-136.685,-51.211,320.249,0.9195321379933695
195.5,128.18834,37.904929,1281.5386104000002,-135.664,-52.623,318.424,0.9195321379933695
195.6,128.188247,37.90505,1265.0925168,-134.527,-54.012,316.492,0.9195321379933695
195.7,128.188153,37.905166,1248.2008056,-133.262,-55.374,314.443,0.9195321379933695
195.8,128.188057,37.905277,1230.8747544,-131.857,-56.707,312.264,0.9195321379933695
195.9,128.18796,37.905383,1213.1259456,-130.3,-58.007,309.942,0.9195321379933695
196.0,128.187861,37.905484,1194.9665712,-128.576,-59.268,307.463,0.9195321379933695
196.1,128.187762,37.905579,1176.4097376,-126.67,-60.486,304.811,0.9195321379933695
196.2,128.187662,37.905669,1157.4682464,-124.568,-61.655,301.971,0.9195321379933695
196.3,128.187561,37.905753,1138.1558136,-122.253,-62.769,298.926,0.9195321379933695
196.4,128.18746,37.905831,1118.4873744000001,-119.711,-63.82,295.662,0.9195321379933695
196.5,128.187358,37.905904,1098.4769496000001,-116.93,-64.801,292.167,0.9195321379933695
196.6,128.187256,37.90597,1078.1403888,-113.901,-65.702,288.431,0.9195321379933695
196.7,128.187154,37.906031,1057.4932368,-110.62,-66.514,284.449,0.9195321379933695
196.8,128.187052,37.906086,1036.54098,-105.954,-67.06,280.101,0.9195321379933695
196.9,128.18695,37.906137,1015.2982488,-97.318,-67.253,275.442,0.9195321379933695
197.0,128.186847,37.906184,993.7900368,-85.906,-67.122,270.871,0.9195321379933695
197.1,128.186742,37.906227,972.0388992,-73.225,-66.572,266.757,0.9195321379933695
197.2,128.186637,37.906266,950.0756208,-60.405,-65.602,263.346,0.9195321379933695
197.3,128.186529,37.906301,927.9355584,-48.171,-64.257,260.799,0.9195321379933695
197.4,128.186418,37.906332,905.653764,-36.807,-62.61,259.188,0.9195321379933695
197.5,128.186304,37.906359,883.2622416,-26.296,-60.712,258.607,0.9195321379933695
197.6,128.186185,37.906383,860.835972,-17.455,-58.637,259.123,0.9195321379933695
197.7,128.18606,37.906403,838.5041904000001,-11.416,-56.513,260.338,0.9195321379933695
197.8,128.185928,37.90642,816.3458400000001,-7.846,-54.353,261.828,0.9195321379933695
197.9,128.185788,37.906434,794.4038976,-5.799,-52.202,263.275,0.9195321379933695
198.0,128.185641,37.906447,772.6686096,-3.282,-50.081,264.699,0.9195321379933695
198.1,128.185487,37.906457,751.2045936,-0.79,-48.042,265.768,0.9195321379933695
198.2,128.185325,37.906467,730.0877448,0.808,-46.062,266.391,0.9195321379933695
198.3,128.185155,37.906476,709.3317792000001,1.323,-44.097,267.024,0.9195321379933695
198.4,128.184977,37.906484,688.9531559999999,1.525,-42.16,267.612,0.9195321379933695
198.5,128.184792,37.906491,668.98266,1.627,-40.255,268.139,0.9195321379933695
198.6,128.1846,37.906498,649.4504664,1.687,-38.375,268.61,0.9195321379933695
198.7,128.1844,37.906505,630.3864456000001,1.732,-36.515,269.032,0.9195321379933695
198.8,128.184193,37.906512,611.8192488,1.776,-34.668,269.412,0.9195321379933695
198.9,128.183979,37.906518,593.7760032000001,1.824,-32.832,269.754,0.9195321379933695
199.0,128.183758,37.906524,576.282312,1.903,-31.0,270.05,0.9195321379933695
199.1,128.18353,37.906531,559.364388,2.008,-29.17,270.296,0.9195321379933695
199.2,128.183296,37.906537,543.0457008,2.121,-27.343,270.502,0.9195321379933695
199.3,128.183056,37.906544,527.3494152,2.238,-25.517,270.676,0.9195321379933695
199.4,128.182809,37.906551,512.297172,2.349,-23.691,270.828,0.9195321379933695
199.5,128.182557,37.906558,497.91000240000005,2.442,-21.866,270.973,0.9195321379933695
199.6,128.182299,37.906565,484.2074136,2.529,-20.041,271.112,0.9195321379933695
199.7,128.182036,37.906572,471.2089128,2.612,-18.216,271.246,0.9195321379933695
199.8,128.181768,37.90658,458.93248320000004,2.689,-16.391,271.376,0.9195321379933695
199.9,128.181495,37.906588,447.39580320000005,2.761,-14.566,271.501,0.9195321379933695
