Time,Longitude,Latitude,Altitude,Roll (deg),Pitch (deg),Yaw (deg),Health
0.0,128.181881,37.968239,7002.7287936,0.0,-0.077,180.0,1.0
0.1,128.181881,37.967969,7002.577917600001,0.0,-0.171,180.0,1.0
0.2,128.181881,37.967699,7002.395342400001,0.0,-0.204,180.0,1.0
0.3,128.181881,37.967429,7002.182592000001,0.0,-0.202,180.0,1.0
0.4,128.181881,37.967159,7001.9424096,0.001,-0.196,180.0,1.0
0.5,128.181881,37.966889,7001.6772336,0.002,-0.194,180.0,1.0
0.6,128.181881,37.966619,7001.3891976,0.003,-0.193,180.0,1.0
0.7,128.181881,37.966349,7001.0804352000005,0.004,-0.192,180.001,1.0
0.8,128.181881,37.966078,7000.7527752,0.006,-0.19,180.001,1.0
0.9,128.181881,37.965807,7000.408046400001,0.008,-0.186,180.0,1.0
1.0,128.181881,37.965537,7000.0477728000005,0.009,-0.182,180.001,1.0
1.1,128.181881,37.965266,6999.673783200001,0.011,-0.176,180.001,1.0
1.2,128.181881,37.964995,6999.287296800001,0.013,-0.17,180.002,1.0
1.3,128.18188,37.964724,6998.889532800001,0.016,-0.163,180.003,1.0
1.4,128.18188,37.964453,6998.482015200001,0.02,-0.155,180.005,1.0
1.5,128.18188,37.964181,6998.065963200001,0.024,-0.146,180.007,1.0
1.6,128.18188,37.96391,6997.642596000001,0.03,-0.137,180.01,1.0
1.7,128.18188,37.963638,6997.212828000001,0.039,-0.128,180.013,1.0
1.8,128.18188,37.963366,6996.7775736,0.051,-0.119,180.016,1.0
1.9,128.18188,37.963095,6996.337747200001,0.069,-0.109,180.021,1.0
2.0,128.18188,37.962822,6995.8939584,0.092,-0.101,180.026,1.0
2.1,128.18188,37.96255,6995.4471216,0.121,-0.099,180.031,1.0
2.2,128.18188,37.962278,6994.997236800001,0.153,-0.1,180.036,1.0
2.3,128.18188,37.962005,6994.544913600001,0.188,-0.101,180.042,1.0
2.4,128.18188,37.961733,6994.089847200001,0.225,-0.101,180.047,1.0
2.5,128.18188,37.96146,6993.632647200001,0.268,-0.101,180.053,1.0
2.6,128.18188,37.961187,6993.1733136,0.319,-0.099,180.06,1.0
2.7,128.181879,37.960914,6992.712456000001,0.376,-0.098,180.067,1.0
2.8,128.181879,37.96064,6992.250074400001,0.432,-0.097,180.074,1.0
2.9,128.181879,37.960367,6991.7864736,0.488,-0.1,180.08,1.0
3.0,128.181879,37.960093,6991.3213488,0.546,-0.108,180.086,1.0
3.1,128.181879,37.95982,6990.854700000001,0.609,-0.121,180.093,1.0
3.2,128.181879,37.959546,6990.3856128,0.678,-0.138,180.099,1.0
3.3,128.181878,37.959271,6989.9134776,0.756,-0.159,180.105,1.0
3.4,128.181878,37.958997,6989.4376848,0.844,-0.183,180.112,1.0
3.5,128.181878,37.958722,6988.957015200001,0.949,-0.211,180.119,1.0
3.6,128.181877,37.958448,6988.470554400001,1.076,-0.243,180.126,1.0
3.7,128.181877,37.958173,6987.977388000001,1.216,-0.277,180.134,1.0
3.8,128.181877,37.957898,6987.476906400001,1.355,-0.311,180.14,1.0
3.9,128.181876,37.957622,6986.9678904,1.513,-0.349,180.148,1.0
4.0,128.181876,37.957347,6986.4491208,1.681,-0.388,180.155,1.0
4.1,128.181875,37.957071,6985.919683200001,1.866,-0.43,180.162,1.0
4.2,128.181875,37.956795,6985.3783584,2.079,-0.475,180.17,1.0
4.3,128.181874,37.956519,6984.8233176,2.322,-0.524,180.178,1.0
4.4,128.181874,37.956242,6984.252732000001,2.616,-0.578,180.187,1.0
4.5,128.181873,37.955965,6983.66904,2.876,-0.638,180.193,1.0
4.6,128.181872,37.955689,6983.0698032,3.073,-0.707,180.201,1.0
4.7,128.181872,37.955411,6982.44984,3.33,-0.788,180.213,1.0
4.8,128.181871,37.955134,6981.806712,3.662,-0.876,180.227,1.0
4.9,128.18187,37.954856,6981.1373712,4.073,-0.97,180.24,1.0
5.0,128.181869,37.954578,6980.439074400001,4.575,-1.072,180.254,1.0
5.1,128.181868,37.9543,6979.7087736,5.167,-1.181,180.267,1.0
5.2,128.181867,37.954022,6978.9428112000005,5.866,-1.297,180.281,1.0
5.3,128.181865,37.953743,6978.140882400001,6.608,-1.418,180.29,1.0
5.4,128.181864,37.953464,6977.314569600001,6.885,-1.529,180.291,1.0
5.5,128.181863,37.953185,6976.4562528,6.889,-1.63,180.31,1.0
5.6,128.181861,37.952906,6975.5616648000005,6.799,-1.722,180.339,1.0
5.7,128.18186,37.952626,6974.628976800001,6.658,-1.808,180.368,1.0
5.8,128.181858,37.952346,6973.6584936,6.455,-1.889,180.398,1.0
5.9,128.181856,37.952066,6972.650824800001,6.16,-1.967,180.426,1.0
6.0,128.181854,37.951786,6971.6071896,5.734,-2.041,180.454,1.0
6.1,128.181852,37.951505,6970.5294168,5.121,-2.112,180.482,1.0
6.2,128.18185,37.951225,6969.41964,4.266,-2.179,180.509,1.0
6.3,128.181848,37.950943,6968.2769448,3.22,-2.243,180.54,1.0
6.4,128.181846,37.950662,6967.0991976000005,2.07,-2.306,180.573,1.0
6.5,128.181843,37.950381,6965.8860936,0.866,-2.367,180.608,1.0
6.6,128.181841,37.950099,6964.6364136,-0.358,-2.427,180.644,1.0
6.7,128.181839,37.949817,6963.3504624,-1.592,-2.486,180.68,1.0
6.8,128.181836,37.949535,6962.009037600001,-1.384,-2.547,180.773,1.0
6.9,128.181834,37.949252,6960.5764776000005,0.938,-2.628,180.848,1.0
7.0,128.181831,37.94897,6959.0600976000005,3.766,-2.732,180.876,1.0
7.1,128.181829,37.948686,6957.4839768,6.394,-2.849,180.919,1.0
7.2,128.181826,37.948403,6955.830436800001,9.724,-2.981,180.988,1.0
7.3,128.181823,37.948119,6954.0885048,14.102,-3.132,181.055,1.0
7.4,128.18182,37.947835,6952.244769600001,19.803,-3.308,181.111,1.0
7.5,128.181818,37.94755,6950.285515200001,27.163,-3.516,181.147,1.0
7.6,128.181815,37.947265,6948.2031216000005,36.367,-3.754,181.145,1.0
7.7,128.181812,37.94698,6946.001856000001,47.125,-4.007,181.086,1.0
7.8,128.18181,37.946694,6943.686900000001,59.142,-4.254,180.971,1.0
7.9,128.181808,37.946408,6941.262216,72.199,-4.478,180.806,1.0
8.0,128.181806,37.946121,6938.7335952,86.118,-4.643,180.739,1.0
8.1,128.181804,37.945834,6936.1077432,100.658,-4.805,181.419,1.0
8.2,128.1818,37.945547,6933.3672864,114.214,-5.273,182.819,1.0
8.3,128.181794,37.945259,6930.435110400001,124.261,-6.435,184.934,1.0
8.4,128.181785,37.944972,6927.208497600001,130.383,-7.871,186.774,1.0
8.5,128.181771,37.944686,6923.6270976000005,134.471,-9.243,188.021,1.0
8.6,128.181754,37.9444,6919.644276,137.336,-10.485,188.934,1.0
8.7,128.181733,37.944115,6915.228028800001,138.866,-11.638,189.659,1.0
8.8,128.181708,37.943831,6910.3689072,139.76,-12.719,190.288,1.0
8.9,128.181679,37.943548,6905.0586816,140.42,-13.707,190.906,1.0
9.0,128.181647,37.943266,6899.289732,140.81,-14.624,191.529,1.0
9.1,128.181612,37.942985,6893.0590104,140.86,-15.515,192.139,1.0
9.2,128.181573,37.942705,6886.3656024,140.604,-16.386,192.749,1.0
9.3,128.18153,37.942427,6879.211641600001,140.096,-17.239,193.367,1.0
9.4,128.181484,37.94215,6871.600785600001,139.408,-18.074,193.996,1.0
9.5,128.181435,37.941874,6863.538216,138.605,-18.89,194.637,1.0
9.6,128.181382,37.941601,6855.030028800001,137.742,-19.688,195.293,1.0
9.7,128.181325,37.941328,6846.082624800001,136.861,-20.468,195.965,1.0
9.8,128.181265,37.941058,6836.7021,135.988,-21.233,196.653,1.0
9.9,128.181201,37.940789,6826.895464800001,135.143,-21.984,197.356,1.0
10.0,128.181134,37.940522,6816.668205600001,134.333,-22.721,198.075,1.0
10.1,128.181063,37.940257,6806.026723200001,133.56,-23.448,198.809,1.0
10.2,128.180989,37.939994,6794.9761992,132.822,-24.164,199.558,1.0
10.3,128.180911,37.939733,6783.522729599999,132.114,-24.871,200.32,1.0
10.4,128.180829,37.939474,6771.6705816,131.433,-25.569,201.096,1.0
10.5,128.180744,37.939217,6759.425851200001,130.772,-26.259,201.886,1.0
10.6,128.180655,37.938963,6746.792805600001,130.129,-26.942,202.688,1.0
10.7,128.180562,37.93871,6733.7769312,129.501,-27.618,203.504,1.0
10.8,128.180466,37.93846,6720.3824952,128.887,-28.287,204.332,1.0
10.9,128.180367,37.938213,6706.614374400001,128.285,-28.949,205.173,1.0
11.0,128.180264,37.937968,6692.477140800001,127.693,-29.605,206.026,1.0
11.1,128.180157,37.937725,6677.9756712,127.111,-30.255,206.892,1.0
11.2,128.180047,37.937485,6663.113928000001,126.537,-30.898,207.771,1.0
11.3,128.179933,37.937248,6647.897092800001,125.966,-31.536,208.663,1.0
11.4,128.179816,37.937014,6632.329128,125.399,-32.168,209.568,1.0
11.5,128.179695,37.936782,6616.4143008,124.831,-32.793,210.486,1.0
11.6,128.179571,37.936554,6600.157183200001,124.26,-33.413,211.418,1.0
11.7,128.179443,37.936328,6583.562042400001,123.684,-34.026,212.364,1.0
11.8,128.179312,37.936105,6566.633450400001,123.101,-34.633,213.325,1.0
11.9,128.179178,37.935886,6549.375979200001,122.507,-35.233,214.3,1.0
12.0,128.17904,37.935669,6531.793896,121.903,-35.826,215.29,1.0
12.1,128.178899,37.935456,6513.891468000001,121.285,-36.411,216.296,1.0
12.2,128.178755,37.935246,6495.6738768000005,120.654,-36.989,217.318,1.0
12.3,128.178608,37.93504,6477.1456944,120.009,-37.559,218.355,1.0
12.4,128.178457,37.934837,6458.311188000001,119.347,-38.12,219.41,1.0
12.5,128.178303,37.934637,6439.175844,118.668,-38.672,220.482,1.0
12.6,128.178146,37.934441,6419.7442344,117.972,-39.215,221.571,1.0
12.7,128.177986,37.934249,6400.0215408,117.256,-39.749,222.677,1.0
12.8,128.177823,37.93406,6380.01264,116.52,-40.272,223.802,1.0
12.9,128.177657,37.933876,6359.7230184,115.764,-40.784,224.946,1.0
13.0,128.177488,37.933695,6339.1578576,114.988,-41.286,226.108,1.0
13.1,128.177315,37.933517,6318.3229488,114.19,-41.775,227.289,1.0
13.2,128.177141,37.933344,6297.223473600001,113.371,-42.253,228.489,1.0
13.3,128.176963,37.933175,6275.8652232,112.53,-42.718,229.709,1.0
13.4,128.176782,37.93301,6254.2539888,111.667,-43.17,230.948,1.0
13.5,128.176599,37.932849,6232.3958664,110.782,-43.608,232.207,1.0
13.6,128.176413,37.932692,6210.296342400001,109.875,-44.032,233.485,1.0
13.7,128.176224,37.932539,6187.9621224,108.944,-44.441,234.783,1.0
13.8,128.176033,37.932391,6165.3993024,107.992,-44.835,236.101,1.0
13.9,128.175839,37.932247,6142.613978400001,107.017,-45.213,237.438,1.0
14.0,128.175643,37.932108,6119.6131608000005,106.019,-45.575,238.794,1.0
14.1,128.175444,37.931973,6096.403250400001,105.0,-45.92,240.169,1.0
14.2,128.175243,37.931842,6072.9909528,103.959,-46.248,241.563,1.0
14.3,128.17504,37.931716,6049.382973600001,102.898,-46.557,242.975,1.0
14.4,128.174834,37.931595,6025.586932800001,101.816,-46.848,244.404,1.0
14.5,128.174626,37.931478,6001.6092312,100.714,-47.12,245.85,1.0
14.6,128.174416,37.931367,5977.4574888,99.592,-47.373,247.313,1.0
14.7,128.174204,37.931259,5953.1393256,98.452,-47.606,248.79,1.0
14.8,128.173989,37.931157,5928.661752000001,97.294,-47.818,250.283,1.0
14.9,128.173773,37.93106,5904.0326928,96.121,-48.01,251.788,1.0
15.0,128.173555,37.930968,5879.260072800001,94.932,-48.18,253.307,1.0
15.1,128.173335,37.93088,5854.351207199999,93.73,-48.328,254.836,1.0
15.2,128.173113,37.930798,5829.3146304,92.516,-48.455,256.376,1.0
15.3,128.172889,37.93072,5804.1582672,91.291,-48.559,257.924,1.0
15.4,128.172664,37.930648,5778.890347200001,90.056,-48.641,259.48,1.0
15.5,128.172437,37.930581,5753.5194048,88.813,-48.7,261.042,1.0
15.6,128.172209,37.930519,5728.053364800001,87.564,-48.736,262.608,1.0
15.7,128.171979,37.930462,5702.5013712,86.309,-48.749,264.178,1.0
15.8,128.171747,37.930411,5676.8716536,85.052,-48.739,265.749,1.0
15.9,128.171515,37.930365,5651.173356,83.792,-48.705,267.32,1.0
16.0,128.171281,37.930324,5625.4153176,82.533,-48.648,268.89,1.0
16.1,128.171046,37.930288,5599.6060728,81.275,-48.567,270.457,1.0
16.2,128.170809,37.930258,5573.755375199999,80.019,-48.463,272.02,1.0
16.3,128.170572,37.930233,5547.8717592,78.768,-48.336,273.576,1.0
16.4,128.170334,37.930214,5521.9649784,77.523,-48.185,275.125,1.0
16.5,128.170094,37.9302,5496.0444816,76.285,-48.012,276.666,1.0
16.6,128.169854,37.930191,5470.119108,75.056,-47.815,278.196,1.0
16.7,128.169614,37.930188,5444.1986112,73.837,-47.596,279.715,1.0
16.8,128.169372,37.930191,5418.2927448,72.629,-47.354,281.221,1.0
16.9,128.16913,37.930198,5392.4112624,71.433,-47.09,282.713,1.0
17.0,128.168887,37.930212,5366.5636128,70.251,-46.805,284.191,1.0
17.1,128.168644,37.930231,5340.7598544,69.084,-46.498,285.652,1.0
17.2,128.1684,37.930255,5315.0097408,67.933,-46.17,287.097,1.0
17.3,128.168156,37.930285,5289.3230256,66.798,-45.821,288.525,1.0
17.4,128.167912,37.930321,5263.7097672,65.68,-45.452,289.934,1.0
17.5,128.167668,37.930362,5238.180024,64.581,-45.063,291.324,1.0
17.6,128.167424,37.930409,5212.743854400001,63.5,-44.654,292.695,1.0
17.7,128.167179,37.930461,5187.4116216,62.437,-44.227,294.046,1.0
17.8,128.166935,37.930519,5162.1927744,61.393,-43.781,295.376,1.0
17.9,128.166691,37.930582,5137.097676,60.369,-43.317,296.686,1.0
18.0,128.166447,37.93065,5112.1369944,59.365,-42.835,297.975,1.0
18.1,128.166204,37.930725,5087.3201784,58.381,-42.336,299.243,1.0
18.2,128.165961,37.930804,5062.657896000001,57.418,-41.821,300.489,1.0
18.3,128.165718,37.930889,5038.1599008,56.476,-41.289,301.715,1.0
18.4,128.165476,37.93098,5013.836556,55.555,-40.742,302.919,1.0
18.5,128.165234,37.931076,4989.6979200000005,54.655,-40.179,304.102,1.0
18.6,128.164994,37.931177,4965.7540512,53.776,-39.602,305.264,1.0
18.7,128.164754,37.931284,4942.0153128,52.917,-39.01,306.405,1.0
18.8,128.164515,37.931396,4918.4911536,52.078,-38.405,307.526,1.0
18.9,128.164277,37.931513,4895.192241600001,51.259,-37.786,308.626,1.0
19.0,128.16404,37.931635,4872.1280256,50.459,-37.154,309.706,1.0
19.1,128.163804,37.931763,4849.3082592,49.679,-36.51,310.766,1.0
19.2,128.163569,37.931896,4826.743305600001,48.918,-35.853,311.806,1.0
19.3,128.163336,37.932034,4804.4426136,48.175,-35.185,312.828,1.0
19.4,128.163103,37.932177,4782.415632,47.451,-34.506,313.83,1.0
19.5,128.162873,37.932325,4760.6721144,46.746,-33.816,314.814,1.0
19.6,128.162644,37.932478,4739.2215096,46.058,-33.115,315.78,1.0
19.7,128.162416,37.932636,4718.073266400001,45.389,-32.404,316.728,1.0
19.8,128.16219,37.932798,4697.2365288,44.738,-31.684,317.658,1.0
19.9,128.161966,37.932966,4676.7204408,44.105,-30.954,318.572,1.0
20.0,128.161744,37.933138,4656.533536800001,43.491,-30.215,319.47,1.0
20.1,128.161523,37.933315,4636.6855704,42.895,-29.468,320.351,1.0
20.2,128.161305,37.933497,4617.1841616,42.316,-28.713,321.217,1.0
20.3,128.161088,37.933683,4598.038759200001,41.755,-27.95,322.068,1.0
20.4,128.160874,37.933873,4579.2569832,41.212,-27.179,322.905,1.0
20.5,128.160661,37.934068,4560.847368,40.686,-26.401,323.727,1.0
20.6,128.160451,37.934267,4542.8178384,40.179,-25.617,324.536,1.0
20.7,128.160243,37.93447,4525.1757096,39.69,-24.826,325.332,1.0
20.8,128.160038,37.934677,4507.9292112,39.221,-24.029,326.116,1.0
20.9,128.159835,37.934889,4491.085048800001,38.771,-23.227,326.887,1.0
21.0,128.159635,37.935104,4474.650232800001,38.341,-22.419,327.647,1.0
21.1,128.159437,37.935323,4458.632078400001,37.929,-21.606,328.396,1.0
21.2,128.159241,37.935546,4443.0369864,37.535,-20.789,329.134,1.0
21.3,128.159049,37.935773,4427.8713576,37.158,-19.967,329.863,1.0
21.4,128.158859,37.936003,4413.1409832,36.795,-19.14,330.581,1.0
21.5,128.158672,37.936237,4398.852264,36.446,-18.31,331.291,1.0
21.6,128.158488,37.936474,4385.0106864,36.109,-17.476,331.992,1.0
21.7,128.158306,37.936715,4371.621432,35.783,-16.639,332.683,1.0
21.8,128.158128,37.936958,4358.6899872,35.468,-15.798,333.367,1.0
21.9,128.157953,37.937205,4346.2212288,35.162,-14.954,334.043,1.0
22.0,128.157781,37.937455,4334.2197288,34.867,-14.107,334.71,1.0
22.1,128.157612,37.937708,4322.6897544,34.581,-13.257,335.371,1.0
22.2,128.157446,37.937963,4311.635877600001,34.303,-12.404,336.024,1.0
22.3,128.157283,37.938221,4301.0620608,34.036,-11.549,336.67,1.0
22.4,128.157124,37.938482,4290.9716568,33.777,-10.692,337.309,1.0
22.5,128.156968,37.938745,4281.3683232,33.527,-9.833,337.942,1.0
22.6,128.156815,37.939011,4272.2548032,33.286,-8.971,338.569,1.0
22.7,128.156666,37.939278,4263.6347544,33.054,-8.108,339.19,1.0
22.8,128.15652,37.939548,4255.5103104,32.83,-7.244,339.806,1.0
22.9,128.156378,37.93982,4247.8836048,32.614,-6.378,340.416,1.0
23.0,128.156239,37.940094,4240.7573808,32.407,-5.511,341.021,1.0
23.1,128.156104,37.94037,4234.1331624,32.208,-4.642,341.621,1.0
23.2,128.155972,37.940647,4228.012473600001,32.017,-3.773,342.216,1.0
23.3,128.155844,37.940926,4222.3965336,31.835,-2.903,342.807,1.0
23.4,128.15572,37.941206,4217.2865616,31.66,-2.032,343.394,1.0
23.5,128.155599,37.941488,4212.6831672,31.494,-1.161,343.977,1.0
23.6,128.155482,37.941771,4208.5869600000005,31.335,-0.289,344.557,1.0
23.7,128.155368,37.942055,4204.9982448,31.186,0.582,345.133,1.0
23.8,128.155258,37.94234,4201.9167168,31.045,1.453,345.706,1.0
23.9,128.155152,37.942626,4199.342071200001,30.913,2.325,346.276,1.0
24.0,128.15505,37.942912,4197.2740032,30.792,3.196,346.843,1.0
24.1,128.154951,37.9432,4195.7112936,30.681,4.067,347.408,1.0
24.2,128.154856,37.943487,4194.653028000001,30.581,4.937,347.972,1.0
24.3,128.154765,37.943776,4194.0973776,30.491,5.807,348.533,1.0
24.4,128.154678,37.944064,4194.043428,30.412,6.675,349.093,1.0
24.5,128.154594,37.944353,4194.4887408,30.343,7.542,349.652,1.0
24.6,128.154514,37.944642,4195.431182400001,30.284,8.408,350.21,1.0
24.7,128.154438,37.944931,4196.868314400001,30.235,9.273,350.767,1.0
24.8,128.154366,37.94522,4198.797698400001,30.199,10.136,351.324,1.0
24.9,128.154297,37.945509,4201.2159816,30.175,10.997,351.881,1.0
25.0,128.154232,37.945797,4204.120116,30.164,11.856,352.439,1.0
25.1,128.154171,37.946085,4207.5070536,30.168,12.713,352.997,1.0
25.2,128.154114,37.946372,4211.3725272,30.185,13.567,353.557,1.0
25.3,128.15406,37.946659,4215.713184,30.216,14.419,354.117,0.9988767820265197
25.4,128.15401,37.946945,4220.524452000001,30.262,15.268,354.68,0.9945104509020349
25.5,128.153964,37.94723,4225.8023688,30.322,16.115,355.245,0.9945104509020349
25.6,128.153921,37.947514,4231.541752800001,30.399,16.961,355.814,0.9945104509020349
25.7,128.153882,37.947798,4237.738946400001,30.493,17.82,356.396,0.9945104509020349
25.8,128.153847,37.94808,4244.3899872,30.602,18.69,356.991,0.9945104509020349
25.9,128.153816,37.948361,4251.4918272,30.725,19.566,357.594,0.9945104509020349
26.0,128.153788,37.94864,4259.0411136,30.862,20.446,358.207,0.9945104509020349
26.1,128.153764,37.948919,4267.0341888,31.014,21.328,358.829,0.9945104509020349
26.2,128.153743,37.949195,4275.4680048,31.182,22.212,359.46,0.9945104509020349
26.3,128.153726,37.949471,4284.338904,31.37,23.096,0.101,0.9945104509020349
26.4,128.153713,37.949744,4293.642924,31.579,23.982,0.752,0.9945104509020349
26.5,128.153703,37.950016,4303.3761024000005,31.809,24.867,1.413,0.9945104509020349
26.6,128.153698,37.950286,4313.533562400001,32.063,25.751,2.085,0.9945104509020349
26.7,128.153695,37.950554,4324.1110368,32.342,26.634,2.77,0.9945104509020349
26.8,128.153697,37.95082,4335.103648800001,32.647,27.517,3.468,0.9945104509020349
26.9,128.153702,37.951084,4346.505607200001,32.981,28.399,4.18,0.9945104509020349
27.0,128.15371,37.951345,4358.3120352000005,33.346,29.28,4.909,0.9945104509020349
27.1,128.153723,37.951604,4370.5171416,33.75,30.159,5.655,0.9945104509020349
27.2,128.153739,37.951861,4383.1145256,34.197,31.035,6.419,0.9945104509020349
27.3,128.153758,37.952116,4396.0980912,34.693,31.909,7.204,0.9945104509020349
27.4,128.153781,37.952367,4409.4611328,35.244,32.779,8.012,0.9945104509020349
27.5,128.153808,37.952616,4423.19664,35.854,33.643,8.844,0.9945104509020349
27.6,128.153838,37.952863,4437.2976024,36.527,34.503,9.704,0.9945104509020349
27.7,128.153872,37.953106,4451.7567048,37.264,35.355,10.592,0.9945104509020349
27.8,128.15391,37.953347,4466.5654128,38.071,36.199,11.512,0.9945104509020349
27.9,128.153951,37.953585,4481.7158016,38.95,37.035,12.466,0.9945104509020349
28.0,128.153995,37.953819,4497.1993368,39.905,37.859,13.457,0.9945104509020349
28.1,128.154044,37.954051,4513.0068744,40.94,38.671,14.488,0.9945104509020349
28.2,128.154096,37.954279,4529.1292704,42.055,39.469,15.562,0.9945104509020349
28.3,128.154151,37.954504,4545.5564664,43.248,40.25,16.68,0.9945104509020349
28.4,128.154211,37.954726,4562.2793184,44.512,41.014,17.848,0.9945104509020349
28.5,128.154274,37.954944,4579.2871584,45.825,41.739,19.089,0.9945104509020349
28.6,128.154341,37.955159,4596.5696232,47.2,42.411,20.421,0.9945104509020349
28.7,128.154411,37.95537,4614.1136064,48.696,43.049,21.814,0.9945104509020349
28.8,128.154485,37.955578,4631.9063064,50.342,43.66,23.253,0.9945104509020349
28.9,128.154563,37.955782,4649.9340072,52.179,44.238,24.744,0.9945104509020349
29.0,128.154645,37.955982,4668.1820784,54.268,44.774,26.29,0.9945104509020349
29.1,128.154731,37.956179,4686.6346704,56.661,45.26,27.893,0.9945104509020349
29.2,128.154821,37.956372,4705.274104800001,59.4,45.687,29.556,0.9945104509020349
29.3,128.154914,37.956562,4724.082703200001,62.504,46.043,31.281,0.9945104509020349
29.4,128.155012,37.956747,4743.0397392,65.975,46.32,33.064,0.9945104509020349
29.5,128.155114,37.956929,4762.1238768,69.793,46.508,34.903,0.9945104509020349
29.6,128.15522,37.957108,4781.310732,73.922,46.595,36.792,0.9945104509020349
29.7,128.155331,37.957283,4800.5747016000005,78.316,46.57,38.722,0.9945104509020349
29.8,128.155446,37.957454,4819.887744000001,82.922,46.422,40.679,0.9945104509020349
29.9,128.155566,37.957622,4839.2199888000005,87.68,46.145,42.637,0.9945104509020349
30.0,128.155691,37.957786,4858.5403464,92.533,45.733,44.57,0.9945104509020349
30.1,128.155822,37.957947,4877.8155936,97.43,45.186,46.46,0.9945104509020349
30.2,128.155957,37.958105,4897.0122024,102.321,44.504,48.287,0.9945104509020349
30.3,128.156098,37.958259,4916.0957304,107.16,43.691,50.033,0.9945104509020349
30.4,128.156244,37.95841,4935.0311256,111.9,42.752,51.683,0.9945104509020349
30.5,128.156396,37.958559,4953.7839456,116.5,41.697,53.223,0.9945104509020349
30.6,128.156553,37.958704,4972.3194432,120.926,40.534,54.645,0.9945104509020349
30.7,128.156715,37.958847,4990.6043952,125.154,39.275,55.942,0.9945104509020349
30.8,128.156883,37.958988,5008.605578400001,129.167,37.93,57.113,0.9945104509020349
30.9,128.157056,37.959126,5026.292208,132.959,36.512,58.16,0.9945104509020349
31.0,128.157235,37.959262,5043.6341088,136.528,35.032,59.085,0.9945104509020349
31.1,128.157419,37.959396,5060.6026296,139.878,33.501,59.895,0.9945104509020349
31.2,128.157608,37.959529,5077.1715576,143.016,31.928,60.597,0.9945104509020349
31.3,128.157802,37.959659,5093.3146799999995,145.95,30.323,61.199,0.9945104509020349
31.4,128.158,37.959788,5109.0094416,148.693,28.695,61.71,0.9945104509020349
31.5,128.158204,37.959916,5124.232982400001,151.254,27.049,62.14,0.9945104509020349
31.6,128.158412,37.960043,5138.9651856,153.644,25.391,62.495,0.9945104509020349
31.7,128.158624,37.960168,5153.1874584,155.874,23.725,62.783,0.9945104509020349
31.8,128.15884,37.960292,5166.8818176,157.956,22.055,63.01,0.9945104509020349
31.9,128.159061,37.960416,5180.033023200001,159.901,20.382,63.185,0.9945104509020349
32.0,128.159285,37.960538,5192.6255304,161.714,18.707,63.313,0.9945104509020349
32.1,128.159513,37.96066,5204.645928000001,163.401,17.029,63.4,0.9945104509020349
32.2,128.159743,37.960781,5216.082024,164.972,15.351,63.451,0.9945104509020349
32.3,128.159978,37.960902,5226.9219312000005,166.434,13.675,63.469,0.9945104509020349
32.4,128.160215,37.961022,5237.1552864000005,167.798,12.001,63.458,0.9945104509020349
32.5,128.160454,37.961142,5246.7726408,169.073,10.331,63.42,0.9945104509020349
32.6,128.160697,37.961261,5255.764850400001,170.268,8.665,63.36,0.9945104509020349
32.7,128.160941,37.96138,5264.1246,171.391,7.003,63.278,0.9945104509020349
32.8,128.161188,37.961499,5271.8439648,172.449,5.345,63.178,0.9945104509020349
32.9,128.161436,37.961617,5278.9168488,173.45,3.693,63.06,0.9945104509020349
33.0,128.161687,37.961735,5285.336851200001,174.401,2.044,62.926,0.9945104509020349
33.1,128.161938,37.961853,5291.0990952,175.307,0.401,62.778,0.9945104509020349
33.2,128.162191,37.961971,5296.198704,176.175,-1.238,62.615,0.9945104509020349
33.3,128.162445,37.962089,5300.631715200001,177.011,-2.873,62.439,0.9945104509020349
33.4,128.1627,37.962207,5304.3944712,177.818,-4.505,62.25,0.9945104509020349
33.5,128.162956,37.962324,5307.4836192,178.602,-6.132,62.048,0.9945104509020349
33.6,128.163212,37.962441,5309.8973304,179.366,-7.756,61.833,0.9945104509020349
33.7,128.163468,37.962558,5311.6331664,-179.885,-9.376,61.606,0.9945104509020349
33.8,128.163724,37.962675,5312.6896031999995,-179.15,-10.992,61.365,0.9945104509020349
33.9,128.16398,37.962792,5313.0657264,-178.424,-12.605,61.111,0.9945104509020349
34.0,128.164236,37.962909,5312.7612312,-177.704,-14.214,60.842,0.9945104509020349
34.1,128.164491,37.963026,5311.7758128000005,-176.988,-15.82,60.559,0.9945104509020349
34.2,128.164745,37.963142,5310.1103856,-176.272,-17.421,60.261,0.9945104509020349
34.3,128.164998,37.963258,5307.7655592,-175.555,-19.02,59.946,0.9945104509020349
34.4,128.16525,37.963374,5304.7434672,-174.834,-20.615,59.614,0.9945104509020349
34.5,128.165501,37.96349,5301.045633600001,-174.107,-22.208,59.264,0.9945104509020349
34.6,128.16575,37.963606,5296.674801600001,-173.373,-23.797,58.894,0.9945104509020349
34.7,128.165998,37.963721,5291.633714400001,-172.627,-25.381,58.504,0.9945104509020349
34.8,128.166243,37.963836,5285.926029599999,-171.869,-26.962,58.091,0.9945104509020349
34.9,128.166486,37.963951,5279.5560144,-171.096,-28.538,57.654,0.9945104509020349
35.0,128.166727,37.964066,5272.527936,-170.305,-30.109,57.192,0.9945104509020349
35.1,128.166965,37.96418,5264.8463664,-169.495,-31.674,56.702,0.9945104509020349
35.2,128.1672,37.964294,5256.517401600001,-168.663,-33.233,56.183,0.9945104509020349
35.3,128.167433,37.964407,5247.5462232,-167.805,-34.785,55.632,0.9945104509020349
35.4,128.167662,37.964521,5237.9401464,-166.919,-36.329,55.047,0.9945104509020349
35.5,128.167888,37.964633,5227.705572,-166.0,-37.865,54.424,0.9945104509020349
35.6,128.16811,37.964746,5216.850424800001,-165.046,-39.392,53.762,0.9945104509020349
35.7,128.168328,37.964857,5205.382020000001,-164.052,-40.909,53.056,0.9945104509020349
35.8,128.168543,37.964969,5193.309196800001,-163.014,-42.415,52.303,0.9945104509020349
35.9,128.168754,37.965079,5180.6404896,-161.927,-43.908,51.498,0.9945104509020349
36.0,128.16896,37.96519,5167.385652000001,-160.788,-45.388,50.638,0.9945104509020349
36.1,128.169162,37.965299,5153.554742400001,-159.59,-46.852,49.717,0.9945104509020349
36.2,128.169359,37.965408,5139.157514400001,-158.328,-48.3,48.73,0.9945104509020349
36.3,128.169551,37.965517,5124.2049408,-156.995,-49.729,47.67,0.9945104509020349
36.4,128.169739,37.965625,5108.7082992000005,-155.585,-51.141,46.531,0.9945104509020349
36.5,128.169921,37.965732,5092.6794768,-154.089,-52.531,45.304,0.9945104509020349
36.6,128.170098,37.965838,5076.130360800001,-152.499,-53.897,43.983,0.9945104509020349
36.7,128.17027,37.965944,5059.073448,-150.807,-55.237,42.558,0.9945104509020349
36.8,128.170436,37.966049,5041.5218448000005,-149.001,-56.549,41.02,0.9945104509020349
36.9,128.170596,37.966153,5023.4886576,-147.071,-57.828,39.357,0.9945104509020349
37.0,128.17075,37.966257,5004.987907199999,-145.005,-59.072,37.56,0.9945104509020349
37.1,128.170899,37.96636,4986.0336144,-142.791,-60.276,35.615,0.9945104509020349
37.2,128.171041,37.966461,4966.640409600001,-140.416,-61.437,33.51,0.9945104509020349
37.3,128.171177,37.966562,4946.8226184000005,-137.869,-62.549,31.233,0.9945104509020349
37.4,128.171307,37.966662,4926.5960904,-135.137,-63.608,28.772,0.9945104509020349
37.5,128.17143,37.966762,4905.975456,-132.209,-64.607,26.115,0.9945104509020349
37.6,128.171547,37.96686,4884.9774792,-129.073,-65.541,23.253,0.9945104509020349
37.7,128.171657,37.966957,4863.6174,-125.724,-66.402,20.18,0.9945104509020349
37.8,128.17176,37.967054,4841.9119824,-122.157,-67.183,16.892,0.9945104509020349
37.9,128.171856,37.967149,4819.8773808,-118.377,-67.878,13.394,0.9945104509020349
38.0,128.171945,37.967244,4797.530968800001,-114.394,-68.478,9.695,0.9945104509020349
38.1,128.172027,37.967338,4774.8895104,-110.227,-68.978,5.814,0.9945104509020349
38.2,128.172102,37.96743,4751.9703792,-105.904,-69.37,1.779,0.9945104509020349
38.3,128.17217,37.967522,4728.790644000001,-101.461,-69.651,357.625,0.9945104509020349
38.4,128.172231,37.967613,4705.368288,-96.94,-69.818,353.395,0.9945104509020349
38.5,128.172284,37.967702,4681.7206848000005,-92.389,-69.868,349.137,0.9945104509020349
38.6,128.172329,37.967791,4657.8661224,-87.858,-69.802,344.902,0.9945104509020349
38.7,128.172368,37.967879,4633.8225840000005,-83.396,-69.623,340.736,0.9945104509020349
38.8,128.172398,37.967965,4609.607748,-79.047,-69.335,336.685,0.9945104509020349
38.9,128.172422,37.968051,4585.2402072,-74.847,-68.944,332.782,0.9945104509020349
39.0,128.172437,37.968135,4560.7385544,-70.822,-68.457,329.056,0.9945104509020349
39.1,128.172445,37.968219,4536.121382400001,-66.992,-67.88,325.526,0.9945104509020349
39.2,128.172446,37.968301,4511.407284,-63.37,-67.221,322.205,0.9945104509020349
39.3,128.172438,37.968383,4486.6145472,-59.958,-66.489,319.098,0.9945104509020349
39.4,128.172424,37.968463,4461.7620696,-56.756,-65.69,316.204,0.9945104509020349
39.5,128.172401,37.968543,4436.868444000001,-53.758,-64.832,313.518,0.9945104509020349
39.6,128.172371,37.968621,4411.9522632,-50.955,-63.922,311.03,0.9945104509020349
39.7,128.172333,37.968698,4387.032424800001,-48.337,-62.965,308.73,0.9945104509020349
39.8,128.172288,37.968775,4362.1275216,-45.896,-61.967,306.606,0.9945104509020349
39.9,128.172235,37.96885,4337.2558416,-43.619,-60.933,304.644,0.9945104509020349
40.0,128.172174,37.968924,4312.4359776,-41.496,-59.867,302.833,0.9945104509020349
40.1,128.172106,37.968998,4287.6865224,-39.514,-58.773,301.161,0.9945104509020349
40.2,128.17203,37.96907,4263.0254592,-37.662,-57.655,299.615,0.9945104509020349
40.3,128.171947,37.969142,4238.4713808,-35.928,-56.515,298.185,0.9945104509020349
40.4,128.171856,37.969212,4214.041356,-34.298,-55.356,296.862,0.9945104509020349
40.5,128.171758,37.969282,4189.7536728000005,-32.76,-54.18,295.637,0.9945104509020349
40.6,128.171653,37.96935,4165.625704800001,-31.302,-52.988,294.501,0.9945104509020349
40.7,128.171541,37.969418,4141.6748256,-29.916,-51.784,293.45,0.9945104509020349
40.8,128.171421,37.969484,4117.9187136,-28.594,-50.567,292.475,0.9945104509020349
40.9,128.171294,37.96955,4094.3738280000002,-27.326,-49.339,291.571,0.9945104509020349
41.0,128.17116,37.969615,4071.0578472,-26.107,-48.102,290.735,0.9945104509020349
41.1,128.171019,37.969679,4047.9866208000003,-24.928,-46.855,289.96,0.9945104509020349
41.2,128.170872,37.969742,4025.1775224000003,-23.784,-45.599,289.245,0.9945104509020349
41.3,128.170717,37.969805,4002.6467064000003,-22.67,-44.336,288.584,0.9945104509020349
41.4,128.170556,37.969866,3980.4103272,-21.584,-43.066,287.974,0.9945104509020349
41.5,128.170389,37.969927,3958.4848440000005,-20.523,-41.79,287.414,0.9945104509020349
41.6,128.170215,37.969988,3936.8861064000002,-19.485,-40.507,286.9,0.9945104509020349
41.7,128.170034,37.970047,3915.6296592000003,-18.472,-39.218,286.429,0.9945104509020349
41.8,128.169848,37.970106,3894.7310472,-17.481,-37.925,285.999,0.9945104509020349
41.9,128.169655,37.970164,3874.2058152,-16.511,-36.626,285.608,0.9945104509020349
42.0,128.169457,37.970222,3854.0682888,-15.555,-35.322,285.254,0.9945104509020349
42.1,128.169252,37.970279,3834.3324888,-14.605,-34.014,284.936,0.9945104509020349
42.2,128.169042,37.970336,3815.0127408000003,-13.655,-32.702,284.654,0.9945104509020349
42.3,128.168826,37.970392,3796.1227608,-12.702,-31.386,284.406,0.9945104509020349
42.4,128.168605,37.970448,3777.6756552,-11.742,-30.066,284.191,0.9945104509020349
42.5,128.168379,37.970503,3759.6848352000006,-10.77,-28.743,284.01,0.9945104509020349
42.6,128.168148,37.970559,3742.1618832,-9.774,-27.417,283.864,0.9945104509020349
42.7,128.167911,37.970614,3725.1189912000004,-8.744,-26.088,283.751,0.9945104509020349
42.8,128.16767,37.970669,3708.5674368000005,-7.67,-24.756,283.675,0.9945104509020349
42.9,128.167425,37.970724,3692.517888,-6.542,-23.423,283.635,0.9945104509020349
43.0,128.167175,37.970779,3676.9782696,-5.26,-22.104,283.649,0.9945104509020349
43.1,128.166922,37.970834,3661.8547032000006,-1.716,-21.99,283.977,0.9945104509020349
43.2,128.166665,37.97089,3646.9691856,4.839,-23.044,284.403,0.9945104509020349
43.3,128.166407,37.970946,3632.2372872000005,13.934,-23.956,284.777,0.9945104509020349
43.4,128.166146,37.971003,3617.697108,20.077,-23.497,285.157,0.9945104509020349
43.5,128.165884,37.971062,3603.5199456,21.925,-21.374,286.308,0.9945104509020349
43.6,128.165618,37.971124,3589.786572,22.693,-19.678,287.423,0.9945104509020349
43.7,128.165351,37.971188,3576.4945488000003,23.577,-18.194,288.479,0.9945104509020349
43.8,128.165081,37.971255,3563.608824,25.452,-16.874,289.579,0.9945104509020349
43.9,128.16481,37.971325,3551.0946504000003,28.803,-15.701,290.7,0.9945104509020349
44.0,128.164537,37.971397,3539.0263992,31.858,-14.626,291.803,0.9945104509020349
44.1,128.164263,37.971473,3527.3967552000004,35.185,-13.665,293.014,0.9945104509020349
44.2,128.163988,37.971553,3516.177372,39.218,-12.805,294.309,0.9945104509020349
44.3,128.163712,37.971636,3505.3508760000004,43.87,-12.061,295.686,0.9945104509020349
44.4,128.163437,37.971724,3494.8983696,48.895,-11.445,297.15,0.9945104509020349
44.5,128.163163,37.971816,3484.7945544,54.05,-10.961,298.704,0.9945104509020349
44.6,128.162889,37.971913,3475.0077312,59.147,-10.614,300.355,0.9945104509020349
44.7,128.162617,37.972014,3465.5007144000006,64.061,-10.42,302.096,0.9945104509020349
44.8,128.162347,37.972121,3456.2320512,68.682,-10.414,303.927,0.9945104509020349
44.9,128.16208,37.972233,3447.1578504000004,72.974,-10.617,305.826,0.9945104509020349
45.0,128.161816,37.972351,3438.2314776000003,76.949,-11.017,307.759,0.9945104509020349
45.1,128.161555,37.972473,3429.4066032000005,80.634,-11.572,309.692,0.9945104509020349
45.2,128.161298,37.972601,3420.6372024,84.049,-12.222,311.596,0.9945104509020349
45.3,128.161045,37.972734,3411.8793840000003,87.942,-12.997,313.462,0.9945104509020349
45.4,128.160796,37.972872,3403.0795032000005,92.963,-13.972,315.27,0.9945104509020349
45.5,128.160552,37.973014,3394.1814768,97.56,-14.959,317.013,0.9945104509020349
45.6,128.160313,37.973161,3385.1298312,101.246,-15.883,318.735,0.9945104509020349
45.7,128.16008,37.973313,3375.8849424,104.027,-16.801,320.445,0.9945104509020349
45.8,128.159853,37.973469,3366.4172448,106.136,-17.797,322.121,0.9945104509020349
45.9,128.159632,37.973629,3356.699916,107.877,-18.833,323.762,0.9945104509020349
46.0,128.159417,37.973792,3346.7107056000004,109.366,-19.892,325.369,0.9945104509020349
46.1,128.159208,37.973959,3336.4307160000003,110.66,-20.967,326.946,0.9945104509020349
46.2,128.159006,37.97413,3325.8422688000005,111.794,-22.052,328.499,0.9945104509020349
46.3,128.15881,37.974304,3314.9307336,112.793,-23.143,330.032,0.9945104509020349
46.4,128.158621,37.97448,3303.6826992,113.668,-24.237,331.552,0.9945104509020349
46.5,128.158439,37.974659,3292.0874976,114.429,-25.332,333.062,0.9945104509020349
46.6,128.158264,37.974841,3280.1347656000003,115.085,-26.426,334.567,0.9945104509020349
46.7,128.158096,37.975025,3267.8162736000004,115.643,-27.517,336.071,0.9945104509020349
46.8,128.157935,37.975211,3255.1256208000004,116.109,-28.603,337.576,0.9945104509020349
46.9,128.157781,37.975399,3242.057016,116.487,-29.683,339.086,0.9945104509020349
47.0,128.157635,37.975588,3228.6061920000006,116.782,-30.755,340.603,0.9945104509020349
47.1,128.157495,37.975778,3214.7694912,116.997,-31.819,342.132,0.9945104509020349
47.2,128.157364,37.97597,3200.54478,117.136,-32.874,343.673,0.9945104509020349
47.3,128.157239,37.976162,3185.9311440000006,117.201,-33.918,345.231,0.9945104509020349
47.4,128.157123,37.976355,3170.927364,117.199,-34.946,346.808,0.9945104509020349
47.5,128.157014,37.976549,3155.5340496,117.133,-35.953,348.412,0.9945104509020349
47.6,128.156912,37.976743,3139.7521152,117.001,-36.937,350.045,0.9945104509020349
47.7,128.156818,37.976937,3123.5839992,116.806,-37.899,351.707,0.9945104509020349
47.8,128.156732,37.97713,3107.03214,116.55,-38.838,353.402,0.9945104509020349
47.9,128.156653,37.977323,3090.1001952,116.237,-39.754,355.129,0.9945104509020349
48.0,128.156582,37.977516,3072.7921272000003,115.867,-40.646,356.892,0.9945104509020349
48.1,128.156519,37.977708,3055.1118984000004,115.44,-41.515,358.69,0.9945104509020349
48.2,128.156464,37.977899,3037.0659096000004,114.949,-42.37,0.521,0.9945104509020349
48.3,128.156416,37.978089,3018.6590376,114.402,-43.21,2.385,0.9945104509020349
48.4,128.156376,37.978277,2999.8973784000004,113.799,-44.034,4.284,0.9945104509020349
48.5,128.156344,37.978464,2980.7873328000005,113.136,-44.839,6.221,0.9945104509020349
48.6,128.156319,37.978648,2961.336216,112.411,-45.625,8.199,0.9945104509020349
48.7,128.156302,37.978831,2941.5507336,111.619,-46.389,10.217,0.9945104509020349
48.8,128.156293,37.979012,2921.43942,110.758,-47.13,12.279,0.9945104509020349
48.9,128.156292,37.97919,2901.0095904,109.825,-47.845,14.385,0.9945104509020349
49.0,128.156297,37.979366,2880.2709984000003,108.817,-48.533,16.538,0.9945104509020349
49.1,128.156311,37.979539,2859.2318736,107.733,-49.191,18.736,0.9945104509020349
49.2,128.156332,37.97971,2837.9025792,106.572,-49.817,20.982,0.9945104509020349
49.3,128.15636,37.979877,2816.2931736000005,105.336,-50.408,23.274,0.9945104509020349
49.4,128.156396,37.98004,2794.41402,104.024,-50.964,25.613,0.9945104509020349
49.5,128.156439,37.980201,2772.276396,102.64,-51.48,27.997,0.9945104509020349
49.6,128.15649,37.980358,2749.8915792000003,101.186,-51.956,30.424,0.9945104509020349
49.7,128.156547,37.980511,2727.2717616,99.664,-52.389,32.893,0.9945104509020349
49.8,128.156612,37.98066,2704.4288304,98.079,-52.777,35.4,0.9945104509020349
49.9,128.156683,37.980805,2681.3755872,96.436,-53.119,37.943,0.9945104509020349
50.0,128.156762,37.980945,2658.1251384,94.74,-53.413,40.516,0.9945104509020349
50.1,128.156847,37.981082,2634.6908952,92.998,-53.657,43.116,0.9945104509020349
50.2,128.156939,37.981214,2611.0865736000005,91.216,-53.851,45.737,0.9945104509020349
50.3,128.157038,37.981341,2587.3258896,89.4,-53.993,48.373,0.9945104509020349
50.4,128.157143,37.981464,2563.4231688000004,87.557,-54.082,51.019,0.9945104509020349
50.5,128.157255,37.981581,2539.3930416000003,85.694,-54.118,53.668,0.9945104509020349
50.6,128.157373,37.981694,2515.2504432,83.82,-54.102,56.314,0.9945104509020349
50.7,128.157497,37.981801,2491.0103088,81.942,-54.032,58.951,0.9945104509020349
50.8,128.157628,37.981904,2466.6875736,80.071,-53.909,61.571,0.9945104509020349
50.9,128.157764,37.982001,2442.2977824,78.212,-53.735,64.17,0.9945104509020349
51.0,128.157906,37.982092,2417.8564800000004,76.372,-53.509,66.742,0.9945104509020349
51.1,128.158054,37.982178,2393.379516,74.559,-53.234,69.28,0.9945104509020349
51.2,128.158208,37.982258,2368.8824352,72.775,-52.909,71.782,0.9945104509020349
51.3,128.158367,37.982333,2344.3810872,71.026,-52.538,74.241,0.9945104509020349
51.4,128.158531,37.982402,2319.8919312000003,69.316,-52.12,76.655,0.9945104509020349
51.5,128.158701,37.982465,2295.430512,67.647,-51.658,79.021,0.9945104509020349
51.6,128.158875,37.982522,2271.0135936,66.022,-51.153,81.337,0.9945104509020349
51.7,128.159054,37.982573,2246.6570256,64.441,-50.606,83.599,0.9945104509020349
51.8,128.159239,37.982618,2222.3772672,62.908,-50.021,85.807,0.9945104509020349
51.9,128.159427,37.982657,2198.1907776000003,61.423,-49.397,87.96,0.9945104509020349
52.0,128.15962,37.982689,2174.114016,59.988,-48.737,90.057,0.9945104509020349
52.1,128.159818,37.982715,2150.162832,58.603,-48.043,92.098,0.9945104509020349
52.2,128.160019,37.982736,2126.3542944,57.271,-47.317,94.083,0.9945104509020349
52.3,128.160224,37.982749,2102.7042528,55.994,-46.56,96.014,0.9945104509020349
52.4,128.160434,37.982757,2079.2288616,54.77,-45.774,97.891,0.9945104509020349
52.5,128.160646,37.982758,2055.9448848,53.6,-44.96,99.715,0.9945104509020349
52.6,128.160862,37.982753,2032.8681720000002,52.478,-44.121,101.488,0.9945104509020349
52.7,128.161082,37.982741,2010.0145728000002,51.403,-43.257,103.211,0.9945104509020349
52.8,128.161304,37.982723,1987.4002416,50.371,-42.369,104.887,0.9945104509020349
52.9,128.161529,37.982698,1965.0413328,49.384,-41.46,106.515,0.9945104509020349
53.0,128.161757,37.982667,1942.9527816,48.444,-40.531,108.096,0.9945104509020349
53.1,128.161987,37.98263,1921.1507424000001,47.552,-39.584,109.634,0.9945104509020349
53.2,128.16222,37.982586,1899.6495408,46.711,-38.62,111.129,0.9945104509020349
53.3,128.162455,37.982536,1878.4644168,45.922,-37.64,112.586,0.9945104509020349
53.4,128.162692,37.98248,1857.6096960000002,45.186,-36.645,114.005,0.9945104509020349
53.5,128.16293,37.982417,1837.099704,44.503,-35.637,115.391,0.9945104509020349
53.6,128.16317,37.982348,1816.9481568,43.874,-34.616,116.744,0.9945104509020349
53.7,128.163411,37.982273,1797.1681608,43.298,-33.585,118.068,0.9945104509020349
53.8,128.163654,37.982191,1777.7728224,42.776,-32.543,119.365,0.9945104509020349
53.9,128.163897,37.982104,1758.7746384,42.309,-31.493,120.638,0.9945104509020349
54.0,128.164141,37.98201,1740.1854960000003,41.899,-30.436,121.889,0.9945104509020349
54.1,128.164386,37.98191,1722.0166728000002,41.548,-29.372,123.12,0.9945104509020349
54.2,128.16463,37.981805,1704.2791416,41.26,-28.304,124.334,0.9945104509020349
54.3,128.164875,37.981693,1686.9829608,41.037,-27.232,125.533,0.9945104509020349
54.4,128.16512,37.981575,1670.1375792,40.881,-26.158,126.72,0.9945104509020349
54.5,128.165364,37.981452,1653.7521408,40.791,-25.083,127.899,0.9945104509020349
54.6,128.165608,37.981323,1637.8342656,40.767,-24.009,129.07,0.9945104509020349
54.7,128.165851,37.981188,1622.3915736000001,40.809,-22.936,130.238,0.9945104509020349
54.8,128.166092,37.981048,1607.4307704,40.912,-21.867,131.403,0.9945104509020349
54.9,128.166333,37.980902,1592.9582568,41.068,-20.803,132.57,0.9945104509020349
55.0,128.166571,37.980751,1578.9801288,41.214,-19.765,133.766,0.9945104509020349
55.1,128.166808,37.980595,1565.4982152000002,41.388,-18.766,135.004,0.9945104509020349
55.2,128.167043,37.980433,1552.5119064,41.718,-17.775,136.243,0.9945104509020349
55.3,128.167276,37.980266,1540.0184592,42.268,-16.799,137.491,0.9945104509020349
55.4,128.167505,37.980094,1528.00812,43.189,-15.851,138.754,0.9945104509020349
55.5,128.167732,37.979917,1516.4674776000002,44.657,-14.945,140.044,0.9945104509020349
55.6,128.167956,37.979736,1505.3758056000001,46.853,-14.101,141.372,0.9945104509020349
55.7,128.168177,37.979549,1494.7078056,49.915,-13.335,142.745,0.9945104509020349
55.8,128.168393,37.979359,1484.4308640000002,53.896,-12.676,144.183,0.9945104509020349
55.9,128.168606,37.979163,1474.5053568,58.799,-12.152,145.698,0.9945104509020349
56.0,128.168813,37.978963,1464.896232,63.401,-11.711,147.258,0.9945104509020349
56.1,128.169014,37.978758,1455.5961744,66.339,-11.419,148.917,0.9945104509020349
56.2,128.169209,37.978549,1446.5414808,69.772,-11.227,150.636,0.9945104509020349
56.3,128.169398,37.978335,1437.6870408,73.856,-11.153,152.384,0.9945104509020349
56.4,128.169579,37.978118,1428.9853056,78.399,-11.217,154.162,0.9945104509020349
56.5,128.169754,37.977896,1420.3811064,83.173,-11.434,155.969,0.9945104509020349
56.6,128.169921,37.97767,1411.8159216000001,87.982,-11.811,157.794,0.9945104509020349
56.7,128.170079,37.977441,1403.2281816,92.683,-12.349,159.625,0.9945104509020349
56.8,128.17023,37.977209,1394.5554024,97.185,-13.041,161.447,0.9945104509020349
56.9,128.170371,37.976974,1385.7378432,101.431,-13.878,163.247,0.9945104509020349
57.0,128.170505,37.976737,1376.7169824,105.394,-14.846,165.012,0.9945104509020349
57.1,128.170629,37.976497,1367.4388704,109.064,-15.93,166.732,0.9945104509020349
57.2,128.170745,37.976256,1357.8532152000002,112.441,-17.114,168.403,0.9945104509020349
57.3,128.170852,37.976013,1347.9213072000002,116.246,-18.442,169.988,0.9945104509020349
57.4,128.170951,37.97577,1337.6065704,121.81,-19.912,171.464,0.9945104509020349
57.5,128.171042,37.975526,1326.8184792,126.325,-21.429,172.889,0.9945104509020349
57.6,128.171124,37.975282,1315.5091800000002,129.636,-23.07,174.233,0.9945104509020349
57.7,128.171199,37.975039,1303.6469736,132.308,-24.771,175.502,0.9945104509020349
57.8,128.171266,37.974796,1291.2050376000002,134.584,-26.498,176.709,0.9945104509020349
57.9,128.171326,37.974555,1278.1608168,136.559,-28.233,177.866,0.9945104509020349
58.0,128.171379,37.974315,1264.4969376000001,138.288,-29.97,178.979,0.9945104509020349
58.1,128.171424,37.974078,1250.2009032,139.807,-31.704,180.059,0.9945104509020349
58.2,128.171464,37.973843,1235.2623504,141.143,-33.433,181.113,0.9945104509020349
58.3,128.171496,37.97361,1219.6751832000002,142.316,-35.154,182.148,0.9945104509020349
58.4,128.171523,37.973381,1203.4360488,143.342,-36.867,183.171,0.9945104509020349
58.5,128.171544,37.973154,1186.5434232,144.231,-38.569,184.188,0.9945104509020349
58.6,128.171559,37.972932,1168.9982208,144.992,-40.261,185.206,0.9945104509020349
58.7,128.171568,37.972713,1150.8040992,145.631,-41.942,186.231,0.9945104509020349
58.8,128.171572,37.972498,1131.9656304,146.152,-43.611,187.268,0.9945104509020349
58.9,128.171571,37.972287,1112.48952,146.56,-45.268,188.324,0.9945104509020349
59.0,128.171565,37.972081,1092.3836928,146.858,-46.913,189.405,0.9945104509020349
59.1,128.171555,37.97188,1071.6579024,147.049,-48.544,190.518,0.9945104509020349
59.2,128.171539,37.971684,1050.322512,147.132,-50.162,191.669,0.9945104509020349
59.3,128.17152,37.971493,1028.3769120000002,146.351,-51.464,192.843,0.9945104509020349
59.4,128.171496,37.971308,1005.8348184000001,142.6,-50.509,191.922,0.9945104509020349
59.5,128.171468,37.971127,982.8053496000001,134.794,-49.749,191.209,0.9945104509020349
59.6,128.171435,37.97095,959.4043296000001,124.163,-49.38,190.83,0.9945104509020349
59.7,128.171398,37.970775,935.7280752000001,111.768,-49.166,190.581,0.9945104509020349
59.8,128.171357,37.970602,911.8591872000001,98.391,-49.05,190.425,0.9945104509020349
59.9,128.171312,37.970429,887.8720368,84.512,-48.996,190.335,0.9945104509020349
60.0,128.171262,37.970257,863.8342896,70.033,-48.878,190.965,0.9945104509020349
60.1,128.171208,37.970085,839.8157448000001,55.154,-48.321,192.739,0.9945104509020349
60.2,128.17115,37.969911,815.8645608,42.405,-47.095,195.098,0.9945104509020349
60.3,128.171087,37.969735,792.0566328,33.266,-45.34,197.232,0.9945104509020349
60.4,128.171019,37.969556,768.4958976,26.827,-43.34,198.919,0.9945104509020349
60.5,128.170945,37.969374,745.2759288,22.236,-41.369,200.141,0.9945104509020349
60.6,128.170866,37.969188,722.4714024000001,18.901,-39.586,200.98,0.9945104509020349
60.7,128.170782,37.968998,700.1374872000001,16.397,-37.918,201.592,0.9945104509020349
60.8,128.170692,37.968804,678.3503832000001,12.708,-36.293,201.962,0.9945104509020349
60.9,128.170598,37.968605,657.128988,8.953,-34.701,202.253,0.9945104509020349
61.0,128.1705,37.968402,636.4583664,6.867,-33.144,202.383,0.9945104509020349
61.1,128.170398,37.968195,616.3732656000001,5.583,-31.623,202.437,0.9945104509020349
61.2,128.170293,37.967984,596.898984,4.696,-30.122,202.464,0.9945104509020349
61.3,128.170185,37.967768,578.0553336,4.056,-28.635,202.48,0.9945104509020349
61.4,128.170074,37.967549,559.8602976,3.581,-27.156,202.489,0.9945104509020349
61.5,128.16996,37.967325,542.33064,3.22,-25.682,202.495,0.9945104509020349
61.6,128.169843,37.967098,525.4816008,2.943,-24.211,202.501,0.9945104509020349
61.7,128.169724,37.966867,509.3278104,2.732,-22.741,202.508,0.9945104509020349
61.8,128.169603,37.966633,493.88268,2.571,-21.272,202.516,0.9945104509020349
61.9,128.16948,37.966395,479.1596208,2.452,-19.802,202.527,0.9945104509020349
62.0,128.169354,37.966155,465.17052000000007,2.365,-18.333,202.541,0.9945104509020349
62.1,128.169226,37.965911,451.92726480000005,2.307,-16.862,202.557,0.9945104509020349
62.2,128.169097,37.965665,439.4402184,2.272,-15.39,202.576,0.9945104509020349
62.3,128.168965,37.965415,427.7203536,2.256,-13.917,202.598,0.9945104509020349
62.4,128.168832,37.965164,416.7765096,2.258,-12.443,202.624,0.9945104509020349
62.5,128.168698,37.96491,406.61813520000004,2.273,-10.967,202.653,0.9945104509020349
62.6,128.168562,37.964654,397.25285040000006,2.301,-9.49,202.685,0.9945104509020349
62.7,128.168424,37.964397,388.68858,2.34,-8.011,202.72,0.9945104509020349
62.8,128.168286,37.964137,380.9320296,2.387,-6.531,202.758,0.9945104509020349
62.9,128.168146,37.963876,373.9892952,2.443,-5.048,202.8,0.9945104509020349
63.0,128.168005,37.963614,367.8655584,2.504,-3.564,202.844,0.9945104509020349
63.1,128.167863,37.963351,362.5663056,2.571,-2.078,202.892,0.9945104509020349
63.2,128.16772,37.963087,358.09458480000006,2.642,-0.59,202.943,0.9945104509020349
63.3,128.167577,37.962822,354.4543584,2.717,0.899,202.998,0.9945104509020349
63.4,128.167432,37.962556,351.6483696,2.794,2.391,203.055,0.9945104509020349
63.5,128.167288,37.962291,349.67783760000003,2.873,3.886,203.116,0.9945104509020349
63.6,128.167142,37.962025,348.5445912,2.954,5.382,203.179,0.9945104509020349
63.7,128.166996,37.96176,348.2489352,3.036,6.881,203.246,0.9945104509020349
63.8,128.16685,37.961495,348.79026000000005,3.119,8.383,203.316,0.9945104509020349
63.9,128.166704,37.96123,350.16826080000004,3.202,9.887,203.389,0.9945104509020349
64.0,128.166558,37.960966,352.38049920000003,3.284,11.394,203.466,0.9945104509020349
64.1,128.166412,37.960703,355.42545120000005,3.366,12.903,203.545,0.9945104509020349
64.2,128.166265,37.960442,359.29945920000006,3.448,14.416,203.628,0.9945104509020349
64.3,128.166119,37.960181,363.9991704,3.529,15.931,203.714,0.9945104509020349
64.4,128.165974,37.959922,369.51970800000004,3.61,17.449,203.804,0.9945104509020349
64.5,128.165828,37.959665,375.8558904,3.69,18.971,203.896,0.9945104509020349
64.6,128.165684,37.95941,383.0022312,3.769,20.495,203.993,0.9945104509020349
64.7,128.165539,37.959157,390.95172,3.848,22.023,204.093,0.9945104509020349
64.8,128.165396,37.958907,399.69765120000005,3.928,23.555,204.197,0.9945104509020349
64.9,128.165253,37.958659,409.2317952,4.008,25.09,204.305,0.9945104509020349
65.0,128.165111,37.958414,419.54531280000003,4.09,26.629,204.417,0.9945104509020349
65.1,128.164971,37.958171,430.6293648,4.174,28.172,204.533,0.9945104509020349
65.2,128.164831,37.957932,442.47419759999997,4.262,29.719,204.655,0.9945104509020349
65.3,128.164692,37.957696,455.0685336,4.356,31.269,204.782,0.9945104509020349
65.4,128.164555,37.957464,468.4014,4.46,32.824,204.916,0.9945104509020349
65.5,128.164419,37.957235,482.4502416,4.563,34.022,205.027,0.9945104509020349
65.6,128.164285,37.957009,497.1589752,4.695,34.782,205.105,0.9945104509020349
65.7,128.164151,37.956787,512.4629832,4.917,35.374,205.176,0.9945104509020349
65.8,128.164019,37.956567,528.300696,5.202,35.839,205.271,0.9945104509020349
65.9,128.163888,37.956351,544.6056672,5.647,36.176,205.395,0.9945104509020349
66.0,128.163758,37.956136,561.318156,6.272,36.446,205.529,0.9945104509020349
66.1,128.163628,37.955924,578.3851272,7.043,36.66,205.664,0.9945104509020349
66.2,128.163499,37.955714,595.757508,7.995,36.795,205.784,0.9945104509020349
66.3,128.16337,37.955505,613.3907976,8.869,36.758,205.88,0.9945104509020349
66.4,128.163242,37.955298,631.2441528,9.792,36.826,205.98,0.9945104509020349
66.5,128.163113,37.955091,649.2721584,10.892,36.726,206.045,0.9945104509020349
66.6,128.162985,37.954886,667.4562216,11.716,36.744,206.152,0.9945104509020349
66.7,128.162857,37.954682,685.766472,12.613,36.735,206.226,0.9945104509020349
66.8,128.162729,37.954478,704.182488,13.449,36.723,206.312,0.9945104509020349
66.9,128.1626,37.954275,722.6890296,14.233,36.723,206.397,0.9945104509020349
67.0,128.162471,37.954072,741.272076,15.002,36.731,206.48,0.9945104509020349
67.1,128.162343,37.95387,759.9200448,15.775,36.742,206.563,0.9945104509020349
67.2,128.162213,37.953668,778.623792,16.567,36.758,206.647,0.9945104509020349
67.3,128.162084,37.953466,797.3747832000001,17.4,36.773,206.73,0.9945104509020349
67.4,128.161954,37.953265,816.1663128,18.288,36.786,206.811,0.9945104509020349
67.5,128.161824,37.953064,835.0157544,18.962,37.722,207.238,0.9945104509020349
67.6,128.161694,37.952866,854.0712408,20.22,41.776,209.159,0.9945104509020349
67.7,128.161564,37.952671,873.5171760000001,21.196,44.333,210.532,0.9945104509020349
67.8,128.161434,37.952481,893.3880024000001,21.805,45.665,211.333,0.9945104509020349
67.9,128.161304,37.952296,913.7074944000001,22.69,47.48,212.489,0.9945104509020349
68.0,128.161174,37.952116,934.4851008,23.578,49.086,213.616,0.9945104509020349
68.1,128.161044,37.951942,955.718688,24.517,50.607,214.769,0.9945104509020349
68.2,128.160914,37.951774,977.3997216,25.516,52.078,215.974,0.9945104509020349
68.3,128.160785,37.951612,999.5154,26.591,53.515,217.246,0.9945104509020349
68.4,128.160656,37.951456,1022.0498736,27.758,54.929,218.604,0.9945104509020349
68.5,128.160528,37.951306,1044.986988,29.031,56.324,220.062,0.9945104509020349
68.6,128.160401,37.951163,1068.30876,30.426,57.702,221.637,0.9945104509020349
68.7,128.160274,37.951027,1091.996292,31.957,59.062,223.345,0.9945104509020349
68.8,128.160148,37.950897,1116.0306864000001,33.643,60.401,225.203,0.9945104509020349
68.9,128.160023,37.950773,1140.3921312,35.494,61.709,227.222,0.9945104509020349
69.0,128.159899,37.950657,1165.0599,37.534,62.986,229.426,0.9945104509020349
69.1,128.159776,37.950547,1190.0132664,39.786,64.225,231.838,0.9945104509020349
69.2,128.159654,37.950444,1215.2311992,42.279,65.423,234.486,0.9945104509020349
69.3,128.159533,37.950349,1240.6917528000001,45.038,66.572,237.398,0.9945104509020349
69.4,128.159414,37.95026,1266.3735912000002,48.093,67.663,240.602,0.9945104509020349
69.5,128.159296,37.950178,1292.2547688,51.472,68.687,244.129,0.9945104509020349
69.6,128.159179,37.950104,1318.3130352,55.2,69.631,248.002,0.9945104509020349
69.7,128.159064,37.950036,1344.5264448000003,59.296,70.484,252.242,0.9945104509020349
69.8,128.15895,37.949976,1370.8721376,63.768,71.229,256.855,0.9945104509020349
69.9,128.158838,37.949923,1397.3284728,68.605,71.851,261.832,0.9945104509020349
70.0,128.158728,37.949877,1423.8722856000002,73.776,72.336,267.142,0.9945104509020349
70.1,128.158619,37.949838,1450.4810208000001,79.223,72.67,272.726,0.9945104509020349
70.2,128.158513,37.949806,1477.1321232000003,84.862,72.84,278.502,0.9945104509020349
70.3,128.158408,37.949782,1503.802428,90.589,72.839,284.365,0.9945104509020349
70.4,128.158305,37.949765,1530.4693800000002,96.289,72.665,290.201,0.9945104509020349
70.5,128.158204,37.949754,1557.1104240000002,101.852,72.32,295.901,0.9945104509020349
70.6,128.158105,37.949752,1583.7017856000002,107.183,71.81,301.367,0.9945104509020349
70.7,128.158008,37.949756,1610.2212144,112.208,71.147,306.53,0.9945104509020349
70.8,128.157913,37.949767,1636.6455456,116.883,70.342,311.342,0.9945104509020349
70.9,128.15782,37.949786,1662.9519192,121.186,69.411,315.784,0.9945104509020349
71.0,128.15773,37.949811,1689.1171704,125.116,68.365,319.854,0.9945104509020349
71.1,128.157642,37.949843,1715.118744,128.686,67.219,323.567,0.9945104509020349
71.2,128.157556,37.949883,1740.9337800000003,131.919,65.984,326.945,0.9945104509020349
71.3,128.157473,37.949929,1766.5385039999999,134.848,64.667,330.023,0.9945104509020349
71.4,128.157392,37.949982,1791.9100560000002,137.5,63.276,332.828,0.9945104509020349
71.5,128.157313,37.950042,1817.0246616000002,139.9,61.819,335.385,0.9945104509020349
71.6,128.157237,37.950108,1841.8585464,142.072,60.303,337.722,0.9945104509020349
71.7,128.157164,37.950181,1866.3882408000002,144.036,58.736,339.857,0.9945104509020349
71.8,128.157093,37.950261,1890.5899704,145.788,57.147,341.785,0.9945104509020349
71.9,128.157025,37.950347,1914.4414848,147.351,55.544,343.53,0.9945104509020349
72.0,128.15696,37.950439,1937.9211432000002,148.752,53.928,345.119,0.9945104509020349
72.1,128.156897,37.950538,1961.008524,150.012,52.302,346.574,0.9945104509020349
72.2,128.156837,37.950642,1983.6844248,151.151,50.667,347.914,0.9945104509020349
72.3,128.156779,37.950753,2005.9302528000003,152.182,49.024,349.152,0.9945104509020349
72.4,128.156725,37.950869,2027.7286344000001,153.118,47.375,350.303,0.9945104509020349
72.5,128.156673,37.95099,2049.0631104000004,153.971,45.72,351.376,0.9945104509020349
72.6,128.156624,37.951117,2069.9181360000002,154.749,44.06,352.381,0.9945104509020349
72.7,128.156578,37.951249,2090.2784712,155.46,42.397,353.325,0.9945104509020349
72.8,128.156534,37.951386,2110.1300952,156.111,40.73,354.215,0.9945104509020349
72.9,128.156493,37.951528,2129.4599016,156.707,39.06,355.057,0.9945104509020349
73.0,128.156455,37.951675,2148.2550888,157.255,37.388,355.857,0.9945104509020349
73.1,128.15642,37.951826,2166.5037696000004,157.757,35.715,356.617,0.9945104509020349
73.2,128.156387,37.951982,2184.1946664,158.219,34.04,357.344,0.9945104509020349
73.3,128.156358,37.952142,2201.3168064,158.644,32.363,358.038,0.9945104509020349
73.4,128.15633,37.952305,2217.860436,159.035,30.686,358.705,0.9945104509020349
73.5,128.156306,37.952473,2233.8164112,159.394,29.009,359.347,0.9945104509020349
73.6,128.156284,37.952644,2249.175588,159.724,27.331,359.965,0.9945104509020349
73.7,128.156265,37.952818,2263.9294320000004,160.028,25.653,0.563,0.9945104509020349
73.8,128.156249,37.952996,2278.070628,160.307,23.975,1.142,0.9945104509020349
73.9,128.156235,37.953177,2291.5921656,160.563,22.297,1.703,0.9945104509020349
74.0,128.156224,37.953361,2304.4867296,160.799,20.619,2.25,0.9945104509020349
74.1,128.156216,37.953548,2316.7485288000003,161.015,18.942,2.782,0.9945104509020349
74.2,128.15621,37.953737,2328.3717720000004,161.214,17.265,3.302,0.9945104509020349
74.3,128.156206,37.953928,2339.3509728,161.395,15.588,3.811,0.9945104509020349
74.4,128.156206,37.954122,2349.681864,161.56,13.912,4.309,0.9945104509020349
74.5,128.156207,37.954318,2359.359264,161.71,12.237,4.798,0.9945104509020349
74.6,128.156211,37.954516,2368.37982,161.845,10.563,5.279,0.9945104509020349
74.7,128.156218,37.954715,2376.7398744,161.967,8.889,5.753,0.9945104509020349
74.8,128.156227,37.954916,2384.4360744,162.076,7.215,6.22,0.9945104509020349
74.9,128.156239,37.955119,2391.4656768,162.172,5.543,6.682,0.9945104509020349
75.0,128.156253,37.955322,2397.8262432,162.257,3.871,7.14,0.9945104509020349
75.1,128.156269,37.955527,2403.5159448000004,162.329,2.2,7.593,0.9945104509020349
75.2,128.156287,37.955733,2408.5329528,162.39,0.529,8.044,0.9945104509020349
75.3,128.156308,37.955939,2412.8757432,162.438,-1.139,8.492,0.9945104509020349
75.4,128.156331,37.956146,2416.5434016000004,162.474,-2.808,8.939,0.9945104509020349
75.5,128.156356,37.956353,2419.5356232000004,162.497,-4.476,9.385,0.9945104509020349
75.6,128.156384,37.956561,2421.8514936,162.509,-6.143,9.831,0.9945104509020349
75.7,128.156413,37.956768,2423.4916224,162.508,-7.809,10.278,0.9945104509020349
75.8,128.156445,37.956976,2424.4560096000005,162.496,-9.474,10.727,0.9945104509020349
75.9,128.156479,37.957183,2424.7458744,162.473,-11.138,11.178,0.9945104509020349
76.0,128.156514,37.95739,2424.3615216000003,162.438,-12.802,11.632,0.9945104509020349
76.1,128.156552,37.957596,2423.3050848,162.392,-14.464,12.09,0.9945104509020349
76.2,128.156591,37.957801,2421.578088,162.334,-16.126,12.553,0.9945104509020349
76.3,128.156633,37.958006,2419.1820552,162.265,-17.786,13.021,0.9945104509020349
76.4,128.156676,37.95821,2416.1200344000003,162.184,-19.445,13.495,0.9945104509020349
76.5,128.156721,37.958412,2412.3941592,162.091,-21.103,13.976,0.9945104509020349
76.6,128.156768,37.958613,2408.0080872,161.985,-22.76,14.466,0.9945104509020349
76.7,128.156817,37.958813,2402.9642568,161.865,-24.416,14.965,0.9945104509020349
76.8,128.156867,37.959011,2397.26724,161.732,-26.071,15.474,0.9945104509020349
76.9,128.156919,37.959207,2390.9203896,161.583,-27.724,15.995,0.9945104509020349
77.0,128.156972,37.959401,2383.9282776,161.418,-29.375,16.528,0.9945104509020349
77.1,128.157027,37.959593,2376.2957808,161.235,-31.025,17.076,0.9945104509020349
77.2,128.157084,37.959783,2368.027776,161.034,-32.674,17.639,0.9945104509020349
77.3,128.157141,37.95997,2359.1297496,160.813,-34.32,18.22,0.9945104509020349
77.4,128.1572,37.960155,2349.6071880000004,160.571,-35.965,18.821,0.9945104509020349
77.5,128.157261,37.960337,2339.4667968000003,160.307,-37.607,19.443,0.9945104509020349
77.6,128.157322,37.960516,2328.7149768,160.018,-39.247,20.088,0.9945104509020349
77.7,128.157385,37.960693,2317.3584336,159.703,-40.885,20.76,0.9945104509020349
77.8,128.157449,37.960866,2305.4047872,159.358,-42.519,21.462,0.9945104509020349
77.9,128.157514,37.961035,2292.8613528,158.981,-44.151,22.195,0.9945104509020349
78.0,128.157579,37.961202,2279.7366648,158.567,-45.779,22.965,0.9945104509020349
78.1,128.157646,37.961364,2266.0389528,158.112,-47.403,23.776,0.9945104509020349
78.2,128.157714,37.961523,2251.7770560000004,157.612,-49.023,24.632,0.9945104509020349
78.3,128.157782,37.961678,2236.9604232,157.06,-50.638,25.54,0.9945104509020349
78.4,128.157851,37.961829,2221.5991128,156.449,-52.247,26.505,0.9945104509020349
78.5,128.15792,37.961976,2205.7028784,155.773,-53.849,27.537,0.9945104509020349
78.6,128.15799,37.962119,2189.2829976000003,155.022,-55.445,28.643,0.9945104509020349
78.7,128.158061,37.962257,2172.3501384,154.186,-57.032,29.834,0.9945104509020349
78.8,128.158132,37.962391,2154.9164928,153.252,-58.608,31.124,0.9945104509020349
78.9,128.158203,37.96252,2136.9933384,152.204,-60.174,32.527,0.9945104509020349
79.0,128.158274,37.962644,2118.5937816,151.023,-61.725,34.061,0.9945104509020349
79.1,128.158346,37.962763,2099.7306240000003,149.687,-63.261,35.749,0.9945104509020349
79.2,128.158417,37.962877,2080.4175816,148.169,-64.777,37.617,0.9945104509020349
79.3,128.158489,37.962986,2060.6683704,146.438,-66.27,39.696,0.9945104509020349
79.4,128.15856,37.963089,2040.4979256,144.456,-67.735,42.025,0.9945104509020349
79.5,128.158632,37.963187,2019.9208776000003,142.175,-69.165,44.651,0.9945104509020349
79.6,128.158703,37.96328,1998.953076,139.54,-70.554,47.63,0.9945104509020349
79.7,128.158773,37.963367,1977.6106752,136.482,-71.89,51.031,0.9945104509020349
79.8,128.158843,37.963448,1955.9098296000002,132.924,-73.162,54.93,0.9945104509020349
79.9,128.158913,37.963523,1933.8679128,128.777,-74.352,59.415,0.9945104509020349
80.0,128.158982,37.963593,1911.5019936,123.95,-75.441,64.578,0.9945104509020349
80.1,128.15905,37.963656,1888.83036,118.363,-76.404,70.498,0.9945104509020349
80.2,128.159117,37.963713,1865.8719096000002,111.973,-77.212,77.219,0.9945104509020349
80.3,128.159184,37.963764,1842.6449304,104.804,-77.833,84.717,0.9945104509020349
80.4,128.159249,37.963809,1819.1695392000001,96.988,-78.237,92.86,0.9945104509020349
80.5,128.159313,37.963847,1795.4652432,88.772,-78.4,101.401,0.9945104509020349
80.6,128.159376,37.963879,1771.552464,80.495,-78.313,110.004,0.9945104509020349
80.7,128.159438,37.963904,1747.4522328,72.508,-77.98,118.315,0.9945104509020349
80.8,128.159499,37.963923,1723.1855808,65.095,-77.42,126.051,0.9945104509020349
80.9,128.159558,37.963935,1698.7741488000001,58.426,-76.661,133.041,0.9945104509020349
81.0,128.159615,37.96394,1674.2398824,52.558,-75.734,139.228,0.9945104509020349
81.1,128.159671,37.963939,1649.6053368000003,47.466,-74.67,144.635,0.9945104509020349
81.2,128.159726,37.963931,1624.8933720000002,43.08,-73.494,149.334,0.9945104509020349
81.3,128.159778,37.963916,1600.1265432,39.311,-72.228,153.414,0.9945104509020349
81.4,128.159829,37.963894,1575.3289296,36.069,-70.889,156.963,0.9945104509020349
81.5,128.159877,37.963866,1550.5233912,33.274,-69.492,160.064,0.9945104509020349
81.6,128.159924,37.963831,1525.734312,30.855,-68.048,162.787,0.9945104509020349
81.7,128.159968,37.963789,1500.9860760000001,28.751,-66.564,165.194,0.9945104509020349
81.8,128.160011,37.96374,1476.3021528000002,26.912,-65.048,167.333,0.9945104509020349
81.9,128.160051,37.963684,1451.7078408,25.299,-63.505,169.247,0.9945104509020349
82.0,128.160089,37.963622,1427.2272192,23.876,-61.939,170.969,0.9945104509020349
82.1,128.160124,37.963553,1402.8849768,22.615,-60.353,172.528,0.9945104509020349
82.2,128.160157,37.963477,1378.7061072000001,21.494,-58.752,173.947,0.9945104509020349
82.3,128.160187,37.963394,1354.7152992000001,20.494,-57.135,175.245,0.9945104509020349
82.4,128.160215,37.963305,1330.9372415999999,19.598,-55.507,176.439,0.9945104509020349
82.5,128.16024,37.96321,1307.3963184000002,18.793,-53.868,177.543,0.9945104509020349
82.6,128.160263,37.963108,1284.117828,18.069,-52.219,178.566,0.9945104509020349
82.7,128.160283,37.962999,1261.1258496,17.415,-50.562,179.521,0.9945104509020349
82.8,128.1603,37.962885,1238.4444624,16.823,-48.898,180.414,0.9945104509020349
82.9,128.160314,37.962765,1216.0569024000001,18.018,-47.899,181.246,0.9945104509020349
83.0,128.160327,37.962641,1193.7967488,23.701,-48.625,181.387,0.9945104509020349
83.1,128.160338,37.962514,1171.5497016,32.491,-49.272,181.614,0.9945104509020349
83.2,128.160347,37.962385,1149.277356,42.407,-49.67,181.839,0.9945104509020349
83.3,128.160353,37.962253,1127.0830392,44.839,-48.291,184.04,0.9945104509020349
83.4,128.160352,37.962116,1105.1142744,42.188,-46.323,186.875,0.9945104509020349
83.5,128.160345,37.961976,1083.4298880000001,39.045,-44.77,189.041,0.9945104509020349
83.6,128.160332,37.961831,1062.0749904000002,35.551,-43.163,190.861,0.9945104509020349
83.7,128.160312,37.961683,1041.0550680000001,35.94,-43.091,191.901,0.9945104509020349
83.8,128.160288,37.961531,1020.1588944000001,42.484,-44.034,191.82,0.9945104509020349
83.9,128.160262,37.961379,999.2301072,50.236,-44.154,192.128,0.9945104509020349
84.0,128.160232,37.961223,978.3589272,51.127,-43.109,193.746,0.9945104509020349
84.1,128.160195,37.961066,957.6751992,47.533,-42.243,195.089,0.9945104509020349
84.2,128.160149,37.960905,937.3191312,40.739,-41.157,196.456,0.9945104509020349
84.3,128.160096,37.960742,917.3333952,32.402,-39.69,197.911,0.9945104509020349
84.4,128.160038,37.960575,897.6780624,25.655,-37.82,199.316,0.9945104509020349
84.5,128.159974,37.960405,878.3979383999999,20.867,-35.749,200.419,0.9945104509020349
84.6,128.159904,37.960231,859.5552024000001,17.423,-33.752,201.192,0.9945104509020349
84.7,128.15983,37.960053,841.2004512000001,14.849,-31.824,201.749,0.9945104509020349
84.8,128.159751,37.959872,823.4336592000001,11.066,-29.921,202.01,0.9945104509020349
84.9,128.159668,37.959686,806.2472064000001,7.405,-28.056,202.231,0.9945104509020349
85.0,128.159581,37.959496,789.6215856,5.273,-26.225,202.293,0.9945104509020349
85.1,128.159491,37.959303,773.599164,3.981,-24.445,202.263,0.9945104509020349
85.2,128.159398,37.959105,758.2058496000001,3.247,-22.703,202.273,0.9945104509020349
85.3,128.159303,37.958905,743.4007991999999,4.303,-20.998,202.494,0.9945104509020349
85.4,128.159205,37.958701,729.2260752000001,6.809,-19.353,202.791,0.9945104509020349
85.5,128.159104,37.958494,715.6926504,10.596,-17.743,203.136,0.9945104509020349
85.6,128.159,37.958285,702.9126911999999,13.089,-16.178,203.587,0.9945104509020349
85.7,128.158891,37.958073,690.885588,14.602,-14.609,204.14,0.9945104509020349
85.8,128.158779,37.95786,679.6040256,15.664,-13.032,204.75,0.9945104509020349
85.9,128.158663,37.957644,669.0689184000001,16.504,-11.449,205.385,0.9945104509020349
86.0,128.158543,37.957427,659.2839240000001,17.209,-9.864,206.04,0.9945104509020349
86.1,128.158419,37.957209,650.2530048000001,17.827,-8.278,206.71,0.9945104509020349
86.2,128.15829,37.956991,641.9798184000001,18.388,-6.691,207.393,0.9945104509020349
86.3,128.158158,37.956771,634.4680224000001,18.912,-5.105,208.089,0.9945104509020349
86.4,128.158022,37.956552,627.72036,19.411,-3.52,208.796,0.9945104509020349
86.5,128.157882,37.956332,621.7398792,19.895,-1.935,209.514,0.9945104509020349
86.6,128.157739,37.956112,616.5277992,20.37,-0.353,210.244,0.9945104509020349
86.7,128.157591,37.955893,612.0853392,20.843,1.227,210.987,0.9945104509020349
86.8,128.15744,37.955675,608.4131088,21.318,2.807,211.742,0.9945104509020349
86.9,128.157285,37.955457,605.5108032,21.797,4.384,212.512,0.9945104509020349
87.0,128.157127,37.955241,603.3768984000001,22.285,5.959,213.297,0.9945104509020349
87.1,128.156966,37.955026,602.0098704000001,22.784,7.532,214.098,0.9945104509020349
87.2,128.156801,37.954813,601.4066712,23.298,9.102,214.916,0.9945104509020349
87.3,128.156633,37.954601,601.5642528000001,23.829,10.67,215.754,0.9945104509020349
87.4,128.156461,37.954392,602.4780432,24.378,12.235,216.612,0.9945104509020349
87.5,128.156287,37.954186,604.1431656,24.949,13.796,217.493,0.9945104509020349
87.6,128.15611,37.953982,606.553524,25.543,15.353,218.398,0.9945104509020349
87.7,128.155931,37.95378,609.7027176,26.164,16.908,219.329,0.9945104509020349
87.8,128.155748,37.953582,613.5834312000001,26.812,18.459,220.289,0.9945104509020349
87.9,128.155564,37.953388,618.1874352,27.49,20.008,221.281,0.9945104509020349
88.0,128.155377,37.953196,623.5058904,28.201,21.553,222.307,0.9945104509020349
88.1,128.155187,37.953009,629.5290432,28.948,23.093,223.37,0.9945104509020349
88.2,128.154996,37.952826,636.2465304,29.733,24.628,224.472,0.9945104509020349
88.3,128.154803,37.952646,643.6473792,30.56,26.157,225.618,0.9945104509020349
88.4,128.154609,37.952472,651.7190928000001,31.432,27.679,226.809,0.9945104509020349
88.5,128.154412,37.952301,660.4494792,32.351,29.193,228.051,0.9945104509020349
88.6,128.154215,37.952136,669.8248224000001,33.319,30.693,229.344,0.9945104509020349
88.7,128.154016,37.951976,679.8295776,34.33,32.164,230.68,0.9945104509020349
88.8,128.153816,37.95182,690.4478952,35.386,33.607,232.063,0.9945104509020349
88.9,128.153615,37.95167,701.6611824,36.49,35.02,233.496,0.9945104509020349
89.0,128.153414,37.951526,713.4511512,37.646,36.403,234.984,0.9945104509020349
89.1,128.153212,37.951387,725.7976848000001,38.857,37.756,236.529,0.9945104509020349
89.2,128.15301,37.951254,738.6809712,40.127,39.078,238.135,0.9945104509020349
89.3,128.152807,37.951127,752.0793696000001,41.459,40.366,239.805,0.9945104509020349
89.4,128.152605,37.951006,765.9721536000001,42.857,41.618,241.543,0.9945104509020349
89.5,128.152403,37.950891,780.3370728000001,44.324,42.834,243.352,0.9945104509020349
89.6,128.152201,37.950781,795.1524864,45.864,44.011,245.235,0.9945104509020349
89.7,128.152,37.950679,810.396144,47.478,45.146,247.196,0.9945104509020349
89.8,128.151799,37.950582,826.0451856,49.171,46.236,249.236,0.9945104509020349
89.9,128.151599,37.950492,842.0776656000002,50.944,47.28,251.359,0.9945104509020349
90.0,128.1514,37.950408,858.4701144,52.8,48.275,253.566,0.9945104509020349
90.1,128.151203,37.95033,875.2005864,54.74,49.216,255.859,0.9945104509020349
90.2,128.151007,37.950259,892.2459168,56.764,50.102,258.238,0.9945104509020349
90.3,128.150812,37.950195,909.5838552,58.872,50.929,260.702,0.9945104509020349
90.4,128.150619,37.950136,927.1915416,61.062,51.694,263.25,0.9945104509020349
90.5,128.150427,37.950085,945.0464208,63.331,52.393,265.88,0.9945104509020349
90.6,128.150237,37.950039,963.126852,65.676,53.025,268.587,0.9945104509020349
90.7,128.15005,37.95,981.4099752000001,68.092,53.586,271.366,0.9945104509020349
90.8,128.149864,37.949968,999.8744544,70.572,54.074,274.211,0.9945104509020349
90.9,128.149681,37.949942,1018.4983440000001,73.107,54.486,277.113,0.9945104509020349
91.0,128.1495,37.949922,1037.2600032,75.688,54.82,280.062,0.9945104509020349
91.1,128.149322,37.949908,1056.1390104000002,78.302,55.075,283.048,0.9945104509020349
91.2,128.149146,37.949901,1075.1137248,80.939,55.251,286.06,0.9945104509020349
91.3,128.148973,37.9499,1094.1643344,83.587,55.346,289.085,0.9945104509020349
91.4,128.148803,37.949905,1113.2704176,86.232,55.36,292.11,0.9945104509020349
91.5,128.148636,37.949916,1132.4118576,88.861,55.295,295.123,0.9945104509020349
91.6,128.148471,37.949934,1151.5697568,91.464,55.152,298.111,0.9945104509020349
91.7,128.14831,37.949957,1170.7249128,94.028,54.932,301.064,0.9945104509020349
91.8,128.148152,37.949986,1189.8587328,96.542,54.638,303.97,0.9945104509020349
91.9,128.147997,37.95002,1208.9532336,98.999,54.271,306.82,0.9945104509020349
92.0,128.147846,37.950061,1227.9898224,101.389,53.835,309.605,0.9945104509020349
92.1,128.147697,37.950107,1246.9520400000001,103.707,53.334,312.319,0.9945104509020349
92.2,128.147553,37.950158,1265.8225128000001,105.946,52.769,314.957,0.9945104509020349
92.3,128.147412,37.950215,1284.5844768,108.102,52.144,317.514,0.9945104509020349
92.4,128.147274,37.950278,1303.2223872,110.176,51.462,319.988,0.9945104509020349
92.5,128.14714,37.950345,1321.7197848,112.165,50.726,322.376,0.9945104509020349
92.6,128.14701,37.950418,1340.0614296,114.07,49.94,324.678,0.9945104509020349
92.7,128.146883,37.950495,1358.2326912,115.89,49.108,326.895,0.9945104509020349
92.8,128.14676,37.950578,1376.2186344000002,117.625,48.232,329.028,0.9945104509020349
92.9,128.146641,37.950665,1394.0052384,119.276,47.316,331.079,0.9945104509020349
93.0,128.146526,37.950757,1411.5784824,120.843,46.362,333.05,0.9945104509020349
93.1,128.146415,37.950853,1428.9249551999999,122.33,45.374,334.944,0.9945104509020349
93.2,128.146308,37.950954,1446.03216,123.738,44.354,336.764,0.9945104509020349
93.3,128.146204,37.95106,1462.8872952,125.072,43.304,338.514,0.9945104509020349
93.4,128.146105,37.951169,1479.4781688,126.335,42.227,340.196,0.9945104509020349
93.5,128.146009,37.951283,1495.7935032,127.53,41.125,341.814,0.9945104509020349
93.6,128.145918,37.9514,1511.8214112,128.661,40.001,343.371,0.9945104509020349
93.7,128.14583,37.951522,1527.55092,129.73,38.854,344.871,0.9945104509020349
93.8,128.145747,37.951647,1542.9719711999999,130.74,37.689,346.317,0.9945104509020349
93.9,128.145667,37.951776,1558.0742016000002,131.693,36.505,347.712,0.9945104509020349
94.0,128.145592,37.951908,1572.8475528000001,132.592,35.305,349.058,0.9945104509020349
94.1,128.145521,37.952044,1587.2828808000002,133.441,34.089,350.36,0.9945104509020349
94.2,128.145453,37.952183,1601.3707368000003,134.242,32.86,351.62,0.9945104509020349
94.3,128.14539,37.952325,1615.1025864,134.997,31.617,352.84,0.9945104509020349
94.4,128.145331,37.95247,1628.4702,135.711,30.363,354.023,0.9945104509020349
94.5,128.145275,37.952618,1641.4653480000002,136.384,29.098,355.171,0.9945104509020349
94.6,128.145224,37.952769,1654.0804104000001,137.019,27.822,356.287,0.9945104509020349
94.7,128.145177,37.952923,1666.3077672000002,137.618,26.537,357.372,0.9945104509020349
94.8,128.145134,37.953079,1678.1404080000002,138.182,25.243,358.429,0.9945104509020349
94.9,128.145095,37.953237,1689.5716272,138.714,23.941,359.46,0.9945104509020349
95.0,128.145059,37.953398,1700.5947192,139.215,22.631,0.466,0.9945104509020349
95.1,128.145028,37.953561,1711.2035880000003,139.687,21.314,1.449,0.9945104509020349
95.2,128.145001,37.953726,1721.3921376,140.132,19.991,2.411,0.9945104509020349
95.3,128.144977,37.953893,1731.1545767999999,140.55,18.662,3.353,0.9945104509020349
95.4,128.144958,37.954061,1740.4860288000002,140.944,17.327,4.277,0.9945104509020349
95.5,128.144942,37.954232,1749.3807024,141.313,15.987,5.183,0.9945104509020349
95.6,128.14493,37.954404,1757.8337208000003,141.657,14.642,6.074,0.9945104509020349
95.7,128.144923,37.954577,1765.8402072000001,141.977,13.293,6.951,0.9945104509020349
95.8,128.144918,37.954752,1773.3958944,142.274,11.939,7.815,0.9945104509020349
95.9,128.144918,37.954928,1780.4965152000002,142.549,10.582,8.667,0.9945104509020349
96.0,128.144922,37.955105,1787.1381072000001,142.805,9.221,9.508,0.9945104509020349
96.1,128.144929,37.955284,1793.3170128000002,143.043,7.856,10.34,0.9945104509020349
96.2,128.14494,37.955463,1799.0298792,143.264,6.489,11.163,0.9945104509020349
96.3,128.144954,37.955642,1804.2730488,143.471,5.118,11.978,0.9945104509020349
96.4,128.144972,37.955823,1809.0440832000002,143.665,3.745,12.786,0.9945104509020349
96.5,128.144994,37.956004,1813.33902,143.844,2.37,13.587,0.9945104509020349
96.6,128.145019,37.956185,1817.1560304,144.009,0.991,14.383,0.9945104509020349
96.7,128.145048,37.956367,1820.4917616000002,144.158,-0.388,15.175,0.9945104509020349
96.8,128.14508,37.956548,1823.3443848,144.293,-1.771,15.963,0.9945104509020349
96.9,128.145116,37.95673,1825.7111568,144.412,-3.155,16.748,0.9945104509020349
97.0,128.145155,37.956912,1827.5902488000002,144.518,-4.542,17.532,0.9945104509020349
97.1,128.145197,37.957094,1828.9795272000001,144.61,-5.928,18.313,0.9945104509020349
97.2,128.145243,37.957275,1829.8771632,144.688,-7.317,19.095,0.9945104509020349
97.3,128.145292,37.957456,1830.2819376000002,144.754,-8.709,19.879,0.9945104509020349
97.4,128.145344,37.957637,1830.1920216,144.804,-10.102,20.664,0.9945104509020349
97.5,128.145399,37.957817,1829.6071104000002,144.84,-11.496,21.452,0.9945104509020349
97.6,128.145458,37.957996,1828.5253752,144.86,-12.89,22.243,0.9945104509020349
97.7,128.145519,37.958174,1826.9465112,144.866,-14.285,23.038,0.9945104509020349
97.8,128.145583,37.958351,1824.8702136000002,144.857,-15.681,23.839,0.9945104509020349
97.9,128.145651,37.958528,1822.295568,144.835,-17.077,24.645,0.9945104509020349
98.0,128.145721,37.958703,1819.2225744000002,144.8,-18.473,25.459,0.9945104509020349
98.1,128.145794,37.958876,1815.6518424,144.754,-19.87,26.281,0.9945104509020349
98.2,128.145869,37.959049,1811.5833720000003,144.696,-21.266,27.111,0.9945104509020349
98.3,128.145948,37.959219,1807.017468,144.627,-22.662,27.952,0.9945104509020349
98.4,128.146029,37.959388,1801.9547400000001,144.547,-24.058,28.803,0.9945104509020349
98.5,128.146112,37.959556,1796.396712,144.456,-25.454,29.666,0.9945104509020349
98.6,128.146198,37.959721,1790.3436888,144.353,-26.849,30.542,0.9945104509020349
98.7,128.146286,37.959885,1783.7974992000002,144.238,-28.244,31.431,0.9945104509020349
98.8,128.146377,37.960046,1776.7590576,144.108,-29.637,32.337,0.9945104509020349
98.9,128.146469,37.960205,1769.2301928,143.961,-31.03,33.259,0.9945104509020349
99.0,128.146564,37.960362,1761.2752176000001,145.397,-31.959,33.69,0.9945104509020349
99.1,128.146659,37.960519,1753.0242816,149.346,-31.816,33.171,0.9945104509020349
99.2,128.146756,37.960675,1744.5157896,154.947,-31.46,32.473,0.9945104509020349
99.3,128.146854,37.960831,1735.7808312000002,161.76,-31.1,31.781,0.9945104509020349
99.4,128.146952,37.960988,1726.8517152000002,169.533,-30.755,31.121,0.9945104509020349
99.5,128.147051,37.961145,1717.7595312000003,178.128,-30.413,30.497,0.9945104509020349
99.6,128.147151,37.961303,1708.5347592,-172.525,-30.059,29.918,0.9945104509020349
99.7,128.147251,37.961462,1699.2063552,-162.491,-29.681,29.404,0.9945104509020349
99.8,128.147354,37.961622,1689.7965696,-151.848,-29.277,28.976,0.9945104509020349
99.9,128.147457,37.961782,1680.318204,-140.66,-28.853,28.648,0.9945104509020349
100.0,128.147563,37.961943,1670.773392,-128.988,-28.423,28.43,0.9945104509020349
100.1,128.147671,37.962105,1661.1514656,-116.897,-28.005,28.325,0.9945104509020349
100.2,128.147782,37.962267,1651.4310888000002,-104.452,-27.615,28.328,0.9945104509020349
100.3,128.147895,37.962429,1641.5817816,-91.716,-27.271,28.429,0.9945104509020349
100.4,128.148011,37.962591,1631.5687968000002,-78.747,-26.986,28.614,0.9945104509020349
100.5,128.14813,37.962753,1621.3567776000002,-65.586,-26.77,28.866,0.9945104509020349
100.6,128.14825,37.962915,1610.9155488000001,-52.26,-26.631,29.167,0.9945104509020349
100.7,128.148372,37.963077,1600.2371856000002,-39.918,-26.68,29.367,0.9945104509020349
100.8,128.148494,37.963239,1589.4198336,-33.82,-27.007,29.256,0.9945104509020349
100.9,128.148616,37.963403,1578.6146736,-33.446,-27.298,29.144,0.9945104509020349
101.0,128.148736,37.963568,1567.956732,-37.143,-27.555,29.046,0.9945104509020349
101.1,128.148855,37.963736,1557.4499712,-43.742,-27.792,28.978,0.9945104509020349
101.2,128.148972,37.963905,1547.0501952,-52.442,-28.009,28.946,0.9945104509020349
101.3,128.149087,37.964076,1536.7098552,-62.668,-28.203,28.956,0.9945104509020349
101.4,128.149199,37.964247,1526.3792687999999,-73.984,-28.367,29.009,0.9945104509020349
101.5,128.149309,37.96442,1516.0069248,-86.045,-28.493,29.1,0.9945104509020349
101.6,128.149416,37.964594,1505.5416168,-98.572,-28.573,29.214,0.9945104509020349
101.7,128.149521,37.964768,1494.9339672,-111.34,-28.605,29.337,0.9945104509020349
101.8,128.149624,37.964943,1484.1376464,-124.171,-28.59,29.451,0.9945104509020349
101.9,128.149724,37.965117,1473.112116,-136.927,-28.536,29.542,0.9945104509020349
102.0,128.149822,37.965291,1461.8235432000001,-149.509,-28.451,29.597,0.9945104509020349
102.1,128.149918,37.965464,1450.2463248,-161.847,-28.348,29.609,0.9945104509020349
102.2,128.150014,37.965636,1438.3652208,-173.897,-28.24,29.575,0.9945104509020349
102.3,128.150109,37.965807,1426.1747448,174.364,-28.137,29.497,0.9945104509020349
102.4,128.150204,37.965976,1413.6791640000001,162.948,-28.051,29.373,0.9945104509020349
102.5,128.1503,37.966144,1400.8921944,151.858,-27.992,29.21,0.9945104509020349
102.6,128.150398,37.96631,1387.8363912000002,141.087,-27.967,29.017,0.9945104509020349
102.7,128.150497,37.966474,1374.5416248,130.619,-27.981,28.805,0.9945104509020349
102.8,128.150598,37.966636,1361.0444711999999,120.43,-28.037,28.585,0.9945104509020349
102.9,128.150702,37.966796,1347.3854688,110.492,-28.133,28.369,0.9945104509020349
103.0,128.150809,37.966955,1333.6094232000003,100.775,-28.267,28.166,0.9945104509020349
103.1,128.150919,37.967113,1319.7632736,91.246,-28.435,27.983,0.9945104509020349
103.2,128.151033,37.967269,1305.8936544,81.871,-28.63,27.828,0.9945104509020349
103.3,128.15115,37.967424,1292.0481144,72.617,-28.846,27.705,0.9945104509020349
103.4,128.151271,37.967579,1278.2714592,63.449,-29.078,27.617,0.9945104509020349
103.5,128.151395,37.967733,1264.606056,54.337,-29.317,27.565,0.9945104509020349
103.6,128.151522,37.967887,1251.0900048,45.249,-29.557,27.548,0.9945104509020349
103.7,128.151652,37.968042,1237.7562240000002,36.157,-29.793,27.564,0.9945104509020349
103.8,128.151784,37.968197,1224.631536,27.032,-30.021,27.61,0.9945104509020349
103.9,128.151919,37.968353,1211.7354480000001,17.849,-30.236,27.683,0.9945104509020349
104.0,128.152054,37.96851,1199.0804568,8.583,-30.436,27.777,0.9945104509020349
104.1,128.152191,37.968669,1186.6690008,-0.785,-30.62,27.888,0.9945104509020349
104.2,128.152327,37.96883,1174.4952888,-10.279,-30.786,28.013,0.9945104509020349
104.3,128.152464,37.968993,1162.5440808,-19.915,-30.935,28.149,0.9945104509020349
104.4,128.152599,37.969157,1150.7909928000001,-29.712,-31.067,28.295,0.9945104509020349
104.5,128.152732,37.969324,1139.2028016,-39.676,-31.179,28.451,0.9945104509020349
104.6,128.152863,37.969493,1127.7383592,-49.809,-31.272,28.615,0.9945104509020349
104.7,128.152992,37.969664,1116.3504216000001,-60.114,-31.345,28.784,0.9945104509020349
104.8,128.153117,37.969837,1104.986868,-70.587,-31.397,28.955,0.9945104509020349
104.9,128.153239,37.970012,1093.5928344,-81.224,-31.428,29.125,0.9945104509020349
105.0,128.153358,37.970188,1082.1128472,-92.011,-31.436,29.292,0.9945104509020349
105.1,128.153472,37.970364,1070.4938712,-102.929,-31.422,29.45,0.9945104509020349
105.2,128.153584,37.970542,1058.6865288,-113.948,-31.383,29.595,0.9945104509020349
105.3,128.153692,37.97072,1046.6484528,-125.031,-31.322,29.722,0.9945104509020349
105.4,128.153797,37.970897,1034.3436768000001,-136.13,-31.24,29.823,0.9945104509020349
105.5,128.1539,37.971074,1021.745988,-147.191,-31.141,29.893,0.9945104509020349
105.6,128.154001,37.971251,1008.8370984000001,-158.156,-31.03,29.927,0.9945104509020349
105.7,128.1541,37.971426,995.6087784,-168.966,-30.913,29.92,0.9945104509020349
105.8,128.154199,37.971599,982.0607232,-179.564,-30.799,29.872,0.9945104509020349
105.9,128.154297,37.971771,968.2011624,170.099,-30.696,29.782,0.9945104509020349
106.0,128.154396,37.971942,954.0450312,160.065,-30.612,29.654,0.9945104509020349
106.1,128.154495,37.97211,939.6139704000001,150.364,-30.555,29.49,0.9945104509020349
106.2,128.154596,37.972277,924.933888,141.021,-30.531,29.298,0.9945104509020349
106.3,128.154699,37.972442,910.0355688000001,132.042,-30.543,29.087,0.9945104509020349
106.4,128.154803,37.972605,894.9516264000001,123.42,-30.594,28.867,0.9945104509020349
106.5,128.15491,37.972766,879.7174176000001,115.142,-30.682,28.648,0.9945104509020349
106.6,128.15502,37.972925,864.3689088000001,107.182,-30.805,28.438,0.9945104509020349
106.7,128.155133,37.973083,848.9417616000001,99.514,-30.96,28.244,0.9945104509020349
106.8,128.155249,37.97324,833.4707232000001,92.106,-31.142,28.071,0.9945104509020349
106.9,128.155367,37.973396,817.9899312,84.926,-31.347,27.923,0.9945104509020349
107.0,128.155489,37.973551,802.5301704,77.938,-31.57,27.804,0.9945104509020349
107.1,128.155614,37.973705,787.121616,71.111,-31.806,27.716,0.9945104509020349
107.2,128.155742,37.973859,771.7904808000001,64.411,-32.05,27.658,0.9945104509020349
107.3,128.155872,37.974012,756.5608440000001,57.798,-32.288,27.649,0.9945104509020349
107.4,128.156006,37.974166,741.4692815999999,50.614,-31.793,28.866,0.9945104509020349
107.5,128.156144,37.97432,726.5822400000001,43.088,-30.308,31.184,0.9945104509020349
107.6,128.156286,37.974474,711.9466584,36.651,-28.383,33.485,0.9945104509020349
107.7,128.156432,37.974629,697.6381272,31.477,-26.248,35.476,0.9945104509020349
107.8,128.156584,37.974786,683.7365040000001,27.258,-24.028,37.152,0.9945104509020349
107.9,128.156742,37.974944,670.313112,23.841,-21.898,38.493,0.9945104509020349
108.0,128.156904,37.975102,657.426168,21.06,-19.865,39.572,0.9945104509020349
108.1,128.157071,37.975263,645.1235256,18.777,-17.905,40.455,0.9945104509020349
108.2,128.157243,37.975424,633.4451136,16.89,-15.997,41.191,0.9945104509020349
108.3,128.15742,37.975586,622.4924304,13.594,-14.091,41.675,0.9945104509020349
108.4,128.157602,37.97575,612.3764232,7.753,-13.256,41.708,0.9945104509020349
108.5,128.157786,37.975915,603.0916056,-1.023,-14.12,41.358,0.9945104509020349
108.6,128.157972,37.976081,594.5117904,-12.363,-14.592,41.057,0.9945104509020349
108.7,128.158158,37.97625,586.4989032000001,-25.679,-15.031,40.807,0.9945104509020349
108.8,128.158343,37.976421,578.9112120000001,-40.442,-15.445,40.633,0.9945104509020349
108.9,128.158526,37.976595,571.6045464,-56.17,-15.826,40.547,0.9945104509020349
109.0,128.158706,37.976771,564.4399176000001,-72.566,-16.169,40.552,0.9945104509020349
109.1,128.158884,37.976948,557.2935768000001,-89.472,-16.449,40.643,0.9945104509020349
109.2,128.159059,37.977127,550.0631112000001,-106.548,-16.639,40.796,0.9945104509020349
109.3,128.159232,37.977306,542.6665296,-123.058,-16.686,40.943,0.9945104509020349
109.4,128.159404,37.977486,535.097736,-131.223,-16.156,40.717,0.9945104509020349
109.5,128.159577,37.977666,527.4826128000001,-129.772,-15.75,40.503,0.9945104509020349
109.6,128.159754,37.977846,519.9305832,-122.133,-15.413,40.352,0.9945104509020349
109.7,128.159936,37.978026,512.4468288,-110.88,-15.141,40.29,0.9945104509020349
109.8,128.160123,37.978205,504.9548448,-97.89,-14.926,40.319,0.9945104509020349
109.9,128.160313,37.978383,497.3790408,-84.359,-14.771,40.417,0.9945104509020349
110.0,128.160506,37.978562,489.6651624,-70.802,-14.595,40.226,0.9945104509020349
110.1,128.160702,37.97874,481.80040800000006,-57.213,-14.099,39.401,0.9945104509020349
110.2,128.160899,37.978921,473.87591280000004,-44.315,-13.112,38.217,0.9945104509020349
110.3,128.161094,37.979103,466.10320800000005,-34.291,-11.587,36.953,0.9945104509020349
110.4,128.161288,37.979289,458.6593824,-27.097,-9.623,35.836,0.9945104509020349
110.5,128.16148,37.979478,451.6855584,-21.893,-7.441,34.948,0.9945104509020349
110.6,128.161672,37.979671,445.2896352,-18.008,-5.324,34.329,0.9945104509020349
110.7,128.161862,37.979866,439.55299440000005,-15.011,-3.304,33.907,0.9945104509020349
110.8,128.162051,37.980063,434.52379440000004,-12.303,-1.346,33.662,0.9945104509020349
110.9,128.162239,37.980263,430.17460320000004,-7.942,0.564,33.578,0.9945104509020349
111.0,128.162427,37.980465,426.64928640000005,-4.788,2.403,33.574,0.9945104509020349
111.1,128.162614,37.980668,423.9743616,-2.9,4.247,33.682,0.9945104509020349
111.2,128.162801,37.980871,422.148,-1.633,6.085,33.842,0.9945104509020349
111.3,128.162987,37.981076,421.17264,-0.708,7.911,34.019,0.9945104509020349
111.4,128.163174,37.981281,421.04950080000003,-0.001,9.726,34.204,0.9945104509020349
111.5,128.16336,37.981485,421.7794968,0.561,11.533,34.394,0.9945104509020349
111.6,128.163546,37.98169,423.361104,1.026,13.332,34.586,0.9945104509020349
111.7,128.163731,37.981893,425.791884,1.422,15.126,34.777,0.9945104509020349
111.8,128.163915,37.982096,429.068484,1.773,16.915,34.966,0.9945104509020349
111.9,128.164099,37.982298,433.18694160000007,2.113,18.702,35.125,0.9945104509020349
112.0,128.164282,37.982499,438.14268480000004,2.418,20.489,35.256,0.9945104509020349
112.1,128.164464,37.982698,443.92931280000005,2.689,22.277,35.369,0.9945104509020349
112.2,128.164645,37.982895,450.53981519999996,2.925,24.066,35.486,0.9945104509020349
112.3,128.164824,37.983091,457.9653528,3.153,25.856,35.61,0.9945104509020349
112.4,128.165002,37.983284,466.1980008,3.373,27.648,35.742,0.9945104509020349
112.5,128.165178,37.983475,475.227396,3.589,29.443,35.883,0.9945104509020349
112.6,128.165353,37.983663,485.04348,3.8,31.242,36.032,0.9945104509020349
112.7,128.165526,37.983848,495.6343656,4.012,33.044,36.192,0.9945104509020349
112.8,128.165696,37.98403,506.9771928,4.214,34.52,36.337,0.9945104509020349
112.9,128.165865,37.98421,519.0201456,4.419,35.432,36.442,0.9945104509020349
113.0,128.166032,37.984386,531.6998256,4.662,36.064,36.551,0.9945104509020349
113.1,128.166197,37.98456,544.9430808000001,5.058,36.475,36.689,0.9945104509020349
113.2,128.16636,37.984732,558.6782832,5.782,36.74,36.84,0.9945104509020349
113.3,128.166522,37.984902,572.84874,6.728,36.842,36.967,0.9945104509020349
113.4,128.166683,37.98507,587.3928816,7.754,36.749,37.079,0.9945104509020349
113.5,128.166843,37.985236,602.2719984,8.62,36.884,37.214,0.9945104509020349
113.6,128.167003,37.985401,617.428788,9.289,36.656,37.283,0.9945104509020349
113.7,128.167162,37.985564,632.813568,10.508,36.894,37.453,0.9945104509020349
113.8,128.167321,37.985727,648.4095744,11.444,36.649,37.515,0.9945104509020349
113.9,128.167479,37.985888,664.177488,12.66,36.684,37.639,0.9945104509020349
114.0,128.167638,37.986049,680.0889624,13.999,36.682,37.749,0.9945104509020349
114.1,128.167797,37.986209,696.1281480000001,15.327,36.665,37.849,0.9945104509020349
114.2,128.167955,37.986369,712.2782808000001,16.653,36.663,37.949,0.9945104509020349
114.3,128.168114,37.986528,728.523816,17.497,36.655,37.93,0.9945104509020349
114.4,128.168272,37.986686,744.9217512,13.379,36.548,37.518,0.9945104509020349
114.5,128.16843,37.986841,761.5455432,5.145,36.42,37.212,0.9945104509020349
114.6,128.168585,37.986995,778.3665408,-5.548,36.274,36.978,0.9945104509020349
114.7,128.168739,37.987147,795.3460344,-17.622,36.112,36.824,0.9945104509020349
114.8,128.16889,37.987298,812.4459240000001,-30.324,35.945,36.752,0.9945104509020349
114.9,128.169038,37.987449,829.6247568,-43.136,35.786,36.758,0.9945081885662268
115.0,128.169183,37.9876,846.8368128,-55.734,35.65,36.829,0.9943524537316468
115.1,128.169325,37.987752,864.0318000000001,-67.937,35.544,36.949,0.9939598881999673
115.2,128.169463,37.987905,881.1572928,-79.67,35.475,37.101,0.9937780665410915
115.3,128.169599,37.98806,898.1611704000001,-90.927,35.443,37.27,0.9937780665410915
115.4,128.169732,37.988216,914.9949696000001,-101.758,35.45,37.437,0.9937780665410915
115.5,128.169864,37.988374,931.6151040000001,-112.218,35.49,37.592,0.9937780665410915
115.6,128.169993,37.988533,947.9849976,-122.36,35.559,37.726,0.9937780665410915
115.7,128.170122,37.988694,964.0753896,-132.223,35.652,37.833,0.9937780665410915
115.8,128.170249,37.988857,979.8649440000002,-141.833,35.763,37.906,0.9937780665410915
115.9,128.170377,37.98902,995.3393352,-151.205,35.886,37.943,0.9937780665410915
116.0,128.170505,37.989185,1010.4918576000001,-160.346,36.014,37.94,0.9937780665410915
116.1,128.170634,37.989351,1025.3219016,-169.255,36.141,37.898,0.9937780665410915
116.2,128.170763,37.989518,1039.834344,-177.929,36.261,37.816,0.9937780665410915
116.3,128.170895,37.989685,1054.0392432,173.63,36.369,37.695,0.9937780665410915
116.4,128.171027,37.989852,1067.9497056,165.427,36.457,37.537,0.9937780665410915
116.5,128.171162,37.990019,1081.5828000000001,157.465,36.521,37.346,0.9937780665410915
116.6,128.171299,37.990185,1094.9580336000001,149.737,36.557,37.129,0.9937780665410915
116.7,128.171438,37.990351,1108.095828,142.236,36.562,36.894,0.9937780665410915
116.8,128.171579,37.990516,1121.0190432000002,134.945,36.535,36.648,0.9937780665410915
116.9,128.171722,37.990681,1133.7502344,127.846,36.474,36.397,0.9937780665410915
117.0,128.171868,37.990844,1146.3168336,121.155,36.343,36.121,0.9937780665410915
117.1,128.172015,37.991006,1158.8035752,120.708,35.56,35.389,0.9937780665410915
117.2,128.172161,37.991168,1171.3214064000001,127.545,34.524,34.466,0.9937780665410915
117.3,128.172304,37.991331,1184.0044392,139.466,33.662,33.515,0.9937780665410915
117.4,128.172445,37.991495,1196.9139384,152.347,33.432,33.17,0.9937780665410915
117.5,128.172585,37.991659,1209.9212784000001,158.228,33.646,33.474,0.9937780665410915
117.6,128.172725,37.991824,1222.8435792,157.582,33.811,33.719,0.9937780665410915
117.7,128.172866,37.991988,1235.602812,156.099,33.784,33.399,0.9937780665410915
117.8,128.173007,37.992152,1248.3696648,160.517,33.72,32.947,0.9930042524129639
117.9,128.173146,37.992316,1261.3392096000002,169.181,33.709,32.578,0.9906607966905773
118.0,128.173284,37.99248,1274.5663104,176.837,33.795,32.828,0.9906607966905773
118.1,128.173421,37.992644,1287.8586384,177.391,33.889,33.196,0.9906607966905773
118.2,128.173559,37.992807,1301.2174128000001,178.942,33.964,32.822,0.9906607966905773
118.3,128.173696,37.99297,1314.8139312000003,-175.02,34.047,32.534,0.9906607966905773
118.4,128.173832,37.993133,1328.6689199999998,-166.14,34.146,32.312,0.9906607966905773
118.5,128.173969,37.993295,1342.7439744000003,-155.556,34.273,32.162,0.9906607966905773
118.6,128.174106,37.993456,1356.9964224,-144.041,34.418,32.08,0.9906607966905773
118.7,128.174245,37.993616,1371.3814584000002,-132.036,34.58,32.062,0.9906607966905773
118.8,128.174384,37.993776,1385.85702,-119.681,34.755,32.108,0.9906607966905773
118.9,128.174526,37.993936,1400.3850072000002,-107.008,34.934,32.218,0.9906607966905773
119.0,128.174668,37.994096,1414.9343304,-94.001,35.107,32.393,0.9906607966905773
119.1,128.174812,37.994257,1429.4806056,-80.618,35.265,32.631,0.9906607966905773
119.2,128.174958,37.994417,1444.0058496,-66.809,35.394,32.934,0.9906607966905773
119.3,128.175104,37.994578,1458.4978704,-52.518,35.482,33.295,0.9885289217472151
119.4,128.175252,37.994739,1472.9469144,-37.688,35.514,33.708,0.982342265711362
119.5,128.175401,37.994901,1487.346276,-22.272,35.473,34.158,0.9760384895446476
119.6,128.17555,37.995064,1501.68864,-6.235,35.347,34.623,0.9693890607093112
119.7,128.175701,37.995228,1515.965472,10.44,35.125,35.072,0.9624733565501072
119.8,128.175852,37.995393,1530.1694568,27.761,34.805,35.467,0.9551617507074245
119.9,128.176004,37.995559,1544.2960224,45.714,34.397,35.762,0.9475062483702829
120.0,128.176155,37.995726,1558.3512648,64.18,33.935,35.911,0.9395223724691416
120.1,128.176307,37.995895,1572.35652,82.768,33.472,35.887,0.9312204088061912
120.2,128.176458,37.996065,1586.3398296,101.318,33.052,35.712,0.9226229364972112
120.3,128.176608,37.996236,1600.3414272,119.769,32.714,35.421,0.9137524759102145
120.4,128.176756,37.996408,1614.4103856000002,138.085,32.482,35.054,0.9046271707198845
120.5,128.176904,37.996581,1628.5933392000002,156.287,32.367,34.657,0.8962944248341984
120.6,128.177051,37.996755,1642.9253400000002,174.336,32.366,34.28,0.8888941390769629
120.7,128.177198,37.996928,1657.4249808000002,-167.814,32.462,33.96,0.8814378640519707
120.8,128.177345,37.997101,1672.0852512000001,-150.24,32.629,33.729,0.8739264064531775
120.9,128.177493,37.997273,1686.871404,-133.131,32.836,33.605,0.8663641138750645
121.0,128.177643,37.997445,1701.7398528,-116.543,33.06,33.59,0.8577892294030129
121.1,128.177794,37.997616,1716.6454872,-100.384,33.278,33.682,0.8471415369025626
121.2,128.177948,37.997788,1731.5492928,-84.525,33.465,33.874,0.8362978590860808
121.3,128.178103,37.997959,1746.4204848,-68.828,33.601,34.153,0.8274665704664341
121.4,128.178259,37.998131,1761.2377272,-53.156,33.668,34.498,0.8196692283723283
121.5,128.178418,37.998303,1775.9866944,-37.382,33.652,34.885,0.8118332402775386
121.6,128.178577,37.998476,1790.6597664000003,-21.392,33.544,35.286,0.8092127460617079
121.7,128.178737,37.99865,1805.2520664,-5.091,33.344,35.668,0.8092127460617079
121.8,128.178899,37.998825,1819.7596320000002,11.593,33.057,35.999,0.8092127460617079
121.9,128.179061,37.999,1834.1809392000002,28.707,32.696,36.248,0.80389666845078
122.0,128.179223,37.999177,1848.515988,46.274,32.285,36.39,0.7919196215900124
122.1,128.179386,37.999355,1862.7717888000002,64.293,31.853,36.409,0.7798489574188179
122.2,128.179548,37.999534,1876.9663248,82.598,31.444,36.299,0.7711346749527404
122.3,128.17971,37.999715,1891.1273328,100.939,31.091,36.082,0.7657696034336533
122.4,128.179872,37.999896,1905.2892552,119.245,30.814,35.789,0.7657696034336533
122.5,128.180032,38.000079,1919.4935448,137.469,30.628,35.453,0.7657696034336533
122.6,128.180192,38.000262,1933.7813496,155.592,30.536,35.104,0.7617253930789485
122.7,128.180351,38.000446,1948.1837592000002,173.612,30.539,34.774,0.7493546384679923
122.8,128.18051,38.000629,1962.7166232000002,-168.506,30.626,34.494,0.7391153040885236
122.9,128.18067,38.000813,1977.3735408,-150.829,30.779,34.294,0.7295899268288043
123.0,128.180831,38.000996,1992.1273848,-133.516,30.973,34.195,0.7172094288638216
123.1,128.180993,38.001178,2006.9397504,-116.624,31.184,34.204,0.7091179409059346
123.2,128.181156,38.001361,2021.7713184000002,-100.106,31.381,34.323,0.7010317791074047
123.3,128.181322,38.001544,2036.5867320000002,-83.894,31.54,34.517,0.6996849114568782
123.4,128.181488,38.001726,2051.3600832,-68.841,32.028,32.988,0.6996849114568782
123.5,128.181653,38.00191,2066.1328248,-55.203,33.567,29.523,0.6996849114568782
123.6,128.181816,38.002095,2080.9753656,-40.1,34.221,28.873,0.6970032764433519
123.7,128.181978,38.00228,2095.8660648,-22.525,32.903,30.62,0.6862220922698199
123.8,128.182139,38.002466,2110.7881584,-8.375,33.018,30.956,0.6741019514828392
123.9,128.182299,38.002651,2125.9348896,-2.767,36.518,30.529,0.6660829569992972
124.0,128.182456,38.002834,2141.4421992000002,4.735,39.657,31.196,0.6607420353454644
124.1,128.182613,38.003016,2157.157992,16.406,38.73,31.691,0.6607420353454644
124.2,128.182769,38.003198,2172.9304776000004,31.403,36.597,31.923,0.6607420353454644
124.3,128.182925,38.003381,2188.6837608,48.891,35.897,32.959,0.6607420353454644
124.4,128.183083,38.003563,2204.4638664000004,61.074,37.153,35.374,0.6594135488718635
124.5,128.183242,38.003742,2220.4000296,67.043,38.752,39.523,0.6507996605885881
124.6,128.183407,38.003916,2236.5394944,67.511,39.6,42.492,0.6468223174566111
124.7,128.183576,38.004084,2252.8782984,66.917,40.262,45.266,0.6468223174566111
124.8,128.183748,38.004247,2269.4091264000003,66.528,40.946,47.783,0.6388900702590019
124.9,128.183925,38.004405,2286.1459992,67.382,40.973,49.437,0.6322813490194238
125.0,128.184104,38.004559,2302.9825416,72.419,40.039,48.226,0.6322813490194238
125.1,128.184285,38.004712,2319.8392008,81.775,39.415,47.633,0.6322813490194238
125.2,128.184468,38.004864,2336.6964696,88.464,39.377,49.929,0.6276770991198136
125.3,128.184654,38.005012,2353.5445944000003,96.427,38.857,53.992,0.6191023574646219
125.4,128.184845,38.005157,2370.3287112000003,99.369,38.535,56.714,0.6105166099422913
125.5,128.185042,38.005296,2387.0037096,99.552,38.032,59.171,0.5987071720840687
125.6,128.185244,38.005429,2403.5686752,100.519,37.382,61.213,0.5868448912579844
125.7,128.18545,38.00556,2420.0351904,104.969,36.855,60.393,0.5749154222203702
125.8,128.185659,38.005688,2436.4288584,113.885,36.422,58.967,0.5649222595331033
125.9,128.185869,38.005817,2452.7682720000003,126.896,35.883,57.934,0.5569035960976869
126.0,128.186081,38.005945,2469.0290472,139.369,35.252,57.831,0.5488701407771223
126.1,128.186295,38.006071,2485.0453728,146.553,32.851,60.062,0.5408232673402597
126.2,128.186514,38.006197,2500.6337592,149.442,30.295,61.565,0.5367942131042293
126.3,128.186737,38.006321,2515.8600432000003,155.779,30.391,60.475,0.5367942131042293
126.4,128.186961,38.006445,2530.9598352000003,166.619,31.303,58.81,0.5367942131042293
126.5,128.187186,38.006569,2546.0745624000006,-178.697,31.332,57.646,0.5367942131042293
126.6,128.187411,38.006693,2561.2532976,-161.326,31.525,56.943,0.5367942131042293
126.7,128.187637,38.006817,2576.4679992,-145.332,31.284,56.747,0.5367942131042293
126.8,128.187863,38.006942,2591.4909816,-139.211,28.855,54.889,0.5367942131042293
126.9,128.18809,38.007069,2606.0817576000004,-140.318,25.651,52.051,0.5367942131042293
127.0,128.188316,38.007201,2620.15224,-139.622,24.87,50.742,0.5367942131042293
127.1,128.188541,38.007335,2633.917008,-132.513,26.343,51.65,0.5367942131042293
127.2,128.188768,38.00747,2647.58424,-121.627,27.193,52.079,0.5367942131042293
127.3,128.188995,38.007605,2661.2295264,-108.285,27.574,52.121,0.5367942131042293
127.4,128.189224,38.007739,2674.845552,-93.298,27.914,52.282,0.5367942131042293
127.5,128.189454,38.007873,2688.4143336,-79.116,28.043,52.287,0.5367942131042293
127.6,128.189684,38.008009,2701.923984,-74.488,28.386,49.72,0.5367942131042293
127.7,128.189911,38.008147,2715.4257096,-73.469,29.55,45.649,0.5367942131042293
127.8,128.190135,38.008287,2728.9484664,-66.876,30.149,44.504,0.5367942131042293
127.9,128.190359,38.008428,2742.4718328000004,-55.525,29.676,46.51,0.5367942131042293
128.0,128.190582,38.00857,2756.0095248000002,-46.015,29.416,46.989,0.5367942131042293
128.1,128.190802,38.008714,2769.6349992,-42.215,31.61,44.76,0.5313888029336737
128.2,128.19102,38.008858,2783.4189696,-34.896,34.424,42.539,0.5232895952469678
128.3,128.191236,38.009004,2797.3717992,-24.13,34.577,42.841,0.5152011250678032
128.4,128.19145,38.00915,2811.5053752000003,-17.784,32.966,43.682,0.5071258374029126
128.5,128.191661,38.009295,2825.8901064,-17.02,33.578,43.512,0.49906449510397904
128.6,128.191866,38.00944,2840.7091776,-20.61,36.929,42.189,0.491015975244483
128.7,128.192067,38.009584,2856.0339120000003,-25.367,39.598,40.984,0.4822968644656373
128.8,128.192261,38.009728,2871.7914624000005,-28.503,41.338,39.961,0.47019606560718913
128.9,128.19245,38.009871,2887.9833528000004,-31.973,42.897,38.768,0.4615026917934722
129.0,128.192633,38.010014,2904.5693496,-34.526,44.336,37.497,0.45349288928238407
129.1,128.19281,38.010157,2921.5412232000003,-36.352,45.659,36.121,0.4454890793627622
129.2,128.192981,38.010299,2938.892268,-37.893,46.91,34.675,0.4454890793627622
129.3,128.193145,38.010442,2956.6127304,-39.342,48.114,33.16,0.4454890793627622
129.4,128.193302,38.010584,2974.689504,-40.779,49.283,31.568,0.4454890793627622
129.5,128.193452,38.010725,2993.1140544,-42.831,50.24,29.972,0.4454890793627622
129.6,128.193594,38.010866,3011.8741896000006,-47.099,49.699,30.145,0.4454890793627622
129.7,128.193729,38.011006,3030.9150456,-54.471,48.857,30.764,0.4454890793627622
129.8,128.193857,38.011147,3050.1336,-64.998,48.21,31.113,0.4454890793627622
129.9,128.193978,38.011289,3069.4250016,-78.014,47.651,31.414,0.4454890793627622
130.0,128.194096,38.011432,3088.6941528,-92.95,47.181,31.727,0.4454890793627622
130.1,128.194209,38.011577,3107.8639392000005,-109.242,46.81,32.066,0.4454890793627622
130.2,128.194321,38.011723,3126.8727912000004,-126.487,46.542,32.445,0.4454890793627622
130.3,128.194431,38.011871,3145.6819992,-144.313,46.396,32.824,0.4454890793627622
130.4,128.19454,38.01202,3164.2732752,-162.124,46.372,33.14,0.4454890793627622
130.5,128.19465,38.01217,3182.6341224000003,-179.425,46.434,33.347,0.4454890793627622
130.6,128.194761,38.01232,3200.7624072000003,164.229,46.539,33.414,0.4454890793627622
130.7,128.194873,38.012471,3218.6648352000007,149.185,46.642,33.349,0.4454890793627622
130.8,128.194987,38.012622,3236.3551224000003,135.598,46.714,33.186,0.4454890793627622
130.9,128.195103,38.012772,3253.8555192000003,123.46,46.741,32.965,0.4454890793627622
131.0,128.195221,38.012922,3271.1934576000003,112.645,46.722,32.719,0.4454890793627622
131.1,128.195342,38.01307,3288.3978936000003,102.95,46.656,32.471,0.4454890793627622
131.2,128.195465,38.013217,3305.4983928,94.174,46.551,32.237,0.4454890793627622
131.3,128.195591,38.013363,3322.5229968,86.126,46.414,32.026,0.4454890793627622
131.4,128.195718,38.013506,3339.4963944,78.64,46.253,31.844,0.4454890793627622
131.5,128.195847,38.013648,3356.4414456000004,71.575,46.075,31.694,0.4454890793627622
131.6,128.195978,38.013789,3373.3807056000005,65.467,45.783,31.639,0.4454890793627622
131.7,128.196109,38.013928,3390.3135647999998,65.871,44.912,31.978,0.4454890793627622
131.8,128.196239,38.014067,3407.2071048000003,72.474,43.836,32.42,0.4454890793627622
131.9,128.196368,38.014208,3424.0460856,83.377,42.771,32.697,0.4454890793627622
132.0,128.196495,38.014352,3440.8475760000006,97.138,41.97,32.689,0.4454890793627622
132.1,128.196621,38.014496,3457.639008,111.499,41.783,32.575,0.4454890793627622
132.2,128.196745,38.014642,3474.4155048000002,119.67,42.14,32.608,0.4454890793627622
132.3,128.19687,38.014787,3491.1316512,122.927,42.272,32.513,0.4454890793627622
132.4,128.196994,38.014933,3507.8310336,128.568,42.021,32.099,0.4454890793627622
132.5,128.197117,38.01508,3524.5965576000003,136.819,41.917,31.82,0.4454890793627622
132.6,128.197238,38.015227,3541.3934760000006,141.182,42.216,32.072,0.4454890793627622
132.7,128.19736,38.015374,3558.1797264,143.113,42.232,31.857,0.4454890793627622
132.8,128.19748,38.015521,3575.0464440000005,148.492,42.12,31.408,0.4454890793627622
132.9,128.197598,38.015668,3592.0369104,156.776,42.063,31.015,0.4454890793627622
133.0,128.197715,38.015816,3609.1508208000005,166.976,42.068,30.664,0.4454890793627622
133.1,128.197831,38.015963,3626.3848224000003,178.388,42.134,30.364,0.4454890793627622
133.2,128.197947,38.01611,3643.7294664,-169.484,42.25,30.122,0.4454890793627622
133.3,128.198063,38.016257,3661.1695128,-156.964,42.405,29.944,0.4454890793627622
133.4,128.198179,38.016403,3678.6860640000004,-144.198,42.594,29.833,0.4454890793627622
133.5,128.198296,38.016549,3696.2580888,-131.24,42.805,29.796,0.4454890793627622
133.6,128.198413,38.016694,3713.8636416000004,-118.101,43.027,29.835,0.4454890793627622
133.7,128.198532,38.01684,3731.4826056000006,-104.766,43.249,29.954,0.4454890793627622
133.8,128.198651,38.016985,3749.0973024000004,-91.201,43.458,30.154,0.4454890793627622
133.9,128.198772,38.017131,3766.6921872000003,-77.362,43.64,30.437,0.4454890793627622
134.0,128.198893,38.017277,3784.2556776,-63.202,43.781,30.796,0.4454890793627622
134.1,128.199016,38.017423,3801.7783248,-48.678,43.867,31.223,0.4454890793627622
134.2,128.199139,38.01757,3819.2528136,-33.748,43.883,31.699,0.4454890793627622
134.3,128.199263,38.017717,3836.673048,-18.381,43.816,32.201,0.4454890793627622
134.4,128.199388,38.017865,3854.0341512,-2.559,43.658,32.699,0.4454890793627622
134.5,128.199514,38.018014,3871.3306368000003,13.719,43.407,33.157,0.4454890793627622
134.6,128.19964,38.018163,3888.5588472,30.446,43.069,33.533,0.4454890793627622
134.7,128.199766,38.018314,3905.717868,47.597,42.662,33.789,0.4454890793627622
134.8,128.199892,38.018465,3922.8116616,65.134,42.213,33.895,0.4454890793627622
134.9,128.200018,38.018618,3939.8527248,83.005,41.763,33.838,0.4454890793627622
135.0,128.200144,38.018772,3956.8630032000005,101.095,41.357,33.625,0.4454890793627622
135.1,128.200268,38.018926,3973.8684048000005,118.992,41.053,33.322,0.4454890793627622
135.2,128.200393,38.019081,3990.8381448,132.227,40.486,34.418,0.4454890793627622
135.3,128.20052,38.019236,4007.635368,139.762,38.209,37.458,0.4454890793627622
135.4,128.200651,38.019391,4024.1012736000002,142.323,35.634,40.234,0.4454890793627622
135.5,128.200787,38.019545,4040.2273272,143.827,33.466,41.873,0.4454890793627622
135.6,128.200925,38.0197,4056.1013112,148.223,32.946,41.584,0.4454890793627622
135.7,128.201065,38.019854,4071.8390496,155.909,33.088,40.76,0.4454890793627622
135.8,128.201206,38.02001,4087.4862624000007,166.602,33.184,40.012,0.4454890793627622
135.9,128.201348,38.020166,4103.0783064,179.735,33.35,39.301,0.4454890793627622
136.0,128.201491,38.020322,4118.6508432,-165.145,33.608,38.659,0.4454890793627622
136.1,128.201634,38.020478,4134.2361816,-148.459,33.952,38.139,0.4454890793627622
136.2,128.201778,38.020634,4149.8510856,-130.644,34.352,37.786,0.4454890793627622
136.3,128.201924,38.020789,4165.483972800001,-112.29,34.748,37.629,0.4454890793627622
136.4,128.202071,38.020945,4181.1080208,-93.916,35.102,37.65,0.4454890793627622
136.5,128.20222,38.021099,4196.690616,-75.726,35.381,37.809,0.4454890793627622
136.6,128.202372,38.021254,4212.195487200001,-57.848,35.562,38.059,0.4454890793627622
136.7,128.202525,38.021409,4227.5945928,-40.472,35.634,38.355,0.4454890793627622
136.8,128.20268,38.021564,4242.8836656,-25.083,35.668,38.437,0.4454890793627622
136.9,128.202835,38.021719,4258.159632,-17.595,37.226,37.424,0.4454890793627622
137.0,128.202988,38.021874,4273.556604,-13.356,40.433,36.294,0.4454890793627622
137.1,128.20314,38.022029,4289.089212000001,-7.021,43.219,35.869,0.4454890793627622
137.2,128.203291,38.022183,4304.7888504,1.88,45.523,36.057,0.4454890793627622
137.3,128.20344,38.022336,4320.703372800001,12.837,47.437,36.888,0.4454890793627622
137.4,128.203589,38.022486,4336.85442,24.641,48.509,38.079,0.4454890793627622
137.5,128.203737,38.022635,4353.164268,37.449,47.684,38.672,0.4454890793627622
137.6,128.203886,38.022784,4369.577748000001,52.099,46.385,39.479,0.4454890793627622
137.7,128.204035,38.022931,4386.0393864,68.695,44.622,40.458,0.4454890793627622
137.8,128.204184,38.023079,4402.507730400001,86.764,42.406,41.068,0.4454890793627622
137.9,128.204333,38.023227,4418.9602248,105.547,40.105,40.911,0.4454890793627622
138.0,128.204483,38.023376,4435.3621224,121.959,38.329,40.8,0.4454890793627622
138.1,128.204634,38.023524,4451.5930272000005,134.132,36.443,43.182,0.4454890793627622
138.2,128.204789,38.023671,4467.5672904,143.549,34.084,45.543,0.4454890793627622
138.3,128.204947,38.023819,4483.325450400001,153.816,33.159,45.703,0.4454890793627622
138.4,128.205106,38.023967,4498.9784544,165.795,33.396,44.873,0.4454890793627622
138.5,128.205266,38.024115,4514.5839096,179.983,33.589,44.128,0.4454890793627622
138.6,128.205426,38.024263,4530.18144,-164.008,33.852,43.486,0.4454890793627622
138.7,128.205587,38.024411,4545.801830400001,-146.615,34.191,42.984,0.4454890793627622
138.8,128.205749,38.024559,4561.4530056,-128.359,34.565,42.664,0.4454890793627622
138.9,128.205912,38.024706,4577.116982400001,-109.883,34.928,42.538,0.4454890793627622
139.0,128.206076,38.024852,4592.767852800001,-91.521,35.243,42.575,0.4454890793627622
139.1,128.206243,38.024998,4608.374832,-74.097,35.41,42.643,0.4454890793627622
139.2,128.20641,38.025145,4623.9171936,-64.211,35.566,40.972,0.4454890793627622
139.3,128.206576,38.025292,4639.415664,-58.329,37.181,37.343,0.4454890793627622
139.4,128.206741,38.02544,4654.9305936,-51.931,38.91,34.101,0.4454890793627622
139.5,128.206903,38.025589,4670.552203200001,-50.112,40.211,31.363,0.4454890793627622
139.6,128.20706,38.025738,4686.356388,-51.272,41.439,29.311,0.4454890793627622
139.7,128.207212,38.025888,4702.3087056,-48.828,41.75,29.474,0.4454890793627622
139.8,128.207361,38.026039,4718.4146424,-48.099,41.128,30.087,0.4454890793627622
139.9,128.207505,38.02619,4734.6921816,-50.91,40.582,30.492,0.4454890793627622
140.0,128.207644,38.026341,4751.1193776,-56.597,40.106,30.804,0.4454890793627622
140.1,128.207778,38.026493,4767.638318400001,-64.601,39.684,31.057,0.4334945272862038
140.2,128.207908,38.026646,4784.1889584,-74.464,39.307,31.287,0.42726879410998436
140.3,128.208035,38.0268,4800.7133856,-85.802,38.975,31.518,0.42726879410998436
140.4,128.208159,38.026956,4817.1585648,-97.875,38.733,31.194,0.42726879410998436
140.5,128.20828,38.027112,4833.4973688,-109.319,38.164,28.266,0.42726879410998436
140.6,128.208401,38.02727,4849.7404656,-117.482,36.938,24.321,0.42726879410998436
140.7,128.208519,38.02743,4865.8281144,-123.791,35.471,21.629,0.42726879410998436
140.8,128.208634,38.027593,4881.647844,-131.062,34.893,21.456,0.42726879410998436
140.9,128.208746,38.027758,4897.128636,-140.269,34.817,22.238,0.42726879410998436
141.0,128.208855,38.027926,4912.2595176,-151.807,34.748,22.977,0.42726879410998436
141.1,128.208964,38.028096,4927.0490232,-165.314,34.735,23.651,0.42726879410998436
141.2,128.209072,38.028268,4941.519403200001,179.654,34.799,24.234,0.42726879410998436
141.3,128.20918,38.028441,4955.7041856,163.466,34.951,24.705,0.42726879410998436
141.4,128.20929,38.028614,4969.6442136000005,146.487,35.17,25.019,0.42726879410998436
141.5,128.2094,38.028787,4983.379416000001,129.242,35.399,25.149,0.42726879410998436
141.6,128.209512,38.02896,4996.947588000001,112.339,35.578,25.115,0.42726879410998436
141.7,128.209625,38.029133,5010.3859152,96.306,35.663,24.974,0.42726879410998436
141.8,128.20974,38.029305,5023.7328024,81.492,35.648,24.795,0.42726879410998436
141.9,128.209856,38.029476,5037.030312,68.029,35.549,24.631,0.42726879410998436
142.0,128.209974,38.029645,5050.3202016000005,55.87,35.394,24.505,0.42726879410998436
142.1,128.210093,38.029813,5063.6420952,44.851,35.205,24.428,0.42726879410998436
142.2,128.210212,38.02998,5077.029216,34.762,35.001,24.395,0.42726879410998436
142.3,128.210332,38.030145,5090.5080816,25.381,34.794,24.398,0.42726879410998436
142.4,128.210452,38.030309,5104.0985040000005,16.502,34.592,24.426,0.42726879410998436
142.5,128.210572,38.030472,5117.7800615999995,11.607,34.281,25.004,0.42726879410998436
142.6,128.210692,38.030634,5131.4631432,12.53,33.942,25.883,0.42726879410998436
142.7,128.210811,38.030798,5145.052651200001,17.904,33.6,26.787,0.4256552162260752
142.8,128.210931,38.030963,5158.493112,26.586,33.241,27.539,0.41143981762307574
142.9,128.211051,38.031129,5171.787268800001,37.677,32.886,28.015,0.3926802081058658
143.0,128.21117,38.031297,5184.9485328,50.376,32.52,28.287,0.37390697656666205
143.1,128.21129,38.031466,5197.995192,64.143,32.134,28.423,0.35512836762250893
143.2,128.211408,38.031636,5210.947972800001,78.145,31.832,28.409,0.33635416480094593
143.3,128.211526,38.031807,5223.8397936,89.426,31.791,28.489,0.31759367474438704
143.4,128.211644,38.031979,5236.6840656,102.411,31.295,30.543,0.3048933677617447
143.5,128.211762,38.032151,5249.469206400001,116.423,30.111,34.109,0.2952204259071767
143.6,128.211883,38.032323,5262.118101600001,126.042,28.633,37.191,0.28877795238001935
143.7,128.212008,38.032494,5274.504868800001,131.383,26.904,39.55,0.28877795238001935
143.8,128.212138,38.032664,5286.5557464,134.145,25.081,41.413,0.28877795238001935
143.9,128.212273,38.032833,5298.2548848,135.834,23.268,42.958,0.28877795238001935
144.0,128.212412,38.033001,5309.5797288,137.097,21.536,44.302,0.28877795238001935
144.1,128.212556,38.033168,5320.5058944,138.155,19.91,45.54,0.28877795238001935
144.2,128.212705,38.033334,5331.0141792,138.973,18.35,46.696,0.28877795238001935
144.3,128.212858,38.033499,5341.121042400001,140.453,16.998,47.363,0.28877795238001935
144.4,128.213014,38.033663,5350.9218864,144.008,16.639,46.899,0.28877795238001935
144.5,128.213172,38.033827,5360.481024000001,149.778,16.64,46.098,0.28877795238001935
144.6,128.213332,38.033991,5369.8060752,156.232,16.563,45.457,0.28877795238001935
144.7,128.213494,38.034155,5378.899173600001,162.843,15.919,45.075,0.28877795238001935
144.8,128.213658,38.034319,5387.7624528,168.522,15.418,44.781,0.28877795238001935
144.9,128.213823,38.034483,5396.2532664,171.279,13.633,44.969,0.28877795238001935
145.0,128.213991,38.034648,5404.2250056,171.597,11.217,45.216,0.28877795238001935
145.1,128.21416,38.034813,5411.6956536,173.287,9.575,44.852,0.28877795238001935
145.2,128.214331,38.034977,5418.8163912,177.817,9.511,44.086,0.28877795238001935
145.3,128.214503,38.035143,5425.67622,-177.281,9.48,43.449,0.28877795238001935
145.4,128.214676,38.035309,5432.148647999999,-175.08,7.84,43.134,0.28877795238001935
145.5,128.214849,38.035475,5438.1806400000005,-172.517,5.734,42.479,0.28877795238001935
145.6,128.215024,38.035643,5443.9008216,-167.202,5.17,41.779,0.28877795238001935
145.7,128.215199,38.03581,5449.4177016,-159.427,5.546,41.182,0.28877795238001935
145.8,128.215374,38.035979,5454.7727328,-149.656,6.091,40.589,0.28877795238001935
145.9,128.21555,38.036148,5459.9308632,-141.916,5.773,39.912,0.28877795238001935
146.0,128.215725,38.036318,5464.763772,-137.677,3.962,38.396,0.28877795238001935
146.1,128.215898,38.03649,5469.1480152,-136.71,1.92,36.552,0.28877795238001935
146.2,128.216068,38.036665,5473.0113552,-137.951,0.089,34.75,0.28877795238001935
146.3,128.216236,38.036841,5476.367508,-139.113,-0.69,33.755,0.28877795238001935
146.4,128.216401,38.037019,5479.218912,-142.275,-0.581,33.894,0.28877795238001935
146.5,128.216563,38.037199,5481.585074400001,-147.414,-0.347,34.207,0.28877795238001935
146.6,128.216724,38.03738,5483.4873312,-154.282,-0.139,34.522,0.28877795238001935
146.7,128.216883,38.037562,5484.9467136,-162.6,0.045,34.817,0.28877795238001935
146.8,128.217042,38.037744,5485.9845576,-172.112,0.221,35.085,0.28877795238001935
146.9,128.2172,38.037927,5486.6267712,177.419,0.399,35.319,0.28877795238001935
147.0,128.217359,38.038109,5486.904444,166.233,0.581,35.508,0.28877795238001935
147.1,128.217518,38.038291,5486.854152000001,154.543,0.768,35.645,0.28877795238001935
147.2,128.217678,38.038473,5486.515824000001,142.505,0.956,35.723,0.287112419768459
147.3,128.217839,38.038653,5485.9318272,130.286,1.13,35.737,0.27709710905892865
147.4,128.218002,38.038833,5485.143614400001,118.068,1.273,35.69,0.26703738512882064
147.5,128.218166,38.039012,5484.1938576,106.025,1.369,35.594,0.2569382690809183
147.6,128.218332,38.03919,5483.124619200001,94.304,1.408,35.467,0.24680089028632016
147.7,128.2185,38.039366,5481.978876,83.006,1.388,35.326,0.23662831327503045
147.8,128.21867,38.039542,5480.7980808,72.185,1.315,35.188,0.22642438973248477
147.9,128.218841,38.039717,5479.624600800001,61.845,1.197,35.067,0.21790035430922278
148.0,128.219014,38.03989,5478.496536000001,51.957,1.046,34.967,0.21790035430922278
148.1,128.219189,38.040063,5477.4501576,42.465,0.871,34.894,0.21790035430922278
148.2,128.219365,38.040235,5476.5162504,33.297,0.681,34.847,0.21790035430922278
148.3,128.219541,38.040407,5475.695119200001,26.604,0.321,35.104,0.21790035430922278
148.4,128.219718,38.040579,5474.887704,25.355,-0.169,35.665,0.21790035430922278
148.5,128.219895,38.040751,5473.974828,28.607,-0.665,36.291,0.21790035430922278
148.6,128.220072,38.040925,5472.8845584,33.839,-1.041,36.679,0.21790035430922278
148.7,128.22025,38.041099,5471.7043728,36.574,-1.127,36.562,0.21790035430922278
148.8,128.220428,38.041272,5470.541865600001,36.462,-1.173,36.375,0.21790035430922278
148.9,128.220607,38.041446,5469.4192872,37.303,-1.498,36.558,0.21790035430922278
149.0,128.220786,38.04162,5468.222947200001,41.933,-1.938,36.881,0.21790035430922278
149.1,128.220965,38.041795,5466.8921904,47.382,-2.137,36.92,0.21790035430922278
149.2,128.221145,38.04197,5465.511751200001,49.581,-2.104,36.713,0.21790035430922278
149.3,128.221326,38.042144,5464.1608776,48.967,-2.094,36.529,0.21790035430922278
149.4,128.221507,38.042318,5462.822805600001,50.261,-2.489,36.692,0.21790035430922278
149.5,128.221689,38.042493,5461.394208,55.476,-2.964,36.906,0.21447920823145195
149.6,128.22187,38.042667,5459.8449096,60.43,-3.037,36.827,0.195278507869411
149.7,128.222053,38.042842,5458.250500800001,61.96,-2.921,36.624,0.179700490020799
149.8,128.222236,38.043016,5456.650910400001,62.147,-3.052,36.557,0.17799804415099915
149.9,128.222419,38.043191,5454.983959200001,65.941,-3.531,36.663,0.17727592638739126
150.0,128.222603,38.043365,5453.19204,71.613,-3.755,36.646,0.1729466405496719
150.1,128.222786,38.04354,5451.3184344,74.045,-3.585,36.475,0.16862637803163202
150.2,128.222971,38.043715,5449.4024616,74.832,-3.667,36.379,0.16431552542473984
150.3,128.223155,38.04389,5447.4051072,79.065,-4.128,36.374,0.16001396950585023
150.4,128.223339,38.044065,5445.288576,85.025,-4.298,36.303,0.15715191531043038
150.5,128.223523,38.044241,5443.0803000000005,87.474,-4.053,36.176,0.15715191531043038
150.6,128.223708,38.044416,5440.8040536,87.41,-3.991,36.064,0.15715191531043038
150.7,128.223893,38.044591,5438.4479496,90.438,-4.413,35.963,0.15715191531043038
150.8,128.224077,38.044767,5435.9888232,95.412,-4.556,35.859,0.15715191531043038
150.9,128.224262,38.044943,5433.438256800001,96.986,-4.285,35.783,0.15715191531043038
151.0,128.224447,38.045118,5430.8069184000005,96.163,-4.206,35.691,0.15715191531043038
151.1,128.224632,38.045294,5428.0975512,98.641,-4.614,35.532,0.15715191531043038
151.2,128.224816,38.045471,5425.296744,102.334,-4.643,35.434,0.15715191531043038
151.3,128.225,38.045647,5422.4063256,102.559,-4.374,35.4,0.15715191531043038
151.4,128.225185,38.045824,5419.4357448,101.418,-4.407,35.303,0.15715191531043038
151.5,128.22537,38.046,5416.3917071999995,104.122,-4.798,35.118,0.15715191531043038
151.6,128.225554,38.046177,5413.261411200001,106.054,-4.654,35.071,0.15715191531043038
151.7,128.225738,38.046354,5410.043028,104.706,-4.412,35.057,0.15715191531043038
151.8,128.225922,38.046531,5406.757284000001,104.488,-4.684,34.9,0.15715191531043038
151.9,128.226106,38.046708,5403.390768,106.095,-4.768,34.794,0.15715191531043038
152.0,128.22629,38.046885,5399.9407368,105.156,-4.594,34.767,0.15715191531043038
152.1,128.226474,38.047062,5396.429136,106.219,-4.927,34.592,0.15715191531043038
152.2,128.226658,38.047239,5392.8349344,107.014,-4.836,34.546,0.1564618563869953
152.3,128.226841,38.047416,5389.1739816,106.865,-4.912,34.448,0.1523253643139784
152.4,128.227025,38.047593,5385.442620000001,108.201,-4.992,34.35,0.1523253643139784
152.5,128.227208,38.04777,5381.6454216,108.784,-5.071,34.249,0.1523253643139784
152.6,128.22739,38.047948,5377.7817768,110.709,-5.14,34.155,0.1523253643139784
152.7,128.227572,38.048125,5373.8529048,111.019,-5.113,34.093,0.1523253643139784
152.8,128.227754,38.048303,5369.875874400001,113.759,-5.35,33.922,0.1487061251500303
152.9,128.227935,38.048481,5365.8290448,114.46,-5.158,33.94,0.13933529277271206
153.0,128.228116,38.048659,5361.720036000001,112.518,-4.991,33.944,0.1299830977622227
153.1,128.228296,38.048837,5357.564392800001,112.036,-5.189,33.784,0.12152128402960091
153.2,128.228476,38.049015,5353.343217600001,110.55,-5.083,33.752,0.11743029456198342
153.3,128.228655,38.049193,5349.081504,111.203,-5.394,33.552,0.11334354294507294
153.4,128.228834,38.049371,5344.7560872,111.26,-5.298,33.513,0.10492029512944655
153.5,128.229013,38.049549,5340.3895224,111.737,-5.51,33.347,0.09563969275319822
153.6,128.229191,38.049728,5335.967484000001,113.155,-5.531,33.26,0.08246201787165194
153.7,128.229368,38.049907,5331.4966776,113.287,-5.537,33.174,0.06540262084425431
153.8,128.229545,38.050086,5326.9874664,115.481,-5.719,33.007,0.04836606275483629
153.9,128.229721,38.050265,5322.420647999999,115.611,-5.551,33.005,0.03134286452305436
154.0,128.229897,38.050444,5317.8169488,115.103,-5.642,32.872,0.014329245502658955
154.1,128.230072,38.050623,5313.165396,115.401,-5.64,32.782,-0.0026779610003141636
